INSERT INTO delivery_boards (id, user_id, name, board_type, start_date, end_date, duration_weeks) VALUES ('a9c62019-c70e-40bd-a39b-824a71b0610d', 1, 'PLAYERW - PI1', 'agile', '2026-01-19', '2026-03-01', 6);
INSERT INTO delivery_tasks (id, title, type, status, increment_id, source) VALUES ('69be875f-bf7a-43cb-9842-32fa86eaaf9e', '[PLAYERW-10368]', 'feature', 'todo', 'a9c62019-c70e-40bd-a39b-824a71b0610d_s1', 'jira');
INSERT INTO delivery_positions (task_id, increment_id, start_col, end_col, row, row_span) VALUES ('69be875f-bf7a-43cb-9842-32fa86eaaf9e', 'a9c62019-c70e-40bd-a39b-824a71b0610d_s1', 0, 2, 0, 1);
INSERT INTO delivery_tasks (id, title, type, status, increment_id, source) VALUES ('1f3f0121-bb28-4712-be71-9fc4814d97ae', '[PLAYERW-9524]', 'feature', 'todo', 'a9c62019-c70e-40bd-a39b-824a71b0610d_s1', 'jira');
INSERT INTO delivery_positions (task_id, increment_id, start_col, end_col, row, row_span) VALUES ('1f3f0121-bb28-4712-be71-9fc4814d97ae', 'a9c62019-c70e-40bd-a39b-824a71b0610d_s1', 5, 6, 0, 1);
INSERT INTO delivery_tasks (id, title, type, status, increment_id, source) VALUES ('6131dfac-32cd-45ea-997f-bbf47d22f47f', '[PLAYERW-8746]', 'feature', 'todo', 'a9c62019-c70e-40bd-a39b-824a71b0610d_s1', 'jira');
INSERT INTO delivery_positions (task_id, increment_id, start_col, end_col, row, row_span) VALUES ('6131dfac-32cd-45ea-997f-bbf47d22f47f', 'a9c62019-c70e-40bd-a39b-824a71b0610d_s1', 5, 6, 1, 1);
INSERT INTO delivery_tasks (id, title, type, status, increment_id, source) VALUES ('c1e35ce1-470e-4d6c-882f-54ac2cd7b93a', '[PLAYERW-10082]', 'feature', 'todo', 'a9c62019-c70e-40bd-a39b-824a71b0610d_s1', 'jira');
INSERT INTO delivery_positions (task_id, increment_id, start_col, end_col, row, row_span) VALUES ('c1e35ce1-470e-4d6c-882f-54ac2cd7b93a', 'a9c62019-c70e-40bd-a39b-824a71b0610d_s1', 5, 6, 2, 1);
INSERT INTO delivery_tasks (id, title, type, status, increment_id, source) VALUES ('738be8c8-f9c6-49da-8841-1b4d8f45fd18', '[PLAYERW-10138]', 'feature', 'todo', 'a9c62019-c70e-40bd-a39b-824a71b0610d_s1', 'jira');
INSERT INTO delivery_positions (task_id, increment_id, start_col, end_col, row, row_span) VALUES ('738be8c8-f9c6-49da-8841-1b4d8f45fd18', 'a9c62019-c70e-40bd-a39b-824a71b0610d_s1', 5, 6, 3, 1);
INSERT INTO delivery_tasks (id, title, type, status, increment_id, source) VALUES ('d06aa3e0-c217-485c-a3f8-129e0a6e04aa', '[PLAYERW-10900]', 'feature', 'todo', 'a9c62019-c70e-40bd-a39b-824a71b0610d_s1', 'jira');
INSERT INTO delivery_positions (task_id, increment_id, start_col, end_col, row, row_span) VALUES ('d06aa3e0-c217-485c-a3f8-129e0a6e04aa', 'a9c62019-c70e-40bd-a39b-824a71b0610d_s1', 0, 2, 3, 1);
INSERT INTO delivery_boards (id, user_id, name, board_type, start_date, end_date, duration_weeks) VALUES ('e9829c94-48a8-4fd8-ad25-7117a60729b5', 1, 'ROADMAP_SFR - PI1', 'agile', '2026-01-19', '2026-03-01', 6);
INSERT INTO delivery_tasks (id, title, type, status, increment_id, source) VALUES ('04eb81f3-049a-4f0e-8763-1035a42e3733', '[TVSFR-429]', 'feature', 'todo', 'e9829c94-48a8-4fd8-ad25-7117a60729b5_s1', 'jira');
INSERT INTO delivery_positions (task_id, increment_id, start_col, end_col, row, row_span) VALUES ('04eb81f3-049a-4f0e-8763-1035a42e3733', 'e9829c94-48a8-4fd8-ad25-7117a60729b5_s1', 5, 6, 0, 1);
INSERT INTO delivery_tasks (id, title, type, status, increment_id, source) VALUES ('69c9d65d-deda-4f8d-bebe-0c87f67eca80', '[TVSFR-532]', 'feature', 'todo', 'e9829c94-48a8-4fd8-ad25-7117a60729b5_s1', 'jira');
INSERT INTO delivery_positions (task_id, increment_id, start_col, end_col, row, row_span) VALUES ('69c9d65d-deda-4f8d-bebe-0c87f67eca80', 'e9829c94-48a8-4fd8-ad25-7117a60729b5_s1', 4, 6, 0, 1);
INSERT INTO delivery_tasks (id, title, type, status, increment_id, source) VALUES ('69b5473c-905e-4d9e-b000-6e763ac4de0a', '[TVAPI-3553]', 'feature', 'todo', 'e9829c94-48a8-4fd8-ad25-7117a60729b5_s1', 'jira');
INSERT INTO delivery_positions (task_id, increment_id, start_col, end_col, row, row_span) VALUES ('69b5473c-905e-4d9e-b000-6e763ac4de0a', 'e9829c94-48a8-4fd8-ad25-7117a60729b5_s1', 2, 4, 0, 1);
INSERT INTO delivery_tasks (id, title, type, status, increment_id, source) VALUES ('5eeb0668-368d-4200-8962-e937187afe13', '[TVSFR-533]', 'feature', 'todo', 'e9829c94-48a8-4fd8-ad25-7117a60729b5_s1', 'jira');
INSERT INTO delivery_positions (task_id, increment_id, start_col, end_col, row, row_span) VALUES ('5eeb0668-368d-4200-8962-e937187afe13', 'e9829c94-48a8-4fd8-ad25-7117a60729b5_s1', 2, 4, 0, 1);
INSERT INTO delivery_tasks (id, title, type, status, increment_id, source) VALUES ('f27d1b1f-3782-434f-b6e7-ce6004a7cc02', '[TVSFR-515]', 'feature', 'todo', 'e9829c94-48a8-4fd8-ad25-7117a60729b5_s1', 'jira');
INSERT INTO delivery_positions (task_id, increment_id, start_col, end_col, row, row_span) VALUES ('f27d1b1f-3782-434f-b6e7-ce6004a7cc02', 'e9829c94-48a8-4fd8-ad25-7117a60729b5_s1', 5, 6, 0, 1);
INSERT INTO delivery_tasks (id, title, type, status, increment_id, source) VALUES ('89da8832-4e9d-407c-a442-1515354f66a8', '[TVSFR-438]', 'feature', 'todo', 'e9829c94-48a8-4fd8-ad25-7117a60729b5_s1', 'jira');
INSERT INTO delivery_positions (task_id, increment_id, start_col, end_col, row, row_span) VALUES ('89da8832-4e9d-407c-a442-1515354f66a8', 'e9829c94-48a8-4fd8-ad25-7117a60729b5_s1', 1, 2, 0, 1);
INSERT INTO delivery_tasks (id, title, type, status, increment_id, source) VALUES ('015e3b2b-659f-4145-8dda-29699bdb6dc3', '[TVSFR-519]', 'feature', 'todo', 'e9829c94-48a8-4fd8-ad25-7117a60729b5_s1', 'jira');
INSERT INTO delivery_positions (task_id, increment_id, start_col, end_col, row, row_span) VALUES ('015e3b2b-659f-4145-8dda-29699bdb6dc3', 'e9829c94-48a8-4fd8-ad25-7117a60729b5_s1', 3, 5, 0, 1);
INSERT INTO delivery_tasks (id, title, type, status, increment_id, source) VALUES ('2e70a2b9-9b29-49f5-8941-7926e34f4f88', '[TVAPPS-20339]', 'feature', 'todo', 'e9829c94-48a8-4fd8-ad25-7117a60729b5_s1', 'jira');
INSERT INTO delivery_positions (task_id, increment_id, start_col, end_col, row, row_span) VALUES ('2e70a2b9-9b29-49f5-8941-7926e34f4f88', 'e9829c94-48a8-4fd8-ad25-7117a60729b5_s1', 0, 2, 0, 1);
INSERT INTO delivery_tasks (id, title, type, status, increment_id, source) VALUES ('d9a3a251-8fd2-4c66-afe7-50ca33e48af6', '[TVSFR-534]', 'feature', 'todo', 'e9829c94-48a8-4fd8-ad25-7117a60729b5_s1', 'jira');
INSERT INTO delivery_positions (task_id, increment_id, start_col, end_col, row, row_span) VALUES ('d9a3a251-8fd2-4c66-afe7-50ca33e48af6', 'e9829c94-48a8-4fd8-ad25-7117a60729b5_s1', 4, 6, 0, 1);
INSERT INTO delivery_tasks (id, title, type, status, increment_id, source) VALUES ('90c320e7-0de7-4b31-8cc9-4dca7b30c062', '[PLAYERW-9524]', 'feature', 'todo', 'e9829c94-48a8-4fd8-ad25-7117a60729b5_s1', 'jira');
INSERT INTO delivery_positions (task_id, increment_id, start_col, end_col, row, row_span) VALUES ('90c320e7-0de7-4b31-8cc9-4dca7b30c062', 'e9829c94-48a8-4fd8-ad25-7117a60729b5_s1', 5, 6, 0, 1);
INSERT INTO delivery_tasks (id, title, type, status, increment_id, source) VALUES ('d0e9b586-99d9-49b2-bf81-24323b80d5c0', '[TVSFR-536]', 'feature', 'todo', 'e9829c94-48a8-4fd8-ad25-7117a60729b5_s1', 'jira');
INSERT INTO delivery_positions (task_id, increment_id, start_col, end_col, row, row_span) VALUES ('d0e9b586-99d9-49b2-bf81-24323b80d5c0', 'e9829c94-48a8-4fd8-ad25-7117a60729b5_s1', 4, 6, 0, 1);
INSERT INTO delivery_tasks (id, title, type, status, increment_id, source) VALUES ('f0d907a5-ddad-488b-a3be-55682992ec57', '[PLAYERW-10368]', 'feature', 'todo', 'e9829c94-48a8-4fd8-ad25-7117a60729b5_s1', 'jira');
INSERT INTO delivery_positions (task_id, increment_id, start_col, end_col, row, row_span) VALUES ('f0d907a5-ddad-488b-a3be-55682992ec57', 'e9829c94-48a8-4fd8-ad25-7117a60729b5_s1', 0, 2, 0, 1);
INSERT INTO delivery_tasks (id, title, type, status, increment_id, source) VALUES ('b754f2ce-325c-44b1-b7cd-c9238cadc99f', '[TVSFR-400]', 'feature', 'todo', 'e9829c94-48a8-4fd8-ad25-7117a60729b5_s1', 'jira');
INSERT INTO delivery_positions (task_id, increment_id, start_col, end_col, row, row_span) VALUES ('b754f2ce-325c-44b1-b7cd-c9238cadc99f', 'e9829c94-48a8-4fd8-ad25-7117a60729b5_s1', 4, 6, 1, 1);
INSERT INTO delivery_tasks (id, title, type, status, increment_id, source) VALUES ('4061c27d-0e8f-4375-bba7-33d5875a0b1e', '[TVSFR-373]', 'feature', 'todo', 'e9829c94-48a8-4fd8-ad25-7117a60729b5_s1', 'jira');
INSERT INTO delivery_positions (task_id, increment_id, start_col, end_col, row, row_span) VALUES ('4061c27d-0e8f-4375-bba7-33d5875a0b1e', 'e9829c94-48a8-4fd8-ad25-7117a60729b5_s1', 0, 1, 1, 1);
INSERT INTO delivery_tasks (id, title, type, status, increment_id, source) VALUES ('d1f2f330-b547-4c88-b050-c8a8c369018b', '[PLAYERW-8746]', 'feature', 'todo', 'e9829c94-48a8-4fd8-ad25-7117a60729b5_s1', 'jira');
INSERT INTO delivery_positions (task_id, increment_id, start_col, end_col, row, row_span) VALUES ('d1f2f330-b547-4c88-b050-c8a8c369018b', 'e9829c94-48a8-4fd8-ad25-7117a60729b5_s1', 5, 6, 1, 1);
INSERT INTO delivery_tasks (id, title, type, status, increment_id, source) VALUES ('bc4c5d2b-b933-4692-8ca2-ba36edca3179', '[TVSFR-517]', 'feature', 'todo', 'e9829c94-48a8-4fd8-ad25-7117a60729b5_s1', 'jira');
INSERT INTO delivery_positions (task_id, increment_id, start_col, end_col, row, row_span) VALUES ('bc4c5d2b-b933-4692-8ca2-ba36edca3179', 'e9829c94-48a8-4fd8-ad25-7117a60729b5_s1', 2, 3, 2, 1);
INSERT INTO delivery_tasks (id, title, type, status, increment_id, source) VALUES ('f057a5fe-ee1f-4a00-9377-f8947e372177', '[TVSFR-518]', 'feature', 'todo', 'e9829c94-48a8-4fd8-ad25-7117a60729b5_s1', 'jira');
INSERT INTO delivery_positions (task_id, increment_id, start_col, end_col, row, row_span) VALUES ('f057a5fe-ee1f-4a00-9377-f8947e372177', 'e9829c94-48a8-4fd8-ad25-7117a60729b5_s1', 4, 5, 2, 1);
INSERT INTO delivery_tasks (id, title, type, status, increment_id, source) VALUES ('c2258112-1c76-4a00-8d3b-75cc0fe86f63', '[TVSFR-436]', 'feature', 'todo', 'e9829c94-48a8-4fd8-ad25-7117a60729b5_s1', 'jira');
INSERT INTO delivery_positions (task_id, increment_id, start_col, end_col, row, row_span) VALUES ('c2258112-1c76-4a00-8d3b-75cc0fe86f63', 'e9829c94-48a8-4fd8-ad25-7117a60729b5_s1', 0, 1, 2, 1);
INSERT INTO delivery_tasks (id, title, type, status, increment_id, source) VALUES ('0833afcf-13a8-497b-9db1-b4d50cdd49a5', '[PLAYERW-10082]', 'feature', 'todo', 'e9829c94-48a8-4fd8-ad25-7117a60729b5_s1', 'jira');
INSERT INTO delivery_positions (task_id, increment_id, start_col, end_col, row, row_span) VALUES ('0833afcf-13a8-497b-9db1-b4d50cdd49a5', 'e9829c94-48a8-4fd8-ad25-7117a60729b5_s1', 5, 6, 2, 1);
INSERT INTO delivery_tasks (id, title, type, status, increment_id, source) VALUES ('7a8c0855-8cc2-4fce-9eff-b232005b9d13', '[PLAYERW-10900]', 'feature', 'todo', 'e9829c94-48a8-4fd8-ad25-7117a60729b5_s1', 'jira');
INSERT INTO delivery_positions (task_id, increment_id, start_col, end_col, row, row_span) VALUES ('7a8c0855-8cc2-4fce-9eff-b232005b9d13', 'e9829c94-48a8-4fd8-ad25-7117a60729b5_s1', 0, 2, 3, 1);
INSERT INTO delivery_tasks (id, title, type, status, increment_id, source) VALUES ('b57b0d10-1e89-4d22-baa5-2718b003730f', '[PLAYERW-10138]', 'feature', 'todo', 'e9829c94-48a8-4fd8-ad25-7117a60729b5_s1', 'jira');
INSERT INTO delivery_positions (task_id, increment_id, start_col, end_col, row, row_span) VALUES ('b57b0d10-1e89-4d22-baa5-2718b003730f', 'e9829c94-48a8-4fd8-ad25-7117a60729b5_s1', 5, 6, 3, 1);
INSERT INTO delivery_boards (id, user_id, name, board_type, start_date, end_date, duration_weeks) VALUES ('43f9872c-d6fe-4962-a3c0-e3888bf2b8ed', 1, 'ROADMAP_SFR - PI2', 'agile', '2026-03-02', '2026-04-12', 6);
INSERT INTO delivery_tasks (id, title, type, status, increment_id, source) VALUES ('e03de36f-2f73-423a-9579-c3ebe626b83e', '[TVSFR-536]', 'feature', 'todo', '43f9872c-d6fe-4962-a3c0-e3888bf2b8ed_s1', 'jira');
INSERT INTO delivery_positions (task_id, increment_id, start_col, end_col, row, row_span) VALUES ('e03de36f-2f73-423a-9579-c3ebe626b83e', '43f9872c-d6fe-4962-a3c0-e3888bf2b8ed_s1', 4, 6, 0, 1);
INSERT INTO delivery_tasks (id, title, type, status, increment_id, source) VALUES ('a46a884e-b9e9-464b-b7dc-1e2401ce1543', '[TVSFR-517]', 'feature', 'todo', '43f9872c-d6fe-4962-a3c0-e3888bf2b8ed_s1', 'jira');
INSERT INTO delivery_positions (task_id, increment_id, start_col, end_col, row, row_span) VALUES ('a46a884e-b9e9-464b-b7dc-1e2401ce1543', '43f9872c-d6fe-4962-a3c0-e3888bf2b8ed_s1', 2, 4, 0, 1);
INSERT INTO delivery_tasks (id, title, type, status, increment_id, source) VALUES ('0516d8f8-7e43-4e16-a9ae-97c492804556', '[TVSFR-519]', 'feature', 'todo', '43f9872c-d6fe-4962-a3c0-e3888bf2b8ed_s1', 'jira');
INSERT INTO delivery_positions (task_id, increment_id, start_col, end_col, row, row_span) VALUES ('0516d8f8-7e43-4e16-a9ae-97c492804556', '43f9872c-d6fe-4962-a3c0-e3888bf2b8ed_s1', 0, 2, 0, 1);
INSERT INTO delivery_tasks (id, title, type, status, increment_id, source) VALUES ('202adc85-d71e-4327-a968-e2b3e032aaf4', '[TVSFR-429]', 'feature', 'todo', '43f9872c-d6fe-4962-a3c0-e3888bf2b8ed_s1', 'jira');
INSERT INTO delivery_positions (task_id, increment_id, start_col, end_col, row, row_span) VALUES ('202adc85-d71e-4327-a968-e2b3e032aaf4', '43f9872c-d6fe-4962-a3c0-e3888bf2b8ed_s1', 2, 4, 0, 1);
INSERT INTO delivery_tasks (id, title, type, status, increment_id, source) VALUES ('a464e81f-d638-4892-b18a-8985b2843924', '[TVSFR-534]', 'feature', 'todo', '43f9872c-d6fe-4962-a3c0-e3888bf2b8ed_s1', 'jira');
INSERT INTO delivery_positions (task_id, increment_id, start_col, end_col, row, row_span) VALUES ('a464e81f-d638-4892-b18a-8985b2843924', '43f9872c-d6fe-4962-a3c0-e3888bf2b8ed_s1', 5, 6, 1, 1);
INSERT INTO delivery_tasks (id, title, type, status, increment_id, source) VALUES ('e17ce531-84bb-49ac-b969-16c9b1ccdcca', '[TVSFR-533]', 'feature', 'todo', '43f9872c-d6fe-4962-a3c0-e3888bf2b8ed_s1', 'jira');
INSERT INTO delivery_positions (task_id, increment_id, start_col, end_col, row, row_span) VALUES ('e17ce531-84bb-49ac-b969-16c9b1ccdcca', '43f9872c-d6fe-4962-a3c0-e3888bf2b8ed_s1', 2, 4, 1, 1);
INSERT INTO delivery_tasks (id, title, type, status, increment_id, source) VALUES ('13ed8b3c-95a7-414a-93fa-7ad6cd50a0a6', '[TVSFR-532]', 'feature', 'todo', '43f9872c-d6fe-4962-a3c0-e3888bf2b8ed_s1', 'jira');
INSERT INTO delivery_positions (task_id, increment_id, start_col, end_col, row, row_span) VALUES ('13ed8b3c-95a7-414a-93fa-7ad6cd50a0a6', '43f9872c-d6fe-4962-a3c0-e3888bf2b8ed_s1', 5, 6, 2, 1);
INSERT INTO delivery_boards (id, user_id, name, board_type, start_date, end_date, duration_weeks) VALUES ('ae845509-6a25-4abd-a2b2-a80b55daf89c', 1, 'TVAPI - PI1', 'agile', '2026-01-19', '2026-03-01', 6);
INSERT INTO delivery_tasks (id, title, type, status, increment_id, source) VALUES ('545fc80a-ae41-4a90-b6a4-920298b55c9d', '[TVAPI-3553]', 'feature', 'todo', 'ae845509-6a25-4abd-a2b2-a80b55daf89c_s1', 'jira');
INSERT INTO delivery_positions (task_id, increment_id, start_col, end_col, row, row_span) VALUES ('545fc80a-ae41-4a90-b6a4-920298b55c9d', 'ae845509-6a25-4abd-a2b2-a80b55daf89c_s1', 2, 4, 0, 1);
INSERT INTO delivery_boards (id, user_id, name, board_type, start_date, end_date, duration_weeks) VALUES ('e37b6878-551f-4fe8-9cc6-decbea47896a', 1, 'TVAPPS - PI1', 'agile', '2026-01-19', '2026-03-01', 6);
INSERT INTO delivery_tasks (id, title, type, status, increment_id, source) VALUES ('ae24a67a-8001-40dd-bf53-5500449c68c8', '[TVAPPS-20339]', 'feature', 'todo', 'e37b6878-551f-4fe8-9cc6-decbea47896a_s1', 'jira');
INSERT INTO delivery_positions (task_id, increment_id, start_col, end_col, row, row_span) VALUES ('ae24a67a-8001-40dd-bf53-5500449c68c8', 'e37b6878-551f-4fe8-9cc6-decbea47896a_s1', 0, 2, 0, 1);
INSERT INTO delivery_boards (id, user_id, name, board_type, start_date, end_date, duration_weeks) VALUES ('623e38d4-3b8b-49d0-95ed-8cc54028063a', 1, 'TVFIRE - PI1', 'agile', '2026-01-19', '2026-03-01', 6);
INSERT INTO delivery_tasks (id, title, type, status, increment_id, source) VALUES ('db3edf54-489b-4e99-96a8-c07260c37da0', '[TVFIRE-1226]', 'feature', 'todo', '623e38d4-3b8b-49d0-95ed-8cc54028063a_s1', 'jira');
INSERT INTO delivery_positions (task_id, increment_id, start_col, end_col, row, row_span) VALUES ('db3edf54-489b-4e99-96a8-c07260c37da0', '623e38d4-3b8b-49d0-95ed-8cc54028063a_s1', 5, 6, 0, 1);
INSERT INTO delivery_tasks (id, title, type, status, increment_id, source) VALUES ('bb1710ab-9153-4f66-a6ac-71a26f032192', '[TVFIRE-1174]', 'feature', 'todo', '623e38d4-3b8b-49d0-95ed-8cc54028063a_s1', 'jira');
INSERT INTO delivery_positions (task_id, increment_id, start_col, end_col, row, row_span) VALUES ('bb1710ab-9153-4f66-a6ac-71a26f032192', '623e38d4-3b8b-49d0-95ed-8cc54028063a_s1', 4, 6, 0, 1);
INSERT INTO delivery_tasks (id, title, type, status, increment_id, source) VALUES ('beb7b181-a322-4b71-a79a-cbc5ce039791', '[TVFIRE-1173]', 'feature', 'todo', '623e38d4-3b8b-49d0-95ed-8cc54028063a_s1', 'jira');
INSERT INTO delivery_positions (task_id, increment_id, start_col, end_col, row, row_span) VALUES ('beb7b181-a322-4b71-a79a-cbc5ce039791', '623e38d4-3b8b-49d0-95ed-8cc54028063a_s1', 2, 5, 0, 1);
INSERT INTO delivery_tasks (id, title, type, status, increment_id, source) VALUES ('71f3eded-141b-43d3-b677-f15242101bc0', '[TVFIRE-1030]', 'feature', 'todo', '623e38d4-3b8b-49d0-95ed-8cc54028063a_s1', 'jira');
INSERT INTO delivery_positions (task_id, increment_id, start_col, end_col, row, row_span) VALUES ('71f3eded-141b-43d3-b677-f15242101bc0', '623e38d4-3b8b-49d0-95ed-8cc54028063a_s1', 0, 2, 0, 1);
INSERT INTO delivery_tasks (id, title, type, status, increment_id, source) VALUES ('aeabba42-e2fd-45da-b3f7-846df0bb2fc5', '[TVFIRE-926]', 'feature', 'todo', '623e38d4-3b8b-49d0-95ed-8cc54028063a_s1', 'jira');
INSERT INTO delivery_positions (task_id, increment_id, start_col, end_col, row, row_span) VALUES ('aeabba42-e2fd-45da-b3f7-846df0bb2fc5', '623e38d4-3b8b-49d0-95ed-8cc54028063a_s1', 0, 1, 0, 1);
INSERT INTO delivery_tasks (id, title, type, status, increment_id, source) VALUES ('7eb8b4ae-0618-4a46-b9cc-d53e652b6ad2', '[TVFIRE-1118]', 'feature', 'todo', '623e38d4-3b8b-49d0-95ed-8cc54028063a_s1', 'jira');
INSERT INTO delivery_positions (task_id, increment_id, start_col, end_col, row, row_span) VALUES ('7eb8b4ae-0618-4a46-b9cc-d53e652b6ad2', '623e38d4-3b8b-49d0-95ed-8cc54028063a_s1', 0, 1, 0, 1);
INSERT INTO delivery_tasks (id, title, type, status, increment_id, source) VALUES ('28427214-0cb2-4586-b8f9-b161cd633aff', '[TVFIRE-1171]', 'feature', 'todo', '623e38d4-3b8b-49d0-95ed-8cc54028063a_s1', 'jira');
INSERT INTO delivery_positions (task_id, increment_id, start_col, end_col, row, row_span) VALUES ('28427214-0cb2-4586-b8f9-b161cd633aff', '623e38d4-3b8b-49d0-95ed-8cc54028063a_s1', 4, 6, 0, 1);
INSERT INTO delivery_tasks (id, title, type, status, increment_id, source) VALUES ('9bef3b62-2094-4e80-933e-e672b6bdd931', '[TVFIRE-839]', 'feature', 'todo', '623e38d4-3b8b-49d0-95ed-8cc54028063a_s1', 'jira');
INSERT INTO delivery_positions (task_id, increment_id, start_col, end_col, row, row_span) VALUES ('9bef3b62-2094-4e80-933e-e672b6bdd931', '623e38d4-3b8b-49d0-95ed-8cc54028063a_s1', 2, 4, 0, 1);
INSERT INTO delivery_tasks (id, title, type, status, increment_id, source) VALUES ('37bbd366-dca8-4934-853d-66fe27492b74', '[TVFIRE-928]', 'feature', 'todo', '623e38d4-3b8b-49d0-95ed-8cc54028063a_s1', 'jira');
INSERT INTO delivery_positions (task_id, increment_id, start_col, end_col, row, row_span) VALUES ('37bbd366-dca8-4934-853d-66fe27492b74', '623e38d4-3b8b-49d0-95ed-8cc54028063a_s1', 4, 6, 0, 1);
INSERT INTO delivery_tasks (id, title, type, status, increment_id, source) VALUES ('0328fbff-b1a9-45be-b9fc-7ada03d5710f', '[TVFIRE-1130]', 'feature', 'todo', '623e38d4-3b8b-49d0-95ed-8cc54028063a_s1', 'jira');
INSERT INTO delivery_positions (task_id, increment_id, start_col, end_col, row, row_span) VALUES ('0328fbff-b1a9-45be-b9fc-7ada03d5710f', '623e38d4-3b8b-49d0-95ed-8cc54028063a_s1', 0, 1, 0, 1);
INSERT INTO delivery_tasks (id, title, type, status, increment_id, source) VALUES ('42a174b2-b333-4699-a26d-222373eb60ff', '[TVFIRE-1064]', 'feature', 'todo', '623e38d4-3b8b-49d0-95ed-8cc54028063a_s1', 'jira');
INSERT INTO delivery_positions (task_id, increment_id, start_col, end_col, row, row_span) VALUES ('42a174b2-b333-4699-a26d-222373eb60ff', '623e38d4-3b8b-49d0-95ed-8cc54028063a_s1', 0, 1, 0, 1);
INSERT INTO delivery_tasks (id, title, type, status, increment_id, source) VALUES ('ceb6accd-2f55-476a-9d96-802c1446dc98', '[TVFIRE-920]', 'feature', 'todo', '623e38d4-3b8b-49d0-95ed-8cc54028063a_s1', 'jira');
INSERT INTO delivery_positions (task_id, increment_id, start_col, end_col, row, row_span) VALUES ('ceb6accd-2f55-476a-9d96-802c1446dc98', '623e38d4-3b8b-49d0-95ed-8cc54028063a_s1', 1, 2, 0, 1);
INSERT INTO delivery_tasks (id, title, type, status, increment_id, source) VALUES ('ca20c47f-de11-49e1-93db-8a4cda45542b', '[TVFIRE-1172]', 'feature', 'todo', '623e38d4-3b8b-49d0-95ed-8cc54028063a_s1', 'jira');
INSERT INTO delivery_positions (task_id, increment_id, start_col, end_col, row, row_span) VALUES ('ca20c47f-de11-49e1-93db-8a4cda45542b', '623e38d4-3b8b-49d0-95ed-8cc54028063a_s1', 4, 6, 1, 1);
INSERT INTO delivery_tasks (id, title, type, status, increment_id, source) VALUES ('34e79ed2-7bed-4ac3-9d0a-64bab1173395', '[TVFIRE-1131]', 'feature', 'todo', '623e38d4-3b8b-49d0-95ed-8cc54028063a_s1', 'jira');
INSERT INTO delivery_positions (task_id, increment_id, start_col, end_col, row, row_span) VALUES ('34e79ed2-7bed-4ac3-9d0a-64bab1173395', '623e38d4-3b8b-49d0-95ed-8cc54028063a_s1', 0, 1, 1, 1);
INSERT INTO delivery_tasks (id, title, type, status, increment_id, source) VALUES ('c773383a-4f8e-47a5-affc-8c926f57337c', '[TVFIRE-1257]', 'feature', 'todo', '623e38d4-3b8b-49d0-95ed-8cc54028063a_s1', 'jira');
INSERT INTO delivery_positions (task_id, increment_id, start_col, end_col, row, row_span) VALUES ('c773383a-4f8e-47a5-affc-8c926f57337c', '623e38d4-3b8b-49d0-95ed-8cc54028063a_s1', 2, 4, 1, 1);
INSERT INTO delivery_tasks (id, title, type, status, increment_id, source) VALUES ('a5ca958f-49a2-486a-a244-34c7a18088bb', '[TVFIRE-915]', 'feature', 'todo', '623e38d4-3b8b-49d0-95ed-8cc54028063a_s1', 'jira');
INSERT INTO delivery_positions (task_id, increment_id, start_col, end_col, row, row_span) VALUES ('a5ca958f-49a2-486a-a244-34c7a18088bb', '623e38d4-3b8b-49d0-95ed-8cc54028063a_s1', 1, 2, 1, 1);
INSERT INTO delivery_tasks (id, title, type, status, increment_id, source) VALUES ('fc35cd48-47d1-4c7c-bd1e-4bb236d47cbd', '[TVFIRE-1112]', 'feature', 'todo', '623e38d4-3b8b-49d0-95ed-8cc54028063a_s1', 'jira');
INSERT INTO delivery_positions (task_id, increment_id, start_col, end_col, row, row_span) VALUES ('fc35cd48-47d1-4c7c-bd1e-4bb236d47cbd', '623e38d4-3b8b-49d0-95ed-8cc54028063a_s1', 0, 2, 2, 1);
INSERT INTO delivery_tasks (id, title, type, status, increment_id, source) VALUES ('f8e6e88a-dccb-42d5-9e81-5fdd23e1fb52', '[TVFIRE-694]', 'feature', 'todo', '623e38d4-3b8b-49d0-95ed-8cc54028063a_s1', 'jira');
INSERT INTO delivery_positions (task_id, increment_id, start_col, end_col, row, row_span) VALUES ('f8e6e88a-dccb-42d5-9e81-5fdd23e1fb52', '623e38d4-3b8b-49d0-95ed-8cc54028063a_s1', 0, 2, 2, 1);
INSERT INTO delivery_tasks (id, title, type, status, increment_id, source) VALUES ('adb499c9-8009-4ddc-bb92-27752d193507', '[TVFIRE-1052]', 'feature', 'todo', '623e38d4-3b8b-49d0-95ed-8cc54028063a_s1', 'jira');
INSERT INTO delivery_positions (task_id, increment_id, start_col, end_col, row, row_span) VALUES ('adb499c9-8009-4ddc-bb92-27752d193507', '623e38d4-3b8b-49d0-95ed-8cc54028063a_s1', 1, 2, 2, 1);
INSERT INTO delivery_tasks (id, title, type, status, increment_id, source) VALUES ('b6e2fef3-6ccb-4c2a-8bdd-0e7cfee0acb4', '[TVFIRE-981]', 'feature', 'todo', '623e38d4-3b8b-49d0-95ed-8cc54028063a_s1', 'jira');
INSERT INTO delivery_positions (task_id, increment_id, start_col, end_col, row, row_span) VALUES ('b6e2fef3-6ccb-4c2a-8bdd-0e7cfee0acb4', '623e38d4-3b8b-49d0-95ed-8cc54028063a_s1', 5, 6, 2, 1);
INSERT INTO delivery_tasks (id, title, type, status, increment_id, source) VALUES ('f7dc65b4-4807-4047-b8c6-07228110664d', '[TVFIRE-1087]', 'feature', 'todo', '623e38d4-3b8b-49d0-95ed-8cc54028063a_s1', 'jira');
INSERT INTO delivery_positions (task_id, increment_id, start_col, end_col, row, row_span) VALUES ('f7dc65b4-4807-4047-b8c6-07228110664d', '623e38d4-3b8b-49d0-95ed-8cc54028063a_s1', 2, 3, 2, 1);
INSERT INTO delivery_tasks (id, title, type, status, increment_id, source) VALUES ('31f31f43-09db-4f56-be4e-dfd2dd40404d', '[TVFIRE-1175]', 'feature', 'todo', '623e38d4-3b8b-49d0-95ed-8cc54028063a_s1', 'jira');
INSERT INTO delivery_positions (task_id, increment_id, start_col, end_col, row, row_span) VALUES ('31f31f43-09db-4f56-be4e-dfd2dd40404d', '623e38d4-3b8b-49d0-95ed-8cc54028063a_s1', 5, 6, 3, 1);
INSERT INTO delivery_tasks (id, title, type, status, increment_id, source) VALUES ('56a2ae0c-deb7-470e-b9bf-6361dd3433cb', '[TVFIRE-1114]', 'feature', 'todo', '623e38d4-3b8b-49d0-95ed-8cc54028063a_s1', 'jira');
INSERT INTO delivery_positions (task_id, increment_id, start_col, end_col, row, row_span) VALUES ('56a2ae0c-deb7-470e-b9bf-6361dd3433cb', '623e38d4-3b8b-49d0-95ed-8cc54028063a_s1', 0, 2, 3, 1);
INSERT INTO delivery_tasks (id, title, type, status, increment_id, source) VALUES ('fe0d60d6-35e5-42ad-b174-596efb0e9de5', '[TVFIRE-1169]', 'feature', 'todo', '623e38d4-3b8b-49d0-95ed-8cc54028063a_s1', 'jira');
INSERT INTO delivery_positions (task_id, increment_id, start_col, end_col, row, row_span) VALUES ('fe0d60d6-35e5-42ad-b174-596efb0e9de5', '623e38d4-3b8b-49d0-95ed-8cc54028063a_s1', 0, 1, 3, 1);
INSERT INTO delivery_boards (id, user_id, name, board_type, start_date, end_date, duration_weeks) VALUES ('28c6c77f-b050-49f7-b272-f9204344fc24', 1, 'TVFIRE - PI2', 'agile', '2026-03-02', '2026-04-12', 6);
INSERT INTO delivery_tasks (id, title, type, status, increment_id, source) VALUES ('8a40483b-3a80-46b0-8821-2b87776856ce', '[TVFIRE-1086]', 'feature', 'todo', '28c6c77f-b050-49f7-b272-f9204344fc24_s1', 'jira');
INSERT INTO delivery_positions (task_id, increment_id, start_col, end_col, row, row_span) VALUES ('8a40483b-3a80-46b0-8821-2b87776856ce', '28c6c77f-b050-49f7-b272-f9204344fc24_s1', 0, 2, 0, 1);
INSERT INTO delivery_tasks (id, title, type, status, increment_id, source) VALUES ('840dfb1f-02df-4724-b0ca-61ed3ae1b7bd', '[TVFIRE-1263]', 'feature', 'todo', '28c6c77f-b050-49f7-b272-f9204344fc24_s1', 'jira');
INSERT INTO delivery_positions (task_id, increment_id, start_col, end_col, row, row_span) VALUES ('840dfb1f-02df-4724-b0ca-61ed3ae1b7bd', '28c6c77f-b050-49f7-b272-f9204344fc24_s1', 3, 4, 0, 1);
INSERT INTO delivery_tasks (id, title, type, status, increment_id, source) VALUES ('4c836bae-a227-4aa0-9f48-3ff66e78cd5f', '[TVFIRE-1278]', 'feature', 'todo', '28c6c77f-b050-49f7-b272-f9204344fc24_s1', 'jira');
INSERT INTO delivery_positions (task_id, increment_id, start_col, end_col, row, row_span) VALUES ('4c836bae-a227-4aa0-9f48-3ff66e78cd5f', '28c6c77f-b050-49f7-b272-f9204344fc24_s1', 4, 5, 0, 1);
INSERT INTO delivery_tasks (id, title, type, status, increment_id, source) VALUES ('124a1b60-1eb0-44ca-9d07-c626c1c30a6e', '[TVFIRE-1174]', 'feature', 'todo', '28c6c77f-b050-49f7-b272-f9204344fc24_s1', 'jira');
INSERT INTO delivery_positions (task_id, increment_id, start_col, end_col, row, row_span) VALUES ('124a1b60-1eb0-44ca-9d07-c626c1c30a6e', '28c6c77f-b050-49f7-b272-f9204344fc24_s1', 5, 6, 0, 1);
INSERT INTO delivery_tasks (id, title, type, status, increment_id, source) VALUES ('3954a741-c42b-44ae-9ddf-5eb913382213', '[TVFIRE-1173]', 'feature', 'todo', '28c6c77f-b050-49f7-b272-f9204344fc24_s1', 'jira');
INSERT INTO delivery_positions (task_id, increment_id, start_col, end_col, row, row_span) VALUES ('3954a741-c42b-44ae-9ddf-5eb913382213', '28c6c77f-b050-49f7-b272-f9204344fc24_s1', 2, 3, 0, 1);
INSERT INTO delivery_tasks (id, title, type, status, increment_id, source) VALUES ('8c740b67-2ffd-44bf-a83b-7544175b9d5a', '[TVFIRE-981]', 'feature', 'todo', '28c6c77f-b050-49f7-b272-f9204344fc24_s1', 'jira');
INSERT INTO delivery_positions (task_id, increment_id, start_col, end_col, row, row_span) VALUES ('8c740b67-2ffd-44bf-a83b-7544175b9d5a', '28c6c77f-b050-49f7-b272-f9204344fc24_s1', 2, 3, 0, 1);
INSERT INTO delivery_tasks (id, title, type, status, increment_id, source) VALUES ('f8f0514f-f26e-4907-b49a-5c034e924445', '[TVFIRE-1252]', 'feature', 'todo', '28c6c77f-b050-49f7-b272-f9204344fc24_s1', 'jira');
INSERT INTO delivery_positions (task_id, increment_id, start_col, end_col, row, row_span) VALUES ('f8f0514f-f26e-4907-b49a-5c034e924445', '28c6c77f-b050-49f7-b272-f9204344fc24_s1', 5, 6, 1, 1);
INSERT INTO delivery_tasks (id, title, type, status, increment_id, source) VALUES ('680a4601-c740-4f3b-9a70-fd05d0b86ee1', '[TVFIRE-1175]', 'feature', 'todo', '28c6c77f-b050-49f7-b272-f9204344fc24_s1', 'jira');
INSERT INTO delivery_positions (task_id, increment_id, start_col, end_col, row, row_span) VALUES ('680a4601-c740-4f3b-9a70-fd05d0b86ee1', '28c6c77f-b050-49f7-b272-f9204344fc24_s1', 3, 4, 1, 1);
INSERT INTO delivery_tasks (id, title, type, status, increment_id, source) VALUES ('b856bb75-c60d-4bf8-b649-1dd1428be3dc', '[TVFIRE-1172]', 'feature', 'todo', '28c6c77f-b050-49f7-b272-f9204344fc24_s1', 'jira');
INSERT INTO delivery_positions (task_id, increment_id, start_col, end_col, row, row_span) VALUES ('b856bb75-c60d-4bf8-b649-1dd1428be3dc', '28c6c77f-b050-49f7-b272-f9204344fc24_s1', 0, 2, 1, 1);
INSERT INTO delivery_tasks (id, title, type, status, increment_id, source) VALUES ('d796385c-93f2-4ce8-80b2-ff62276b9840', '[TVFIRE-1279]', 'feature', 'todo', '28c6c77f-b050-49f7-b272-f9204344fc24_s1', 'jira');
INSERT INTO delivery_positions (task_id, increment_id, start_col, end_col, row, row_span) VALUES ('d796385c-93f2-4ce8-80b2-ff62276b9840', '28c6c77f-b050-49f7-b272-f9204344fc24_s1', 4, 5, 1, 1);
INSERT INTO delivery_tasks (id, title, type, status, increment_id, source) VALUES ('df67e109-17bf-451e-a0fd-40996d514959', '[TVFIRE-1226]', 'feature', 'todo', '28c6c77f-b050-49f7-b272-f9204344fc24_s1', 'jira');
INSERT INTO delivery_positions (task_id, increment_id, start_col, end_col, row, row_span) VALUES ('df67e109-17bf-451e-a0fd-40996d514959', '28c6c77f-b050-49f7-b272-f9204344fc24_s1', 2, 3, 1, 1);
INSERT INTO delivery_tasks (id, title, type, status, increment_id, source) VALUES ('60a6a475-715d-4d90-a499-dbc581f2317c', '[TVFIRE-1262]', 'feature', 'todo', '28c6c77f-b050-49f7-b272-f9204344fc24_s1', 'jira');
INSERT INTO delivery_positions (task_id, increment_id, start_col, end_col, row, row_span) VALUES ('60a6a475-715d-4d90-a499-dbc581f2317c', '28c6c77f-b050-49f7-b272-f9204344fc24_s1', 2, 3, 2, 1);
INSERT INTO delivery_tasks (id, title, type, status, increment_id, source) VALUES ('e35f44b6-6ae6-488f-9b33-46570646c556', '[TVFIRE-1052]', 'feature', 'todo', '28c6c77f-b050-49f7-b272-f9204344fc24_s1', 'jira');
INSERT INTO delivery_positions (task_id, increment_id, start_col, end_col, row, row_span) VALUES ('e35f44b6-6ae6-488f-9b33-46570646c556', '28c6c77f-b050-49f7-b272-f9204344fc24_s1', 4, 5, 2, 1);
INSERT INTO delivery_tasks (id, title, type, status, increment_id, source) VALUES ('d4ece419-18ec-4ccf-90f2-96fc5535c9df', '[TVFIRE-1281]', 'feature', 'todo', '28c6c77f-b050-49f7-b272-f9204344fc24_s1', 'jira');
INSERT INTO delivery_positions (task_id, increment_id, start_col, end_col, row, row_span) VALUES ('d4ece419-18ec-4ccf-90f2-96fc5535c9df', '28c6c77f-b050-49f7-b272-f9204344fc24_s1', 5, 6, 2, 1);
INSERT INTO delivery_tasks (id, title, type, status, increment_id, source) VALUES ('2c6c7a32-76bb-42a1-b4dd-17427158383f', '[TVFIRE-1218]', 'feature', 'todo', '28c6c77f-b050-49f7-b272-f9204344fc24_s1', 'jira');
INSERT INTO delivery_positions (task_id, increment_id, start_col, end_col, row, row_span) VALUES ('2c6c7a32-76bb-42a1-b4dd-17427158383f', '28c6c77f-b050-49f7-b272-f9204344fc24_s1', 3, 4, 2, 1);
INSERT INTO delivery_tasks (id, title, type, status, increment_id, source) VALUES ('0cd6835f-9e81-4c74-a9e0-6f674f00df68', '[TVFIRE-1257]', 'feature', 'todo', '28c6c77f-b050-49f7-b272-f9204344fc24_s1', 'jira');
INSERT INTO delivery_positions (task_id, increment_id, start_col, end_col, row, row_span) VALUES ('0cd6835f-9e81-4c74-a9e0-6f674f00df68', '28c6c77f-b050-49f7-b272-f9204344fc24_s1', 1, 2, 2, 1);
INSERT INTO delivery_tasks (id, title, type, status, increment_id, source) VALUES ('eaa7222b-8468-402f-8306-e5eb52ad2aed', '[TVFIRE-1087]', 'feature', 'todo', '28c6c77f-b050-49f7-b272-f9204344fc24_s1', 'jira');
INSERT INTO delivery_positions (task_id, increment_id, start_col, end_col, row, row_span) VALUES ('eaa7222b-8468-402f-8306-e5eb52ad2aed', '28c6c77f-b050-49f7-b272-f9204344fc24_s1', 5, 6, 3, 1);
INSERT INTO delivery_tasks (id, title, type, status, increment_id, source) VALUES ('dbda91ba-7258-4aea-a1cf-e6425fa285b3', '[TVFIRE-928]', 'feature', 'todo', '28c6c77f-b050-49f7-b272-f9204344fc24_s1', 'jira');
INSERT INTO delivery_positions (task_id, increment_id, start_col, end_col, row, row_span) VALUES ('dbda91ba-7258-4aea-a1cf-e6425fa285b3', '28c6c77f-b050-49f7-b272-f9204344fc24_s1', 2, 4, 3, 1);
INSERT INTO delivery_tasks (id, title, type, status, increment_id, source) VALUES ('98e6302a-39bf-4878-b79d-95af0e1996d5', '[TVFIRE-1274]', 'feature', 'todo', '28c6c77f-b050-49f7-b272-f9204344fc24_s1', 'jira');
INSERT INTO delivery_positions (task_id, increment_id, start_col, end_col, row, row_span) VALUES ('98e6302a-39bf-4878-b79d-95af0e1996d5', '28c6c77f-b050-49f7-b272-f9204344fc24_s1', 4, 5, 3, 1);
INSERT INTO delivery_tasks (id, title, type, status, increment_id, source) VALUES ('746b7c0e-7038-4a42-9451-18d7fa77d6f6', '[TVFIRE-694]', 'feature', 'todo', '28c6c77f-b050-49f7-b272-f9204344fc24_s1', 'jira');
INSERT INTO delivery_positions (task_id, increment_id, start_col, end_col, row, row_span) VALUES ('746b7c0e-7038-4a42-9451-18d7fa77d6f6', '28c6c77f-b050-49f7-b272-f9204344fc24_s1', 5, 6, 4, 1);
INSERT INTO delivery_tasks (id, title, type, status, increment_id, source) VALUES ('9cda6579-85c3-44fa-9f00-f0ca99989cad', '[TVFIRE-1280]', 'feature', 'todo', '28c6c77f-b050-49f7-b272-f9204344fc24_s1', 'jira');
INSERT INTO delivery_positions (task_id, increment_id, start_col, end_col, row, row_span) VALUES ('9cda6579-85c3-44fa-9f00-f0ca99989cad', '28c6c77f-b050-49f7-b272-f9204344fc24_s1', 4, 5, 4, 1);
INSERT INTO delivery_tasks (id, title, type, status, increment_id, source) VALUES ('2a6837e6-daca-41e0-ae44-d7ab2f22bcee', '[TVFIRE-1221]', 'feature', 'todo', '28c6c77f-b050-49f7-b272-f9204344fc24_s1', 'jira');
INSERT INTO delivery_positions (task_id, increment_id, start_col, end_col, row, row_span) VALUES ('2a6837e6-daca-41e0-ae44-d7ab2f22bcee', '28c6c77f-b050-49f7-b272-f9204344fc24_s1', 3, 4, 4, 1);
INSERT INTO delivery_tasks (id, title, type, status, increment_id, source) VALUES ('d252e870-6432-4eea-b13d-a5acd189bf61', '[TVFIRE-1112]', 'feature', 'todo', '28c6c77f-b050-49f7-b272-f9204344fc24_s1', 'jira');
INSERT INTO delivery_positions (task_id, increment_id, start_col, end_col, row, row_span) VALUES ('d252e870-6432-4eea-b13d-a5acd189bf61', '28c6c77f-b050-49f7-b272-f9204344fc24_s1', 0, 2, 5, 1);
INSERT INTO delivery_tasks (id, title, type, status, increment_id, source) VALUES ('f48fa162-7e4e-4f8e-9f59-b60157b639b0', '[TVFIRE-1272]', 'feature', 'todo', '28c6c77f-b050-49f7-b272-f9204344fc24_s1', 'jira');
INSERT INTO delivery_positions (task_id, increment_id, start_col, end_col, row, row_span) VALUES ('f48fa162-7e4e-4f8e-9f59-b60157b639b0', '28c6c77f-b050-49f7-b272-f9204344fc24_s1', 5, 6, 5, 1);
INSERT INTO delivery_tasks (id, title, type, status, increment_id, source) VALUES ('d8c2ab31-4587-41e1-8194-ea2ed64a90da', '[TVFIRE-1284]', 'feature', 'todo', '28c6c77f-b050-49f7-b272-f9204344fc24_s1', 'jira');
INSERT INTO delivery_positions (task_id, increment_id, start_col, end_col, row, row_span) VALUES ('d8c2ab31-4587-41e1-8194-ea2ed64a90da', '28c6c77f-b050-49f7-b272-f9204344fc24_s1', 4, 6, 6, 1);
INSERT INTO delivery_tasks (id, title, type, status, increment_id, source) VALUES ('6e4f4831-651e-45cc-90a9-e3cd9e5ccfbd', '[TVFIRE-1113]', 'feature', 'todo', '28c6c77f-b050-49f7-b272-f9204344fc24_s1', 'jira');
INSERT INTO delivery_positions (task_id, increment_id, start_col, end_col, row, row_span) VALUES ('6e4f4831-651e-45cc-90a9-e3cd9e5ccfbd', '28c6c77f-b050-49f7-b272-f9204344fc24_s1', 5, 6, 8, 1);
INSERT INTO delivery_tasks (id, title, type, status, increment_id, source) VALUES ('cb1cdca7-2b40-41a4-ab6e-44f8cdccc555', '[TVFIRE-1114]', 'feature', 'todo', '28c6c77f-b050-49f7-b272-f9204344fc24_s1', 'jira');
INSERT INTO delivery_positions (task_id, increment_id, start_col, end_col, row, row_span) VALUES ('cb1cdca7-2b40-41a4-ab6e-44f8cdccc555', '28c6c77f-b050-49f7-b272-f9204344fc24_s1', 0, 2, 9, 1);
INSERT INTO delivery_boards (id, user_id, name, board_type, start_date, end_date, duration_weeks) VALUES ('b0ddcbc5-0092-430f-bde5-6f9603d9effa', 1, 'TVFREE - PI1', 'agile', '2026-01-19', '2026-03-01', 6);
INSERT INTO delivery_tasks (id, title, type, status, increment_id, source) VALUES ('e10cacf6-e938-441c-9dc6-bb4467626dd9', '[TVFREE-1740]', 'feature', 'todo', 'b0ddcbc5-0092-430f-bde5-6f9603d9effa_s1', 'jira');
INSERT INTO delivery_positions (task_id, increment_id, start_col, end_col, row, row_span) VALUES ('e10cacf6-e938-441c-9dc6-bb4467626dd9', 'b0ddcbc5-0092-430f-bde5-6f9603d9effa_s1', 4, 6, 0, 1);
INSERT INTO delivery_tasks (id, title, type, status, increment_id, source) VALUES ('9740fac1-e387-4d90-bdba-ce6d6e7c34c1', '[TVFREE-1969]', 'feature', 'todo', 'b0ddcbc5-0092-430f-bde5-6f9603d9effa_s1', 'jira');
INSERT INTO delivery_positions (task_id, increment_id, start_col, end_col, row, row_span) VALUES ('9740fac1-e387-4d90-bdba-ce6d6e7c34c1', 'b0ddcbc5-0092-430f-bde5-6f9603d9effa_s1', 0, 1, 0, 1);
INSERT INTO delivery_tasks (id, title, type, status, increment_id, source) VALUES ('40821795-d171-44a9-abc5-43d997f46674', '[TVFREE-1897]', 'feature', 'todo', 'b0ddcbc5-0092-430f-bde5-6f9603d9effa_s1', 'jira');
INSERT INTO delivery_positions (task_id, increment_id, start_col, end_col, row, row_span) VALUES ('40821795-d171-44a9-abc5-43d997f46674', 'b0ddcbc5-0092-430f-bde5-6f9603d9effa_s1', 1, 2, 0, 1);
INSERT INTO delivery_tasks (id, title, type, status, increment_id, source) VALUES ('f3ecff68-710c-4479-965b-055c6c994fc8', '[TVFREE-1933]', 'feature', 'todo', 'b0ddcbc5-0092-430f-bde5-6f9603d9effa_s1', 'jira');
INSERT INTO delivery_positions (task_id, increment_id, start_col, end_col, row, row_span) VALUES ('f3ecff68-710c-4479-965b-055c6c994fc8', 'b0ddcbc5-0092-430f-bde5-6f9603d9effa_s1', 0, 1, 0, 1);
INSERT INTO delivery_tasks (id, title, type, status, increment_id, source) VALUES ('29ac8cb4-a113-4591-902f-8d7d82931552', '[TVFREE-1968]', 'feature', 'todo', 'b0ddcbc5-0092-430f-bde5-6f9603d9effa_s1', 'jira');
INSERT INTO delivery_positions (task_id, increment_id, start_col, end_col, row, row_span) VALUES ('29ac8cb4-a113-4591-902f-8d7d82931552', 'b0ddcbc5-0092-430f-bde5-6f9603d9effa_s1', 0, 1, 0, 1);
INSERT INTO delivery_tasks (id, title, type, status, increment_id, source) VALUES ('9ba83a7a-9c93-43cc-adf1-93be96dda50f', '[TVFREE-2008]', 'feature', 'todo', 'b0ddcbc5-0092-430f-bde5-6f9603d9effa_s1', 'jira');
INSERT INTO delivery_positions (task_id, increment_id, start_col, end_col, row, row_span) VALUES ('9ba83a7a-9c93-43cc-adf1-93be96dda50f', 'b0ddcbc5-0092-430f-bde5-6f9603d9effa_s1', 5, 6, 0, 1);
INSERT INTO delivery_tasks (id, title, type, status, increment_id, source) VALUES ('860189d9-9abd-443b-b1d7-f62f5a735950', '[TVFREE-1977]', 'feature', 'todo', 'b0ddcbc5-0092-430f-bde5-6f9603d9effa_s1', 'jira');
INSERT INTO delivery_positions (task_id, increment_id, start_col, end_col, row, row_span) VALUES ('860189d9-9abd-443b-b1d7-f62f5a735950', 'b0ddcbc5-0092-430f-bde5-6f9603d9effa_s1', 2, 5, 0, 1);
INSERT INTO delivery_tasks (id, title, type, status, increment_id, source) VALUES ('a2dc69a5-a915-47cf-a4e1-261f9f0bc2a1', '[TVFREE-1967]', 'feature', 'todo', 'b0ddcbc5-0092-430f-bde5-6f9603d9effa_s1', 'jira');
INSERT INTO delivery_positions (task_id, increment_id, start_col, end_col, row, row_span) VALUES ('a2dc69a5-a915-47cf-a4e1-261f9f0bc2a1', 'b0ddcbc5-0092-430f-bde5-6f9603d9effa_s1', 4, 6, 1, 1);
INSERT INTO delivery_tasks (id, title, type, status, increment_id, source) VALUES ('e660baf6-6f0b-4d1c-a816-d3db845b554d', '[TVFREE-1543]', 'feature', 'todo', 'b0ddcbc5-0092-430f-bde5-6f9603d9effa_s1', 'jira');
INSERT INTO delivery_positions (task_id, increment_id, start_col, end_col, row, row_span) VALUES ('e660baf6-6f0b-4d1c-a816-d3db845b554d', 'b0ddcbc5-0092-430f-bde5-6f9603d9effa_s1', 1, 2, 1, 1);
INSERT INTO delivery_tasks (id, title, type, status, increment_id, source) VALUES ('dbb2a4af-0ed2-46ce-bcfe-beedf650b7b8', '[TVFREE-1974]', 'feature', 'todo', 'b0ddcbc5-0092-430f-bde5-6f9603d9effa_s1', 'jira');
INSERT INTO delivery_positions (task_id, increment_id, start_col, end_col, row, row_span) VALUES ('dbb2a4af-0ed2-46ce-bcfe-beedf650b7b8', 'b0ddcbc5-0092-430f-bde5-6f9603d9effa_s1', 2, 3, 1, 1);
INSERT INTO delivery_tasks (id, title, type, status, increment_id, source) VALUES ('13a98fe5-df76-4651-9d0f-33bf3d6bb8b7', '[TVFREE-1970]', 'feature', 'todo', 'b0ddcbc5-0092-430f-bde5-6f9603d9effa_s1', 'jira');
INSERT INTO delivery_positions (task_id, increment_id, start_col, end_col, row, row_span) VALUES ('13a98fe5-df76-4651-9d0f-33bf3d6bb8b7', 'b0ddcbc5-0092-430f-bde5-6f9603d9effa_s1', 4, 5, 2, 1);
INSERT INTO delivery_tasks (id, title, type, status, increment_id, source) VALUES ('cbc0ec83-cb29-4a08-8e83-641ad675ce21', '[TVFREE-1763]', 'feature', 'todo', 'b0ddcbc5-0092-430f-bde5-6f9603d9effa_s1', 'jira');
INSERT INTO delivery_positions (task_id, increment_id, start_col, end_col, row, row_span) VALUES ('cbc0ec83-cb29-4a08-8e83-641ad675ce21', 'b0ddcbc5-0092-430f-bde5-6f9603d9effa_s1', 2, 4, 2, 1);
INSERT INTO delivery_tasks (id, title, type, status, increment_id, source) VALUES ('bb5a84cf-f0f5-4591-bf78-129fed55beb3', '[TVFREE-1903]', 'feature', 'todo', 'b0ddcbc5-0092-430f-bde5-6f9603d9effa_s1', 'jira');
INSERT INTO delivery_positions (task_id, increment_id, start_col, end_col, row, row_span) VALUES ('bb5a84cf-f0f5-4591-bf78-129fed55beb3', 'b0ddcbc5-0092-430f-bde5-6f9603d9effa_s1', 0, 1, 3, 1);
INSERT INTO delivery_boards (id, user_id, name, board_type, start_date, end_date, duration_weeks) VALUES ('d5158319-777e-4aba-832c-90739589dcc3', 1, 'TVFREE - PI2', 'agile', '2026-03-02', '2026-04-12', 6);
INSERT INTO delivery_tasks (id, title, type, status, increment_id, source) VALUES ('140bd2c4-2a23-48fa-9eba-8c02b78d5b1a', '[TVFREE-2013]', 'feature', 'todo', 'd5158319-777e-4aba-832c-90739589dcc3_s1', 'jira');
INSERT INTO delivery_positions (task_id, increment_id, start_col, end_col, row, row_span) VALUES ('140bd2c4-2a23-48fa-9eba-8c02b78d5b1a', 'd5158319-777e-4aba-832c-90739589dcc3_s1', 2, 3, 0, 1);
INSERT INTO delivery_tasks (id, title, type, status, increment_id, source) VALUES ('3f4c564d-ce79-45bb-877b-112a5766f6e5', '[TVFREE-2053]', 'feature', 'todo', 'd5158319-777e-4aba-832c-90739589dcc3_s1', 'jira');
INSERT INTO delivery_positions (task_id, increment_id, start_col, end_col, row, row_span) VALUES ('3f4c564d-ce79-45bb-877b-112a5766f6e5', 'd5158319-777e-4aba-832c-90739589dcc3_s1', 4, 6, 0, 1);
INSERT INTO delivery_tasks (id, title, type, status, increment_id, source) VALUES ('539caea9-71b2-4a19-8ecd-a1dbb3bbcdcb', '[TVFREE-2008]', 'feature', 'todo', 'd5158319-777e-4aba-832c-90739589dcc3_s1', 'jira');
INSERT INTO delivery_positions (task_id, increment_id, start_col, end_col, row, row_span) VALUES ('539caea9-71b2-4a19-8ecd-a1dbb3bbcdcb', 'd5158319-777e-4aba-832c-90739589dcc3_s1', 0, 1, 0, 1);
INSERT INTO delivery_tasks (id, title, type, status, increment_id, source) VALUES ('2a2316a8-7fd1-4202-945f-86261e528197', '[TVFREE-2012]', 'feature', 'todo', 'd5158319-777e-4aba-832c-90739589dcc3_s1', 'jira');
INSERT INTO delivery_positions (task_id, increment_id, start_col, end_col, row, row_span) VALUES ('2a2316a8-7fd1-4202-945f-86261e528197', 'd5158319-777e-4aba-832c-90739589dcc3_s1', 0, 2, 0, 1);
INSERT INTO delivery_tasks (id, title, type, status, increment_id, source) VALUES ('aa70a589-ca72-4033-958d-d353e751dae6', '[TVFREE-1977]', 'feature', 'todo', 'd5158319-777e-4aba-832c-90739589dcc3_s1', 'jira');
INSERT INTO delivery_positions (task_id, increment_id, start_col, end_col, row, row_span) VALUES ('aa70a589-ca72-4033-958d-d353e751dae6', 'd5158319-777e-4aba-832c-90739589dcc3_s1', 0, 1, 0, 1);
INSERT INTO delivery_tasks (id, title, type, status, increment_id, source) VALUES ('f2f6f745-3f81-4586-aa4f-c5a481e00c6a', '[TVFREE-1740]', 'feature', 'todo', 'd5158319-777e-4aba-832c-90739589dcc3_s1', 'jira');
INSERT INTO delivery_positions (task_id, increment_id, start_col, end_col, row, row_span) VALUES ('f2f6f745-3f81-4586-aa4f-c5a481e00c6a', 'd5158319-777e-4aba-832c-90739589dcc3_s1', 3, 4, 0, 1);
INSERT INTO delivery_tasks (id, title, type, status, increment_id, source) VALUES ('65f097ed-5e7e-49ac-bf83-899008b43cc5', '[TVFREE-2014]', 'feature', 'todo', 'd5158319-777e-4aba-832c-90739589dcc3_s1', 'jira');
INSERT INTO delivery_positions (task_id, increment_id, start_col, end_col, row, row_span) VALUES ('65f097ed-5e7e-49ac-bf83-899008b43cc5', 'd5158319-777e-4aba-832c-90739589dcc3_s1', 0, 1, 1, 1);
INSERT INTO delivery_tasks (id, title, type, status, increment_id, source) VALUES ('d3158811-fb5f-441a-9ad1-1a4760c0ca46', '[TVFREE-2011]', 'feature', 'todo', 'd5158319-777e-4aba-832c-90739589dcc3_s1', 'jira');
INSERT INTO delivery_positions (task_id, increment_id, start_col, end_col, row, row_span) VALUES ('d3158811-fb5f-441a-9ad1-1a4760c0ca46', 'd5158319-777e-4aba-832c-90739589dcc3_s1', 5, 6, 1, 1);
INSERT INTO delivery_tasks (id, title, type, status, increment_id, source) VALUES ('1ccda229-0c61-4128-87aa-009b7a1df1c9', '[TVFREE-2039]', 'feature', 'todo', 'd5158319-777e-4aba-832c-90739589dcc3_s1', 'jira');
INSERT INTO delivery_positions (task_id, increment_id, start_col, end_col, row, row_span) VALUES ('1ccda229-0c61-4128-87aa-009b7a1df1c9', 'd5158319-777e-4aba-832c-90739589dcc3_s1', 2, 3, 1, 1);
INSERT INTO delivery_tasks (id, title, type, status, increment_id, source) VALUES ('e43cde8b-310a-488d-88fd-c74ae7f1cb41', '[TVFREE-1967]', 'feature', 'todo', 'd5158319-777e-4aba-832c-90739589dcc3_s1', 'jira');
INSERT INTO delivery_positions (task_id, increment_id, start_col, end_col, row, row_span) VALUES ('e43cde8b-310a-488d-88fd-c74ae7f1cb41', 'd5158319-777e-4aba-832c-90739589dcc3_s1', 3, 4, 1, 1);
INSERT INTO delivery_tasks (id, title, type, status, increment_id, source) VALUES ('e2553821-4c4c-49fb-bbe0-38e0b446646d', '[TVFREE-2010]', 'feature', 'todo', 'd5158319-777e-4aba-832c-90739589dcc3_s1', 'jira');
INSERT INTO delivery_positions (task_id, increment_id, start_col, end_col, row, row_span) VALUES ('e2553821-4c4c-49fb-bbe0-38e0b446646d', 'd5158319-777e-4aba-832c-90739589dcc3_s1', 1, 2, 1, 1);
INSERT INTO delivery_tasks (id, title, type, status, increment_id, source) VALUES ('a7baa6f8-0965-47c4-b39b-bf5b4c7d7392', '[TVFREE-1543]', 'feature', 'todo', 'd5158319-777e-4aba-832c-90739589dcc3_s1', 'jira');
INSERT INTO delivery_positions (task_id, increment_id, start_col, end_col, row, row_span) VALUES ('a7baa6f8-0965-47c4-b39b-bf5b4c7d7392', 'd5158319-777e-4aba-832c-90739589dcc3_s1', 0, 1, 1, 1);
INSERT INTO delivery_tasks (id, title, type, status, increment_id, source) VALUES ('83b90dfe-8109-448c-803e-4901af5a59b1', '[TVFREE-2035]', 'feature', 'todo', 'd5158319-777e-4aba-832c-90739589dcc3_s1', 'jira');
INSERT INTO delivery_positions (task_id, increment_id, start_col, end_col, row, row_span) VALUES ('83b90dfe-8109-448c-803e-4901af5a59b1', 'd5158319-777e-4aba-832c-90739589dcc3_s1', 2, 3, 2, 1);
INSERT INTO delivery_tasks (id, title, type, status, increment_id, source) VALUES ('68b1796c-9985-4562-935b-37372379f1ea', '[TVFREE-2038]', 'feature', 'todo', 'd5158319-777e-4aba-832c-90739589dcc3_s1', 'jira');
INSERT INTO delivery_positions (task_id, increment_id, start_col, end_col, row, row_span) VALUES ('68b1796c-9985-4562-935b-37372379f1ea', 'd5158319-777e-4aba-832c-90739589dcc3_s1', 3, 4, 2, 1);
INSERT INTO delivery_tasks (id, title, type, status, increment_id, source) VALUES ('48700d50-ca39-4be5-a8c8-47b6fa03eebc', '[TVFREE-1897]', 'feature', 'todo', 'd5158319-777e-4aba-832c-90739589dcc3_s1', 'jira');
INSERT INTO delivery_positions (task_id, increment_id, start_col, end_col, row, row_span) VALUES ('48700d50-ca39-4be5-a8c8-47b6fa03eebc', 'd5158319-777e-4aba-832c-90739589dcc3_s1', 0, 1, 3, 1);
INSERT INTO delivery_tasks (id, title, type, status, increment_id, source) VALUES ('f92b7558-dfbc-4b51-82e3-aa8535d12929', '[TVFREE-2015]', 'feature', 'todo', 'd5158319-777e-4aba-832c-90739589dcc3_s1', 'jira');
INSERT INTO delivery_positions (task_id, increment_id, start_col, end_col, row, row_span) VALUES ('f92b7558-dfbc-4b51-82e3-aa8535d12929', 'd5158319-777e-4aba-832c-90739589dcc3_s1', 2, 4, 3, 1);
INSERT INTO delivery_tasks (id, title, type, status, increment_id, source) VALUES ('c53c1995-5a93-4c73-ab41-2a839f507af2', '[TVFREE-1974]', 'feature', 'todo', 'd5158319-777e-4aba-832c-90739589dcc3_s1', 'jira');
INSERT INTO delivery_positions (task_id, increment_id, start_col, end_col, row, row_span) VALUES ('c53c1995-5a93-4c73-ab41-2a839f507af2', 'd5158319-777e-4aba-832c-90739589dcc3_s1', 0, 1, 4, 1);
INSERT INTO delivery_tasks (id, title, type, status, increment_id, source) VALUES ('97c288dc-a4e3-4da6-9db4-5dfe0dd5be53', '[TVFREE-2050]', 'feature', 'todo', 'd5158319-777e-4aba-832c-90739589dcc3_s1', 'jira');
INSERT INTO delivery_positions (task_id, increment_id, start_col, end_col, row, row_span) VALUES ('97c288dc-a4e3-4da6-9db4-5dfe0dd5be53', 'd5158319-777e-4aba-832c-90739589dcc3_s1', 2, 4, 4, 1);
INSERT INTO delivery_boards (id, user_id, name, board_type, start_date, end_date, duration_weeks) VALUES ('2fd5222d-f6ba-47fb-9f1f-54cf893868cc', 1, 'TVORA - PI1', 'agile', '2026-01-19', '2026-03-01', 6);
INSERT INTO delivery_tasks (id, title, type, status, increment_id, source) VALUES ('95a1b586-d08c-41c4-ac29-a6d480aa4961', '[TVORA-632]', 'feature', 'todo', '2fd5222d-f6ba-47fb-9f1f-54cf893868cc_s1', 'jira');
INSERT INTO delivery_positions (task_id, increment_id, start_col, end_col, row, row_span) VALUES ('95a1b586-d08c-41c4-ac29-a6d480aa4961', '2fd5222d-f6ba-47fb-9f1f-54cf893868cc_s1', 0, 1, 0, 1);
INSERT INTO delivery_tasks (id, title, type, status, increment_id, source) VALUES ('964f7bf2-5017-4983-9404-91a768a8db1a', '[TVORA-621]', 'feature', 'todo', '2fd5222d-f6ba-47fb-9f1f-54cf893868cc_s1', 'jira');
INSERT INTO delivery_positions (task_id, increment_id, start_col, end_col, row, row_span) VALUES ('964f7bf2-5017-4983-9404-91a768a8db1a', '2fd5222d-f6ba-47fb-9f1f-54cf893868cc_s1', 1, 3, 0, 1);
INSERT INTO delivery_tasks (id, title, type, status, increment_id, source) VALUES ('8d686ff9-08c9-4dea-8e93-eaaabf5182e8', '[TVORA-620]', 'feature', 'todo', '2fd5222d-f6ba-47fb-9f1f-54cf893868cc_s1', 'jira');
INSERT INTO delivery_positions (task_id, increment_id, start_col, end_col, row, row_span) VALUES ('8d686ff9-08c9-4dea-8e93-eaaabf5182e8', '2fd5222d-f6ba-47fb-9f1f-54cf893868cc_s1', 4, 6, 0, 1);
INSERT INTO delivery_tasks (id, title, type, status, increment_id, source) VALUES ('70b30032-4c56-4dab-a815-bb5cdd1a7a15', '[TVORA-605]', 'feature', 'todo', '2fd5222d-f6ba-47fb-9f1f-54cf893868cc_s1', 'jira');
INSERT INTO delivery_positions (task_id, increment_id, start_col, end_col, row, row_span) VALUES ('70b30032-4c56-4dab-a815-bb5cdd1a7a15', '2fd5222d-f6ba-47fb-9f1f-54cf893868cc_s1', 5, 6, 0, 1);
INSERT INTO delivery_tasks (id, title, type, status, increment_id, source) VALUES ('4cdfe530-c68d-4031-aeb8-4607c7e5047c', '[TVORA-642]', 'feature', 'todo', '2fd5222d-f6ba-47fb-9f1f-54cf893868cc_s1', 'jira');
INSERT INTO delivery_positions (task_id, increment_id, start_col, end_col, row, row_span) VALUES ('4cdfe530-c68d-4031-aeb8-4607c7e5047c', '2fd5222d-f6ba-47fb-9f1f-54cf893868cc_s1', 5, 6, 0, 1);
INSERT INTO delivery_tasks (id, title, type, status, increment_id, source) VALUES ('873948bb-8392-47d4-aa4d-d5a4161cb41b', '[TVORA-641]', 'feature', 'todo', '2fd5222d-f6ba-47fb-9f1f-54cf893868cc_s1', 'jira');
INSERT INTO delivery_positions (task_id, increment_id, start_col, end_col, row, row_span) VALUES ('873948bb-8392-47d4-aa4d-d5a4161cb41b', '2fd5222d-f6ba-47fb-9f1f-54cf893868cc_s1', 5, 6, 0, 1);
INSERT INTO delivery_tasks (id, title, type, status, increment_id, source) VALUES ('03e218a3-2eef-45d8-add5-808ef310482a', '[TVORA-699]', 'feature', 'todo', '2fd5222d-f6ba-47fb-9f1f-54cf893868cc_s1', 'jira');
INSERT INTO delivery_positions (task_id, increment_id, start_col, end_col, row, row_span) VALUES ('03e218a3-2eef-45d8-add5-808ef310482a', '2fd5222d-f6ba-47fb-9f1f-54cf893868cc_s1', 4, 6, 0, 1);
INSERT INTO delivery_tasks (id, title, type, status, increment_id, source) VALUES ('0dbf97ee-4d52-49e8-92a1-3701befd6dab', '[TVORA-692]', 'feature', 'todo', '2fd5222d-f6ba-47fb-9f1f-54cf893868cc_s1', 'jira');
INSERT INTO delivery_positions (task_id, increment_id, start_col, end_col, row, row_span) VALUES ('0dbf97ee-4d52-49e8-92a1-3701befd6dab', '2fd5222d-f6ba-47fb-9f1f-54cf893868cc_s1', 5, 6, 0, 1);
INSERT INTO delivery_tasks (id, title, type, status, increment_id, source) VALUES ('03974642-54db-4156-80c8-87933be761ed', '[TVORA-700]', 'feature', 'todo', '2fd5222d-f6ba-47fb-9f1f-54cf893868cc_s1', 'jira');
INSERT INTO delivery_positions (task_id, increment_id, start_col, end_col, row, row_span) VALUES ('03974642-54db-4156-80c8-87933be761ed', '2fd5222d-f6ba-47fb-9f1f-54cf893868cc_s1', 4, 6, 1, 1);
INSERT INTO delivery_tasks (id, title, type, status, increment_id, source) VALUES ('f2827214-d687-4f3e-8c3c-abead375fef6', '[TVORA-633]', 'feature', 'todo', '2fd5222d-f6ba-47fb-9f1f-54cf893868cc_s1', 'jira');
INSERT INTO delivery_positions (task_id, increment_id, start_col, end_col, row, row_span) VALUES ('f2827214-d687-4f3e-8c3c-abead375fef6', '2fd5222d-f6ba-47fb-9f1f-54cf893868cc_s1', 0, 1, 1, 1);
INSERT INTO delivery_tasks (id, title, type, status, increment_id, source) VALUES ('b497f87f-9534-486d-a285-7741e2020f6b', '[TVORA-644]', 'feature', 'todo', '2fd5222d-f6ba-47fb-9f1f-54cf893868cc_s1', 'jira');
INSERT INTO delivery_positions (task_id, increment_id, start_col, end_col, row, row_span) VALUES ('b497f87f-9534-486d-a285-7741e2020f6b', '2fd5222d-f6ba-47fb-9f1f-54cf893868cc_s1', 3, 5, 1, 1);
INSERT INTO delivery_tasks (id, title, type, status, increment_id, source) VALUES ('7a064ae5-ccff-4db0-be70-2bd41fdcf292', '[TVORA-618]', 'feature', 'todo', '2fd5222d-f6ba-47fb-9f1f-54cf893868cc_s1', 'jira');
INSERT INTO delivery_positions (task_id, increment_id, start_col, end_col, row, row_span) VALUES ('7a064ae5-ccff-4db0-be70-2bd41fdcf292', '2fd5222d-f6ba-47fb-9f1f-54cf893868cc_s1', 0, 1, 1, 1);
INSERT INTO delivery_tasks (id, title, type, status, increment_id, source) VALUES ('cba197fb-a1bb-480d-8bfa-c7683bffc942', '[TVORA-643]', 'feature', 'todo', '2fd5222d-f6ba-47fb-9f1f-54cf893868cc_s1', 'jira');
INSERT INTO delivery_positions (task_id, increment_id, start_col, end_col, row, row_span) VALUES ('cba197fb-a1bb-480d-8bfa-c7683bffc942', '2fd5222d-f6ba-47fb-9f1f-54cf893868cc_s1', 2, 6, 1, 1);
INSERT INTO delivery_tasks (id, title, type, status, increment_id, source) VALUES ('df08ca4e-42aa-4301-9420-5eae2e709db3', '[TVORA-640]', 'feature', 'todo', '2fd5222d-f6ba-47fb-9f1f-54cf893868cc_s1', 'jira');
INSERT INTO delivery_positions (task_id, increment_id, start_col, end_col, row, row_span) VALUES ('df08ca4e-42aa-4301-9420-5eae2e709db3', '2fd5222d-f6ba-47fb-9f1f-54cf893868cc_s1', 5, 6, 1, 1);
INSERT INTO delivery_tasks (id, title, type, status, increment_id, source) VALUES ('bbf8a5bb-65be-4572-b257-302e0c4c77f8', '[TVORA-704]', 'feature', 'todo', '2fd5222d-f6ba-47fb-9f1f-54cf893868cc_s1', 'jira');
INSERT INTO delivery_positions (task_id, increment_id, start_col, end_col, row, row_span) VALUES ('bbf8a5bb-65be-4572-b257-302e0c4c77f8', '2fd5222d-f6ba-47fb-9f1f-54cf893868cc_s1', 5, 6, 1, 1);
INSERT INTO delivery_tasks (id, title, type, status, increment_id, source) VALUES ('25c125d6-5b1f-49f1-bf1d-23925c406161', '[TVORA-703]', 'feature', 'todo', '2fd5222d-f6ba-47fb-9f1f-54cf893868cc_s1', 'jira');
INSERT INTO delivery_positions (task_id, increment_id, start_col, end_col, row, row_span) VALUES ('25c125d6-5b1f-49f1-bf1d-23925c406161', '2fd5222d-f6ba-47fb-9f1f-54cf893868cc_s1', 2, 4, 1, 1);
INSERT INTO delivery_tasks (id, title, type, status, increment_id, source) VALUES ('ec1e82d5-5c5f-4a31-bf26-c7a39a879410', '[TVORA-619]', 'feature', 'todo', '2fd5222d-f6ba-47fb-9f1f-54cf893868cc_s1', 'jira');
INSERT INTO delivery_positions (task_id, increment_id, start_col, end_col, row, row_span) VALUES ('ec1e82d5-5c5f-4a31-bf26-c7a39a879410', '2fd5222d-f6ba-47fb-9f1f-54cf893868cc_s1', 0, 1, 2, 1);
INSERT INTO delivery_tasks (id, title, type, status, increment_id, source) VALUES ('d4ab0182-3ebe-42d0-b057-e2f5735d452e', '[TVORA-617]', 'feature', 'todo', '2fd5222d-f6ba-47fb-9f1f-54cf893868cc_s1', 'jira');
INSERT INTO delivery_positions (task_id, increment_id, start_col, end_col, row, row_span) VALUES ('d4ab0182-3ebe-42d0-b057-e2f5735d452e', '2fd5222d-f6ba-47fb-9f1f-54cf893868cc_s1', 0, 1, 2, 1);
INSERT INTO delivery_boards (id, user_id, name, board_type, start_date, end_date, duration_weeks) VALUES ('9400e90c-be3a-4e72-83e8-2ae13dcc306f', 1, 'TVORA - PI2', 'agile', '2026-03-02', '2026-04-12', 6);
INSERT INTO delivery_tasks (id, title, type, status, increment_id, source) VALUES ('9ab62a7f-84fd-4ae4-84ba-fe38e1165e5b', '[TVORA-700]', 'feature', 'todo', '9400e90c-be3a-4e72-83e8-2ae13dcc306f_s1', 'jira');
INSERT INTO delivery_positions (task_id, increment_id, start_col, end_col, row, row_span) VALUES ('9ab62a7f-84fd-4ae4-84ba-fe38e1165e5b', '9400e90c-be3a-4e72-83e8-2ae13dcc306f_s1', 1, 2, 0, 1);
INSERT INTO delivery_tasks (id, title, type, status, increment_id, source) VALUES ('c148f0d6-3d68-4737-a9e2-3d1e89734742', '[TVORA-713]', 'feature', 'todo', '9400e90c-be3a-4e72-83e8-2ae13dcc306f_s1', 'jira');
INSERT INTO delivery_positions (task_id, increment_id, start_col, end_col, row, row_span) VALUES ('c148f0d6-3d68-4737-a9e2-3d1e89734742', '9400e90c-be3a-4e72-83e8-2ae13dcc306f_s1', 5, 6, 0, 1);
INSERT INTO delivery_tasks (id, title, type, status, increment_id, source) VALUES ('ccb17dcb-9cf6-4fec-a2d3-9b7f59882a94', '[TVORA-703]', 'feature', 'todo', '9400e90c-be3a-4e72-83e8-2ae13dcc306f_s1', 'jira');
INSERT INTO delivery_positions (task_id, increment_id, start_col, end_col, row, row_span) VALUES ('ccb17dcb-9cf6-4fec-a2d3-9b7f59882a94', '9400e90c-be3a-4e72-83e8-2ae13dcc306f_s1', 1, 2, 0, 1);
INSERT INTO delivery_tasks (id, title, type, status, increment_id, source) VALUES ('41cadb34-7315-43c5-8e5f-1c8da2cb8c16', '[TVORA-692]', 'feature', 'todo', '9400e90c-be3a-4e72-83e8-2ae13dcc306f_s1', 'jira');
INSERT INTO delivery_positions (task_id, increment_id, start_col, end_col, row, row_span) VALUES ('41cadb34-7315-43c5-8e5f-1c8da2cb8c16', '9400e90c-be3a-4e72-83e8-2ae13dcc306f_s1', 2, 5, 0, 1);
INSERT INTO delivery_tasks (id, title, type, status, increment_id, source) VALUES ('fcecdd84-d9ab-42a7-8e49-4c6489608273', '[TVORA-641]', 'feature', 'todo', '9400e90c-be3a-4e72-83e8-2ae13dcc306f_s1', 'jira');
INSERT INTO delivery_positions (task_id, increment_id, start_col, end_col, row, row_span) VALUES ('fcecdd84-d9ab-42a7-8e49-4c6489608273', '9400e90c-be3a-4e72-83e8-2ae13dcc306f_s1', 2, 3, 1, 1);
INSERT INTO delivery_tasks (id, title, type, status, increment_id, source) VALUES ('4ff2199a-0aca-4b6e-b2c4-4168018d9c77', '[TVORA-717]', 'feature', 'todo', '9400e90c-be3a-4e72-83e8-2ae13dcc306f_s1', 'jira');
INSERT INTO delivery_positions (task_id, increment_id, start_col, end_col, row, row_span) VALUES ('4ff2199a-0aca-4b6e-b2c4-4168018d9c77', '9400e90c-be3a-4e72-83e8-2ae13dcc306f_s1', 4, 5, 1, 1);
INSERT INTO delivery_tasks (id, title, type, status, increment_id, source) VALUES ('e8702682-457c-43e9-950e-5b6e3e3c93b2', '[TVORA-691]', 'feature', 'todo', '9400e90c-be3a-4e72-83e8-2ae13dcc306f_s1', 'jira');
INSERT INTO delivery_positions (task_id, increment_id, start_col, end_col, row, row_span) VALUES ('e8702682-457c-43e9-950e-5b6e3e3c93b2', '9400e90c-be3a-4e72-83e8-2ae13dcc306f_s1', 5, 6, 1, 1);
INSERT INTO delivery_tasks (id, title, type, status, increment_id, source) VALUES ('42bebf79-c8a9-4272-ab18-8f7a8d2ba3ed', '[TVORA-712]', 'feature', 'todo', '9400e90c-be3a-4e72-83e8-2ae13dcc306f_s1', 'jira');
INSERT INTO delivery_positions (task_id, increment_id, start_col, end_col, row, row_span) VALUES ('42bebf79-c8a9-4272-ab18-8f7a8d2ba3ed', '9400e90c-be3a-4e72-83e8-2ae13dcc306f_s1', 5, 6, 1, 1);
INSERT INTO delivery_tasks (id, title, type, status, increment_id, source) VALUES ('c1053e9f-5660-4940-ae1f-de7291895013', '[TVORA-702]', 'feature', 'todo', '9400e90c-be3a-4e72-83e8-2ae13dcc306f_s1', 'jira');
INSERT INTO delivery_positions (task_id, increment_id, start_col, end_col, row, row_span) VALUES ('c1053e9f-5660-4940-ae1f-de7291895013', '9400e90c-be3a-4e72-83e8-2ae13dcc306f_s1', 3, 4, 1, 1);
INSERT INTO delivery_tasks (id, title, type, status, increment_id, source) VALUES ('3c01cf20-0194-4573-a11e-a0cc58dae94f', '[TVORA-644]', 'feature', 'todo', '9400e90c-be3a-4e72-83e8-2ae13dcc306f_s1', 'jira');
INSERT INTO delivery_positions (task_id, increment_id, start_col, end_col, row, row_span) VALUES ('3c01cf20-0194-4573-a11e-a0cc58dae94f', '9400e90c-be3a-4e72-83e8-2ae13dcc306f_s1', 0, 2, 1, 1);
INSERT INTO delivery_tasks (id, title, type, status, increment_id, source) VALUES ('99828081-72a6-4c3f-9170-cfca00079110', '[TVORA-605]', 'feature', 'todo', '9400e90c-be3a-4e72-83e8-2ae13dcc306f_s1', 'jira');
INSERT INTO delivery_positions (task_id, increment_id, start_col, end_col, row, row_span) VALUES ('99828081-72a6-4c3f-9170-cfca00079110', '9400e90c-be3a-4e72-83e8-2ae13dcc306f_s1', 2, 3, 2, 1);
INSERT INTO delivery_tasks (id, title, type, status, increment_id, source) VALUES ('8eb814dc-a0d2-4e84-9abb-52ebe767771f', '[TVORA-704]', 'feature', 'todo', '9400e90c-be3a-4e72-83e8-2ae13dcc306f_s1', 'jira');
INSERT INTO delivery_positions (task_id, increment_id, start_col, end_col, row, row_span) VALUES ('8eb814dc-a0d2-4e84-9abb-52ebe767771f', '9400e90c-be3a-4e72-83e8-2ae13dcc306f_s1', 3, 4, 2, 1);
INSERT INTO delivery_tasks (id, title, type, status, increment_id, source) VALUES ('e5e84afc-adf5-4e6d-af60-c93c76b612fe', '[TVORA-734]', 'feature', 'todo', '9400e90c-be3a-4e72-83e8-2ae13dcc306f_s1', 'jira');
INSERT INTO delivery_positions (task_id, increment_id, start_col, end_col, row, row_span) VALUES ('e5e84afc-adf5-4e6d-af60-c93c76b612fe', '9400e90c-be3a-4e72-83e8-2ae13dcc306f_s1', 5, 6, 3, 1);
INSERT INTO delivery_tasks (id, title, type, status, increment_id, source) VALUES ('5a159eff-bc8e-4477-8247-ab4d993ea8a6', '[TVORA-699]', 'feature', 'todo', '9400e90c-be3a-4e72-83e8-2ae13dcc306f_s1', 'jira');
INSERT INTO delivery_positions (task_id, increment_id, start_col, end_col, row, row_span) VALUES ('5a159eff-bc8e-4477-8247-ab4d993ea8a6', '9400e90c-be3a-4e72-83e8-2ae13dcc306f_s1', 0, 2, 3, 1);
INSERT INTO delivery_tasks (id, title, type, status, increment_id, source) VALUES ('3d4f75e7-7997-4116-971c-5d48ec6f6f1c', '[TVORA-721]', 'feature', 'todo', '9400e90c-be3a-4e72-83e8-2ae13dcc306f_s1', 'jira');
INSERT INTO delivery_positions (task_id, increment_id, start_col, end_col, row, row_span) VALUES ('3d4f75e7-7997-4116-971c-5d48ec6f6f1c', '9400e90c-be3a-4e72-83e8-2ae13dcc306f_s1', 2, 3, 3, 1);
INSERT INTO delivery_tasks (id, title, type, status, increment_id, source) VALUES ('e5f1509f-3f1a-4b03-8b96-067fd4e132ff', '[TVORA-701]', 'feature', 'todo', '9400e90c-be3a-4e72-83e8-2ae13dcc306f_s1', 'jira');
INSERT INTO delivery_positions (task_id, increment_id, start_col, end_col, row, row_span) VALUES ('e5f1509f-3f1a-4b03-8b96-067fd4e132ff', '9400e90c-be3a-4e72-83e8-2ae13dcc306f_s1', 3, 4, 3, 1);
INSERT INTO delivery_tasks (id, title, type, status, increment_id, source) VALUES ('fe8f57ca-6709-479d-bfed-64baf4897d7f', '[TVORA-715]', 'feature', 'todo', '9400e90c-be3a-4e72-83e8-2ae13dcc306f_s1', 'jira');
INSERT INTO delivery_positions (task_id, increment_id, start_col, end_col, row, row_span) VALUES ('fe8f57ca-6709-479d-bfed-64baf4897d7f', '9400e90c-be3a-4e72-83e8-2ae13dcc306f_s1', 2, 4, 4, 1);
INSERT INTO delivery_tasks (id, title, type, status, increment_id, source) VALUES ('c28c850e-93a8-4160-abf5-5aae599eb261', '[TVORA-723]', 'feature', 'todo', '9400e90c-be3a-4e72-83e8-2ae13dcc306f_s1', 'jira');
INSERT INTO delivery_positions (task_id, increment_id, start_col, end_col, row, row_span) VALUES ('c28c850e-93a8-4160-abf5-5aae599eb261', '9400e90c-be3a-4e72-83e8-2ae13dcc306f_s1', 4, 6, 8, 1);
INSERT INTO delivery_boards (id, user_id, name, board_type, start_date, end_date, duration_weeks) VALUES ('0fc93482-52ed-4af0-93e9-7f0dd178fa2f', 1, 'TVSFR - PI1', 'agile', '2026-01-19', '2026-03-01', 6);
INSERT INTO delivery_tasks (id, title, type, status, increment_id, source) VALUES ('72934bb2-9c06-4e8d-9309-8e7e497373e3', '[TVSFR-533]', 'feature', 'todo', '0fc93482-52ed-4af0-93e9-7f0dd178fa2f_s1', 'jira');
INSERT INTO delivery_positions (task_id, increment_id, start_col, end_col, row, row_span) VALUES ('72934bb2-9c06-4e8d-9309-8e7e497373e3', '0fc93482-52ed-4af0-93e9-7f0dd178fa2f_s1', 2, 4, 0, 1);
INSERT INTO delivery_tasks (id, title, type, status, increment_id, source) VALUES ('07baccc8-ef16-4bd1-a1aa-67104494f0fa', '[TVSFR-429]', 'feature', 'todo', '0fc93482-52ed-4af0-93e9-7f0dd178fa2f_s1', 'jira');
INSERT INTO delivery_positions (task_id, increment_id, start_col, end_col, row, row_span) VALUES ('07baccc8-ef16-4bd1-a1aa-67104494f0fa', '0fc93482-52ed-4af0-93e9-7f0dd178fa2f_s1', 5, 6, 0, 1);
INSERT INTO delivery_tasks (id, title, type, status, increment_id, source) VALUES ('3f42c3cc-aee9-4dd7-be3f-cf2041df1088', '[TVSFR-534]', 'feature', 'todo', '0fc93482-52ed-4af0-93e9-7f0dd178fa2f_s1', 'jira');
INSERT INTO delivery_positions (task_id, increment_id, start_col, end_col, row, row_span) VALUES ('3f42c3cc-aee9-4dd7-be3f-cf2041df1088', '0fc93482-52ed-4af0-93e9-7f0dd178fa2f_s1', 4, 6, 0, 1);
INSERT INTO delivery_tasks (id, title, type, status, increment_id, source) VALUES ('28cededb-40c3-47ac-8d84-b3d2387e6245', '[TVSFR-536]', 'feature', 'todo', '0fc93482-52ed-4af0-93e9-7f0dd178fa2f_s1', 'jira');
INSERT INTO delivery_positions (task_id, increment_id, start_col, end_col, row, row_span) VALUES ('28cededb-40c3-47ac-8d84-b3d2387e6245', '0fc93482-52ed-4af0-93e9-7f0dd178fa2f_s1', 4, 6, 0, 1);
INSERT INTO delivery_tasks (id, title, type, status, increment_id, source) VALUES ('2b3dd52c-70c0-4037-a573-fc025b2fda9f', '[TVSFR-512]', 'feature', 'todo', '0fc93482-52ed-4af0-93e9-7f0dd178fa2f_s1', 'jira');
INSERT INTO delivery_positions (task_id, increment_id, start_col, end_col, row, row_span) VALUES ('2b3dd52c-70c0-4037-a573-fc025b2fda9f', '0fc93482-52ed-4af0-93e9-7f0dd178fa2f_s1', 0, 1, 0, 1);
INSERT INTO delivery_tasks (id, title, type, status, increment_id, source) VALUES ('25f7d46e-a68e-4a8c-8fb3-90d4d0f567ea', '[TVSFR-515]', 'feature', 'todo', '0fc93482-52ed-4af0-93e9-7f0dd178fa2f_s1', 'jira');
INSERT INTO delivery_positions (task_id, increment_id, start_col, end_col, row, row_span) VALUES ('25f7d46e-a68e-4a8c-8fb3-90d4d0f567ea', '0fc93482-52ed-4af0-93e9-7f0dd178fa2f_s1', 5, 6, 0, 1);
INSERT INTO delivery_tasks (id, title, type, status, increment_id, source) VALUES ('4a4b41e2-b021-4a8b-9cba-aae8b5a7b26e', '[TVSFR-532]', 'feature', 'todo', '0fc93482-52ed-4af0-93e9-7f0dd178fa2f_s1', 'jira');
INSERT INTO delivery_positions (task_id, increment_id, start_col, end_col, row, row_span) VALUES ('4a4b41e2-b021-4a8b-9cba-aae8b5a7b26e', '0fc93482-52ed-4af0-93e9-7f0dd178fa2f_s1', 4, 6, 0, 1);
INSERT INTO delivery_tasks (id, title, type, status, increment_id, source) VALUES ('90439cc9-6f43-4288-89e0-8d6506ca6327', '[TVSFR-519]', 'feature', 'todo', '0fc93482-52ed-4af0-93e9-7f0dd178fa2f_s1', 'jira');
INSERT INTO delivery_positions (task_id, increment_id, start_col, end_col, row, row_span) VALUES ('90439cc9-6f43-4288-89e0-8d6506ca6327', '0fc93482-52ed-4af0-93e9-7f0dd178fa2f_s1', 3, 5, 0, 1);
INSERT INTO delivery_tasks (id, title, type, status, increment_id, source) VALUES ('47ae79d1-75fd-4b39-9e8a-bd97d6119f09', '[TVSFR-438]', 'feature', 'todo', '0fc93482-52ed-4af0-93e9-7f0dd178fa2f_s1', 'jira');
INSERT INTO delivery_positions (task_id, increment_id, start_col, end_col, row, row_span) VALUES ('47ae79d1-75fd-4b39-9e8a-bd97d6119f09', '0fc93482-52ed-4af0-93e9-7f0dd178fa2f_s1', 1, 2, 0, 1);
INSERT INTO delivery_tasks (id, title, type, status, increment_id, source) VALUES ('45bf28cc-1ecb-4725-87c7-dc6c496779e7', '[TVSFR-373]', 'feature', 'todo', '0fc93482-52ed-4af0-93e9-7f0dd178fa2f_s1', 'jira');
INSERT INTO delivery_positions (task_id, increment_id, start_col, end_col, row, row_span) VALUES ('45bf28cc-1ecb-4725-87c7-dc6c496779e7', '0fc93482-52ed-4af0-93e9-7f0dd178fa2f_s1', 0, 1, 1, 1);
INSERT INTO delivery_tasks (id, title, type, status, increment_id, source) VALUES ('0d7483e2-5e14-44d9-89eb-c0431fcaf4cd', '[TVSFR-400]', 'feature', 'todo', '0fc93482-52ed-4af0-93e9-7f0dd178fa2f_s1', 'jira');
INSERT INTO delivery_positions (task_id, increment_id, start_col, end_col, row, row_span) VALUES ('0d7483e2-5e14-44d9-89eb-c0431fcaf4cd', '0fc93482-52ed-4af0-93e9-7f0dd178fa2f_s1', 4, 6, 1, 1);
INSERT INTO delivery_tasks (id, title, type, status, increment_id, source) VALUES ('5e78538a-d61b-422c-9b33-61a472cd5673', '[TVSFR-517]', 'feature', 'todo', '0fc93482-52ed-4af0-93e9-7f0dd178fa2f_s1', 'jira');
INSERT INTO delivery_positions (task_id, increment_id, start_col, end_col, row, row_span) VALUES ('5e78538a-d61b-422c-9b33-61a472cd5673', '0fc93482-52ed-4af0-93e9-7f0dd178fa2f_s1', 2, 3, 2, 1);
INSERT INTO delivery_tasks (id, title, type, status, increment_id, source) VALUES ('ecb1346c-4b85-4277-a784-1414ef1e225c', '[TVSFR-518]', 'feature', 'todo', '0fc93482-52ed-4af0-93e9-7f0dd178fa2f_s1', 'jira');
INSERT INTO delivery_positions (task_id, increment_id, start_col, end_col, row, row_span) VALUES ('ecb1346c-4b85-4277-a784-1414ef1e225c', '0fc93482-52ed-4af0-93e9-7f0dd178fa2f_s1', 4, 5, 2, 1);
INSERT INTO delivery_tasks (id, title, type, status, increment_id, source) VALUES ('35ea72a9-a80c-405a-86e7-c199922915b2', '[TVSFR-516]', 'feature', 'todo', '0fc93482-52ed-4af0-93e9-7f0dd178fa2f_s1', 'jira');
INSERT INTO delivery_positions (task_id, increment_id, start_col, end_col, row, row_span) VALUES ('35ea72a9-a80c-405a-86e7-c199922915b2', '0fc93482-52ed-4af0-93e9-7f0dd178fa2f_s1', 2, 6, 2, 1);
INSERT INTO delivery_tasks (id, title, type, status, increment_id, source) VALUES ('ac4b77a7-23ac-482c-bbfa-b6aeb9e035c4', '[TVSFR-436]', 'feature', 'todo', '0fc93482-52ed-4af0-93e9-7f0dd178fa2f_s1', 'jira');
INSERT INTO delivery_positions (task_id, increment_id, start_col, end_col, row, row_span) VALUES ('ac4b77a7-23ac-482c-bbfa-b6aeb9e035c4', '0fc93482-52ed-4af0-93e9-7f0dd178fa2f_s1', 0, 1, 2, 1);
INSERT INTO delivery_boards (id, user_id, name, board_type, start_date, end_date, duration_weeks) VALUES ('d5976151-f4cf-4037-b962-bc2f7bf922ec', 1, 'TVSFR - PI2', 'agile', '2026-03-02', '2026-04-12', 6);
INSERT INTO delivery_tasks (id, title, type, status, increment_id, source) VALUES ('0adfdb1d-3d30-416c-b5f3-c195fcddff5d', '[TVSFR-517]', 'feature', 'todo', 'd5976151-f4cf-4037-b962-bc2f7bf922ec_s1', 'jira');
INSERT INTO delivery_positions (task_id, increment_id, start_col, end_col, row, row_span) VALUES ('0adfdb1d-3d30-416c-b5f3-c195fcddff5d', 'd5976151-f4cf-4037-b962-bc2f7bf922ec_s1', 2, 4, 0, 1);
INSERT INTO delivery_tasks (id, title, type, status, increment_id, source) VALUES ('7afa27f4-4760-4dec-9d43-037f63513fe3', '[TVSFR-536]', 'feature', 'todo', 'd5976151-f4cf-4037-b962-bc2f7bf922ec_s1', 'jira');
INSERT INTO delivery_positions (task_id, increment_id, start_col, end_col, row, row_span) VALUES ('7afa27f4-4760-4dec-9d43-037f63513fe3', 'd5976151-f4cf-4037-b962-bc2f7bf922ec_s1', 4, 5, 0, 1);
INSERT INTO delivery_tasks (id, title, type, status, increment_id, source) VALUES ('8bbf209d-6a31-4cae-9c33-29d8396b4d68', '[TVSFR-533]', 'feature', 'todo', 'd5976151-f4cf-4037-b962-bc2f7bf922ec_s1', 'jira');
INSERT INTO delivery_positions (task_id, increment_id, start_col, end_col, row, row_span) VALUES ('8bbf209d-6a31-4cae-9c33-29d8396b4d68', 'd5976151-f4cf-4037-b962-bc2f7bf922ec_s1', 5, 6, 0, 1);
INSERT INTO delivery_tasks (id, title, type, status, increment_id, source) VALUES ('e0936ae2-c757-47a4-9dab-2cf61e7a3dbd', '[TVSFR-519]', 'feature', 'todo', 'd5976151-f4cf-4037-b962-bc2f7bf922ec_s1', 'jira');
INSERT INTO delivery_positions (task_id, increment_id, start_col, end_col, row, row_span) VALUES ('e0936ae2-c757-47a4-9dab-2cf61e7a3dbd', 'd5976151-f4cf-4037-b962-bc2f7bf922ec_s1', 0, 2, 0, 1);
INSERT INTO delivery_tasks (id, title, type, status, increment_id, source) VALUES ('dbf29a39-27ac-4b89-9f4e-46084a07654a', '[TVSFR-429]', 'feature', 'todo', 'd5976151-f4cf-4037-b962-bc2f7bf922ec_s1', 'jira');
INSERT INTO delivery_positions (task_id, increment_id, start_col, end_col, row, row_span) VALUES ('dbf29a39-27ac-4b89-9f4e-46084a07654a', 'd5976151-f4cf-4037-b962-bc2f7bf922ec_s1', 2, 3, 0, 1);
INSERT INTO delivery_tasks (id, title, type, status, increment_id, source) VALUES ('e33d732c-8053-41e4-a8b0-a37ebc922129', '[TVSFR-534]', 'feature', 'todo', 'd5976151-f4cf-4037-b962-bc2f7bf922ec_s1', 'jira');
INSERT INTO delivery_positions (task_id, increment_id, start_col, end_col, row, row_span) VALUES ('e33d732c-8053-41e4-a8b0-a37ebc922129', 'd5976151-f4cf-4037-b962-bc2f7bf922ec_s1', 5, 6, 1, 1);
INSERT INTO delivery_tasks (id, title, type, status, increment_id, source) VALUES ('9e0fd64b-d931-4dc8-b7f3-d1f2f9689eb3', '[TVSFR-538]', 'feature', 'todo', 'd5976151-f4cf-4037-b962-bc2f7bf922ec_s1', 'jira');
INSERT INTO delivery_positions (task_id, increment_id, start_col, end_col, row, row_span) VALUES ('9e0fd64b-d931-4dc8-b7f3-d1f2f9689eb3', 'd5976151-f4cf-4037-b962-bc2f7bf922ec_s1', 2, 3, 1, 1);
INSERT INTO delivery_tasks (id, title, type, status, increment_id, source) VALUES ('e76b7e29-5d3e-49e6-b353-b18f75d04927', '[TVSFR-557]', 'feature', 'todo', 'd5976151-f4cf-4037-b962-bc2f7bf922ec_s1', 'jira');
INSERT INTO delivery_positions (task_id, increment_id, start_col, end_col, row, row_span) VALUES ('e76b7e29-5d3e-49e6-b353-b18f75d04927', 'd5976151-f4cf-4037-b962-bc2f7bf922ec_s1', 4, 5, 1, 1);
INSERT INTO delivery_tasks (id, title, type, status, increment_id, source) VALUES ('9d320a77-fdf8-43fd-8c4e-95fca8c3de27', '[TVSFR-543]', 'feature', 'todo', 'd5976151-f4cf-4037-b962-bc2f7bf922ec_s1', 'jira');
INSERT INTO delivery_positions (task_id, increment_id, start_col, end_col, row, row_span) VALUES ('9d320a77-fdf8-43fd-8c4e-95fca8c3de27', 'd5976151-f4cf-4037-b962-bc2f7bf922ec_s1', 5, 6, 2, 1);
INSERT INTO delivery_tasks (id, title, type, status, increment_id, source) VALUES ('f0ae5610-0e3c-44b2-949a-b55ec19d2d7f', '[TVSFR-542]', 'feature', 'todo', 'd5976151-f4cf-4037-b962-bc2f7bf922ec_s1', 'jira');
INSERT INTO delivery_positions (task_id, increment_id, start_col, end_col, row, row_span) VALUES ('f0ae5610-0e3c-44b2-949a-b55ec19d2d7f', 'd5976151-f4cf-4037-b962-bc2f7bf922ec_s1', 2, 4, 2, 1);
INSERT INTO delivery_tasks (id, title, type, status, increment_id, source) VALUES ('75b21dc2-5096-4deb-81a2-467d999dd674', '[TVSFR-532]', 'feature', 'todo', 'd5976151-f4cf-4037-b962-bc2f7bf922ec_s1', 'jira');
INSERT INTO delivery_positions (task_id, increment_id, start_col, end_col, row, row_span) VALUES ('75b21dc2-5096-4deb-81a2-467d999dd674', 'd5976151-f4cf-4037-b962-bc2f7bf922ec_s1', 5, 6, 2, 1);
INSERT INTO delivery_tasks (id, title, type, status, increment_id, source) VALUES ('47c80ef0-e14c-4598-b0e2-00866980d655', '[TVSFR-554]', 'feature', 'todo', 'd5976151-f4cf-4037-b962-bc2f7bf922ec_s1', 'jira');
INSERT INTO delivery_positions (task_id, increment_id, start_col, end_col, row, row_span) VALUES ('47c80ef0-e14c-4598-b0e2-00866980d655', 'd5976151-f4cf-4037-b962-bc2f7bf922ec_s1', 2, 4, 3, 1);
INSERT INTO delivery_tasks (id, title, type, status, increment_id, source) VALUES ('396e9b7e-7d3b-4ea0-b7fa-6d171fdbf6c8', '[TVSFR-556]', 'feature', 'todo', 'd5976151-f4cf-4037-b962-bc2f7bf922ec_s1', 'jira');
INSERT INTO delivery_positions (task_id, increment_id, start_col, end_col, row, row_span) VALUES ('396e9b7e-7d3b-4ea0-b7fa-6d171fdbf6c8', 'd5976151-f4cf-4037-b962-bc2f7bf922ec_s1', 2, 4, 4, 1);
INSERT INTO delivery_tasks (id, title, type, status, increment_id, source) VALUES ('3b351e3b-6249-459a-b635-2b21d778213c', '[TVSFR-552]', 'feature', 'todo', 'd5976151-f4cf-4037-b962-bc2f7bf922ec_s1', 'jira');
INSERT INTO delivery_positions (task_id, increment_id, start_col, end_col, row, row_span) VALUES ('3b351e3b-6249-459a-b635-2b21d778213c', 'd5976151-f4cf-4037-b962-bc2f7bf922ec_s1', 2, 4, 5, 1);
INSERT INTO delivery_tasks (id, title, type, status, increment_id, source) VALUES ('6e0c9483-2315-4c38-8e88-8f1ab69f507d', '[TVSFR-550]', 'feature', 'todo', 'd5976151-f4cf-4037-b962-bc2f7bf922ec_s1', 'jira');
INSERT INTO delivery_positions (task_id, increment_id, start_col, end_col, row, row_span) VALUES ('6e0c9483-2315-4c38-8e88-8f1ab69f507d', 'd5976151-f4cf-4037-b962-bc2f7bf922ec_s1', 2, 4, 6, 1);
INSERT INTO delivery_tasks (id, title, type, status, increment_id, source) VALUES ('4194b0c6-96c6-4f77-908d-fff5298443d0', '[TVSFR-548]', 'feature', 'todo', 'd5976151-f4cf-4037-b962-bc2f7bf922ec_s1', 'jira');
INSERT INTO delivery_positions (task_id, increment_id, start_col, end_col, row, row_span) VALUES ('4194b0c6-96c6-4f77-908d-fff5298443d0', 'd5976151-f4cf-4037-b962-bc2f7bf922ec_s1', 2, 4, 7, 1);
INSERT INTO delivery_boards (id, user_id, name, board_type, start_date, end_date, duration_weeks) VALUES ('d3b0a1d7-fbf9-4482-ae14-32d86ff0db02', 1, 'TVSMART - PI1', 'agile', '2026-01-19', '2026-03-01', 6);
INSERT INTO delivery_tasks (id, title, type, status, increment_id, source) VALUES ('e93f01ee-8070-4ae5-b929-139f0e10c599', '[TVSMART-2190]', 'feature', 'todo', 'd3b0a1d7-fbf9-4482-ae14-32d86ff0db02_s1', 'jira');
INSERT INTO delivery_positions (task_id, increment_id, start_col, end_col, row, row_span) VALUES ('e93f01ee-8070-4ae5-b929-139f0e10c599', 'd3b0a1d7-fbf9-4482-ae14-32d86ff0db02_s1', 2, 4, 0, 1);
INSERT INTO delivery_tasks (id, title, type, status, increment_id, source) VALUES ('c667f2e2-eca5-4345-8e53-61415131bb7f', '[TVSMART-1931]', 'feature', 'todo', 'd3b0a1d7-fbf9-4482-ae14-32d86ff0db02_s1', 'jira');
INSERT INTO delivery_positions (task_id, increment_id, start_col, end_col, row, row_span) VALUES ('c667f2e2-eca5-4345-8e53-61415131bb7f', 'd3b0a1d7-fbf9-4482-ae14-32d86ff0db02_s1', 1, 2, 0, 1);
INSERT INTO delivery_tasks (id, title, type, status, increment_id, source) VALUES ('7c12df5d-3d8a-4b39-b27a-7c9d297616a6', '[TVSMART-2062]', 'feature', 'todo', 'd3b0a1d7-fbf9-4482-ae14-32d86ff0db02_s1', 'jira');
INSERT INTO delivery_positions (task_id, increment_id, start_col, end_col, row, row_span) VALUES ('7c12df5d-3d8a-4b39-b27a-7c9d297616a6', 'd3b0a1d7-fbf9-4482-ae14-32d86ff0db02_s1', 0, 1, 0, 1);
INSERT INTO delivery_tasks (id, title, type, status, increment_id, source) VALUES ('0bc763ea-19e2-48fe-afc1-75ae8cbe6697', '[TVSMART-2197]', 'feature', 'todo', 'd3b0a1d7-fbf9-4482-ae14-32d86ff0db02_s1', 'jira');
INSERT INTO delivery_positions (task_id, increment_id, start_col, end_col, row, row_span) VALUES ('0bc763ea-19e2-48fe-afc1-75ae8cbe6697', 'd3b0a1d7-fbf9-4482-ae14-32d86ff0db02_s1', 4, 5, 0, 1);
INSERT INTO delivery_tasks (id, title, type, status, increment_id, source) VALUES ('373c7f61-5ab9-49ad-a72e-f56eaabfef07', '[TVSMART-2019]', 'feature', 'todo', 'd3b0a1d7-fbf9-4482-ae14-32d86ff0db02_s1', 'jira');
INSERT INTO delivery_positions (task_id, increment_id, start_col, end_col, row, row_span) VALUES ('373c7f61-5ab9-49ad-a72e-f56eaabfef07', 'd3b0a1d7-fbf9-4482-ae14-32d86ff0db02_s1', 2, 4, 0, 1);
INSERT INTO delivery_tasks (id, title, type, status, increment_id, source) VALUES ('5f0e612d-8df0-43f6-b4b8-95b36195a0c7', '[TVSMART-1972]', 'feature', 'todo', 'd3b0a1d7-fbf9-4482-ae14-32d86ff0db02_s1', 'jira');
INSERT INTO delivery_positions (task_id, increment_id, start_col, end_col, row, row_span) VALUES ('5f0e612d-8df0-43f6-b4b8-95b36195a0c7', 'd3b0a1d7-fbf9-4482-ae14-32d86ff0db02_s1', 0, 1, 0, 1);
INSERT INTO delivery_tasks (id, title, type, status, increment_id, source) VALUES ('7cfc13f2-906b-4e91-8a6b-6201cd9915e7', '[TVSMART-2193]', 'feature', 'todo', 'd3b0a1d7-fbf9-4482-ae14-32d86ff0db02_s1', 'jira');
INSERT INTO delivery_positions (task_id, increment_id, start_col, end_col, row, row_span) VALUES ('7cfc13f2-906b-4e91-8a6b-6201cd9915e7', 'd3b0a1d7-fbf9-4482-ae14-32d86ff0db02_s1', 5, 6, 0, 1);
INSERT INTO delivery_tasks (id, title, type, status, increment_id, source) VALUES ('98fe9902-31a5-477f-a5e3-2ef4e9f9c995', '[TVSMART-2192]', 'feature', 'todo', 'd3b0a1d7-fbf9-4482-ae14-32d86ff0db02_s1', 'jira');
INSERT INTO delivery_positions (task_id, increment_id, start_col, end_col, row, row_span) VALUES ('98fe9902-31a5-477f-a5e3-2ef4e9f9c995', 'd3b0a1d7-fbf9-4482-ae14-32d86ff0db02_s1', 4, 5, 0, 1);
INSERT INTO delivery_tasks (id, title, type, status, increment_id, source) VALUES ('e35b0993-de6e-4ad2-ba80-d16059b24906', '[TVSMART-2191]', 'feature', 'todo', 'd3b0a1d7-fbf9-4482-ae14-32d86ff0db02_s1', 'jira');
INSERT INTO delivery_positions (task_id, increment_id, start_col, end_col, row, row_span) VALUES ('e35b0993-de6e-4ad2-ba80-d16059b24906', 'd3b0a1d7-fbf9-4482-ae14-32d86ff0db02_s1', 5, 6, 1, 1);
INSERT INTO delivery_tasks (id, title, type, status, increment_id, source) VALUES ('e67a93bb-aecb-431d-bbab-cfbdf52e8ed2', '[TVSMART-2142]', 'feature', 'todo', 'd3b0a1d7-fbf9-4482-ae14-32d86ff0db02_s1', 'jira');
INSERT INTO delivery_positions (task_id, increment_id, start_col, end_col, row, row_span) VALUES ('e67a93bb-aecb-431d-bbab-cfbdf52e8ed2', 'd3b0a1d7-fbf9-4482-ae14-32d86ff0db02_s1', 4, 6, 1, 1);
INSERT INTO delivery_tasks (id, title, type, status, increment_id, source) VALUES ('346a868a-4e9c-4107-a5d6-719855ea57cf', '[TVSMART-2222]', 'feature', 'todo', 'd3b0a1d7-fbf9-4482-ae14-32d86ff0db02_s1', 'jira');
INSERT INTO delivery_positions (task_id, increment_id, start_col, end_col, row, row_span) VALUES ('346a868a-4e9c-4107-a5d6-719855ea57cf', 'd3b0a1d7-fbf9-4482-ae14-32d86ff0db02_s1', 4, 6, 1, 1);
INSERT INTO delivery_tasks (id, title, type, status, increment_id, source) VALUES ('6274143f-63bc-4fd9-8b78-ffd12d1ce119', '[TVSMART-2012]', 'feature', 'todo', 'd3b0a1d7-fbf9-4482-ae14-32d86ff0db02_s1', 'jira');
INSERT INTO delivery_positions (task_id, increment_id, start_col, end_col, row, row_span) VALUES ('6274143f-63bc-4fd9-8b78-ffd12d1ce119', 'd3b0a1d7-fbf9-4482-ae14-32d86ff0db02_s1', 0, 1, 1, 1);
INSERT INTO delivery_tasks (id, title, type, status, increment_id, source) VALUES ('43bd6471-5531-40b1-9cae-060a22941181', '[TVSMART-2149]', 'feature', 'todo', 'd3b0a1d7-fbf9-4482-ae14-32d86ff0db02_s1', 'jira');
INSERT INTO delivery_positions (task_id, increment_id, start_col, end_col, row, row_span) VALUES ('43bd6471-5531-40b1-9cae-060a22941181', 'd3b0a1d7-fbf9-4482-ae14-32d86ff0db02_s1', 3, 4, 1, 1);
INSERT INTO delivery_tasks (id, title, type, status, increment_id, source) VALUES ('f66594d3-1289-4839-89f7-73361bc29b1b', '[TVSMART-2055]', 'feature', 'todo', 'd3b0a1d7-fbf9-4482-ae14-32d86ff0db02_s1', 'jira');
INSERT INTO delivery_positions (task_id, increment_id, start_col, end_col, row, row_span) VALUES ('f66594d3-1289-4839-89f7-73361bc29b1b', 'd3b0a1d7-fbf9-4482-ae14-32d86ff0db02_s1', 1, 2, 2, 1);
INSERT INTO delivery_tasks (id, title, type, status, increment_id, source) VALUES ('e507ef4e-93c5-4703-92c0-fa404529ab04', '[TVSMART-2084]', 'feature', 'todo', 'd3b0a1d7-fbf9-4482-ae14-32d86ff0db02_s1', 'jira');
INSERT INTO delivery_positions (task_id, increment_id, start_col, end_col, row, row_span) VALUES ('e507ef4e-93c5-4703-92c0-fa404529ab04', 'd3b0a1d7-fbf9-4482-ae14-32d86ff0db02_s1', 5, 6, 2, 1);
INSERT INTO delivery_tasks (id, title, type, status, increment_id, source) VALUES ('5230cb6e-d97b-4e32-8dc1-79b77fac2d2d', '[TVSMART-2089]', 'feature', 'todo', 'd3b0a1d7-fbf9-4482-ae14-32d86ff0db02_s1', 'jira');
INSERT INTO delivery_positions (task_id, increment_id, start_col, end_col, row, row_span) VALUES ('5230cb6e-d97b-4e32-8dc1-79b77fac2d2d', 'd3b0a1d7-fbf9-4482-ae14-32d86ff0db02_s1', 5, 6, 2, 1);
INSERT INTO delivery_tasks (id, title, type, status, increment_id, source) VALUES ('026d7733-ec20-4247-9b7b-019115711d60', '[TVSMART-2181]', 'feature', 'todo', 'd3b0a1d7-fbf9-4482-ae14-32d86ff0db02_s1', 'jira');
INSERT INTO delivery_positions (task_id, increment_id, start_col, end_col, row, row_span) VALUES ('026d7733-ec20-4247-9b7b-019115711d60', 'd3b0a1d7-fbf9-4482-ae14-32d86ff0db02_s1', 4, 6, 2, 1);
INSERT INTO delivery_tasks (id, title, type, status, increment_id, source) VALUES ('36daccbe-1e46-498f-9561-c59c4bfa824a', '[TVSMART-2216]', 'feature', 'todo', 'd3b0a1d7-fbf9-4482-ae14-32d86ff0db02_s1', 'jira');
INSERT INTO delivery_positions (task_id, increment_id, start_col, end_col, row, row_span) VALUES ('36daccbe-1e46-498f-9561-c59c4bfa824a', 'd3b0a1d7-fbf9-4482-ae14-32d86ff0db02_s1', 4, 6, 2, 1);
INSERT INTO delivery_tasks (id, title, type, status, increment_id, source) VALUES ('8e820be6-debb-41f3-bded-8233e9be73fb', '[TVSMART-2074]', 'feature', 'todo', 'd3b0a1d7-fbf9-4482-ae14-32d86ff0db02_s1', 'jira');
INSERT INTO delivery_positions (task_id, increment_id, start_col, end_col, row, row_span) VALUES ('8e820be6-debb-41f3-bded-8233e9be73fb', 'd3b0a1d7-fbf9-4482-ae14-32d86ff0db02_s1', 1, 2, 2, 1);
INSERT INTO delivery_tasks (id, title, type, status, increment_id, source) VALUES ('00b69050-d9f6-4e82-b554-14c13d855873', '[TVSMART-1932]', 'feature', 'todo', 'd3b0a1d7-fbf9-4482-ae14-32d86ff0db02_s1', 'jira');
INSERT INTO delivery_positions (task_id, increment_id, start_col, end_col, row, row_span) VALUES ('00b69050-d9f6-4e82-b554-14c13d855873', 'd3b0a1d7-fbf9-4482-ae14-32d86ff0db02_s1', 2, 4, 2, 1);
INSERT INTO delivery_tasks (id, title, type, status, increment_id, source) VALUES ('fcaab8a3-29dc-41da-b54f-d3a8b8e4b068', '[TVSMART-1930]', 'feature', 'todo', 'd3b0a1d7-fbf9-4482-ae14-32d86ff0db02_s1', 'jira');
INSERT INTO delivery_positions (task_id, increment_id, start_col, end_col, row, row_span) VALUES ('fcaab8a3-29dc-41da-b54f-d3a8b8e4b068', 'd3b0a1d7-fbf9-4482-ae14-32d86ff0db02_s1', 5, 6, 3, 1);
INSERT INTO delivery_tasks (id, title, type, status, increment_id, source) VALUES ('f0eb6029-eac0-4496-b09b-0f479ade9566', '[TVSMART-2185]', 'feature', 'todo', 'd3b0a1d7-fbf9-4482-ae14-32d86ff0db02_s1', 'jira');
INSERT INTO delivery_positions (task_id, increment_id, start_col, end_col, row, row_span) VALUES ('f0eb6029-eac0-4496-b09b-0f479ade9566', 'd3b0a1d7-fbf9-4482-ae14-32d86ff0db02_s1', 4, 5, 3, 1);
INSERT INTO delivery_tasks (id, title, type, status, increment_id, source) VALUES ('34bed583-2313-48dc-9abb-f10216250467', '[TVSMART-1978]', 'feature', 'todo', 'd3b0a1d7-fbf9-4482-ae14-32d86ff0db02_s1', 'jira');
INSERT INTO delivery_positions (task_id, increment_id, start_col, end_col, row, row_span) VALUES ('34bed583-2313-48dc-9abb-f10216250467', 'd3b0a1d7-fbf9-4482-ae14-32d86ff0db02_s1', 0, 2, 3, 1);
INSERT INTO delivery_tasks (id, title, type, status, increment_id, source) VALUES ('ea9a53c3-3886-4bdb-ae52-c4e8fa2e6993', '[TVSMART-2213]', 'feature', 'todo', 'd3b0a1d7-fbf9-4482-ae14-32d86ff0db02_s1', 'jira');
INSERT INTO delivery_positions (task_id, increment_id, start_col, end_col, row, row_span) VALUES ('ea9a53c3-3886-4bdb-ae52-c4e8fa2e6993', 'd3b0a1d7-fbf9-4482-ae14-32d86ff0db02_s1', 4, 6, 3, 1);
INSERT INTO delivery_tasks (id, title, type, status, increment_id, source) VALUES ('c0f03e64-66f9-4345-87ea-a4ddbbae1a1b', '[TVSMART-2184]', 'feature', 'todo', 'd3b0a1d7-fbf9-4482-ae14-32d86ff0db02_s1', 'jira');
INSERT INTO delivery_positions (task_id, increment_id, start_col, end_col, row, row_span) VALUES ('c0f03e64-66f9-4345-87ea-a4ddbbae1a1b', 'd3b0a1d7-fbf9-4482-ae14-32d86ff0db02_s1', 4, 6, 3, 1);
INSERT INTO delivery_tasks (id, title, type, status, increment_id, source) VALUES ('5c45d04d-2137-4d69-8ab3-4f0ab5ffd62a', '[TVSMART-2063]', 'feature', 'todo', 'd3b0a1d7-fbf9-4482-ae14-32d86ff0db02_s1', 'jira');
INSERT INTO delivery_positions (task_id, increment_id, start_col, end_col, row, row_span) VALUES ('5c45d04d-2137-4d69-8ab3-4f0ab5ffd62a', 'd3b0a1d7-fbf9-4482-ae14-32d86ff0db02_s1', 5, 6, 4, 1);
INSERT INTO delivery_tasks (id, title, type, status, increment_id, source) VALUES ('a971e063-9f00-4643-a5c3-65b3a774800d', '[TVSMART-2080]', 'feature', 'todo', 'd3b0a1d7-fbf9-4482-ae14-32d86ff0db02_s1', 'jira');
INSERT INTO delivery_positions (task_id, increment_id, start_col, end_col, row, row_span) VALUES ('a971e063-9f00-4643-a5c3-65b3a774800d', 'd3b0a1d7-fbf9-4482-ae14-32d86ff0db02_s1', 0, 1, 4, 1);
INSERT INTO delivery_tasks (id, title, type, status, increment_id, source) VALUES ('e8528f9a-f78c-43df-baf1-3366de528de0', '[TVSMART-1929]', 'feature', 'todo', 'd3b0a1d7-fbf9-4482-ae14-32d86ff0db02_s1', 'jira');
INSERT INTO delivery_positions (task_id, increment_id, start_col, end_col, row, row_span) VALUES ('e8528f9a-f78c-43df-baf1-3366de528de0', 'd3b0a1d7-fbf9-4482-ae14-32d86ff0db02_s1', 4, 6, 4, 1);
INSERT INTO delivery_tasks (id, title, type, status, increment_id, source) VALUES ('4c4b8c5e-ce4c-4796-98ed-22bc584f5398', '[TVSMART-1928]', 'feature', 'todo', 'd3b0a1d7-fbf9-4482-ae14-32d86ff0db02_s1', 'jira');
INSERT INTO delivery_positions (task_id, increment_id, start_col, end_col, row, row_span) VALUES ('4c4b8c5e-ce4c-4796-98ed-22bc584f5398', 'd3b0a1d7-fbf9-4482-ae14-32d86ff0db02_s1', 0, 1, 4, 1);
INSERT INTO delivery_tasks (id, title, type, status, increment_id, source) VALUES ('e02aa25e-0a1d-47fb-93ca-3641227ee11c', '[TVSMART-2079]', 'feature', 'todo', 'd3b0a1d7-fbf9-4482-ae14-32d86ff0db02_s1', 'jira');
INSERT INTO delivery_positions (task_id, increment_id, start_col, end_col, row, row_span) VALUES ('e02aa25e-0a1d-47fb-93ca-3641227ee11c', 'd3b0a1d7-fbf9-4482-ae14-32d86ff0db02_s1', 0, 1, 5, 1);
INSERT INTO delivery_tasks (id, title, type, status, increment_id, source) VALUES ('f29bbc67-6863-44e7-91aa-a7b39741ee84', '[TVSMART-2226]', 'feature', 'todo', 'd3b0a1d7-fbf9-4482-ae14-32d86ff0db02_s1', 'jira');
INSERT INTO delivery_positions (task_id, increment_id, start_col, end_col, row, row_span) VALUES ('f29bbc67-6863-44e7-91aa-a7b39741ee84', 'd3b0a1d7-fbf9-4482-ae14-32d86ff0db02_s1', 4, 6, 5, 1);
INSERT INTO delivery_tasks (id, title, type, status, increment_id, source) VALUES ('962fbf94-8cf7-4059-8d01-e82917cc05ba', '[TVSMART-2087]', 'feature', 'todo', 'd3b0a1d7-fbf9-4482-ae14-32d86ff0db02_s1', 'jira');
INSERT INTO delivery_positions (task_id, increment_id, start_col, end_col, row, row_span) VALUES ('962fbf94-8cf7-4059-8d01-e82917cc05ba', 'd3b0a1d7-fbf9-4482-ae14-32d86ff0db02_s1', 4, 6, 7, 1);
INSERT INTO delivery_tasks (id, title, type, status, increment_id, source) VALUES ('a50fbdd3-a971-4f8e-8b08-feca0d2a3bca', '[TVSMART-2241]', 'feature', 'todo', 'd3b0a1d7-fbf9-4482-ae14-32d86ff0db02_s1', 'jira');
INSERT INTO delivery_positions (task_id, increment_id, start_col, end_col, row, row_span) VALUES ('a50fbdd3-a971-4f8e-8b08-feca0d2a3bca', 'd3b0a1d7-fbf9-4482-ae14-32d86ff0db02_s1', 4, 6, 7, 1);
INSERT INTO delivery_boards (id, user_id, name, board_type, start_date, end_date, duration_weeks) VALUES ('b156f7f9-4fc5-41fa-9a09-4db07f897dbb', 1, 'TVSMART - PI2', 'agile', '2026-03-02', '2026-04-12', 6);
INSERT INTO delivery_tasks (id, title, type, status, increment_id, source) VALUES ('c88848ce-1223-48b4-b66d-37f0ce6da5b7', '[TVSMART-2234]', 'feature', 'todo', 'b156f7f9-4fc5-41fa-9a09-4db07f897dbb_s1', 'jira');
INSERT INTO delivery_positions (task_id, increment_id, start_col, end_col, row, row_span) VALUES ('c88848ce-1223-48b4-b66d-37f0ce6da5b7', 'b156f7f9-4fc5-41fa-9a09-4db07f897dbb_s1', 4, 5, 0, 1);
INSERT INTO delivery_tasks (id, title, type, status, increment_id, source) VALUES ('cb6cf580-d62d-457b-af57-0a69c1ddc779', '[TVSMART-2062]', 'feature', 'todo', 'b156f7f9-4fc5-41fa-9a09-4db07f897dbb_s1', 'jira');
INSERT INTO delivery_positions (task_id, increment_id, start_col, end_col, row, row_span) VALUES ('cb6cf580-d62d-457b-af57-0a69c1ddc779', 'b156f7f9-4fc5-41fa-9a09-4db07f897dbb_s1', 2, 4, 0, 1);
INSERT INTO delivery_tasks (id, title, type, status, increment_id, source) VALUES ('8cce23ec-f56e-4565-af53-7ccf8a8870ff', '[TVSMART-2089]', 'feature', 'todo', 'b156f7f9-4fc5-41fa-9a09-4db07f897dbb_s1', 'jira');
INSERT INTO delivery_positions (task_id, increment_id, start_col, end_col, row, row_span) VALUES ('8cce23ec-f56e-4565-af53-7ccf8a8870ff', 'b156f7f9-4fc5-41fa-9a09-4db07f897dbb_s1', 5, 6, 0, 1);
INSERT INTO delivery_tasks (id, title, type, status, increment_id, source) VALUES ('1686015a-b178-4a69-8bce-d6dd9167aab0', '[TVSMART-1931]', 'feature', 'todo', 'b156f7f9-4fc5-41fa-9a09-4db07f897dbb_s1', 'jira');
INSERT INTO delivery_positions (task_id, increment_id, start_col, end_col, row, row_span) VALUES ('1686015a-b178-4a69-8bce-d6dd9167aab0', 'b156f7f9-4fc5-41fa-9a09-4db07f897dbb_s1', 0, 1, 0, 1);
INSERT INTO delivery_tasks (id, title, type, status, increment_id, source) VALUES ('0a28ae59-5b94-461d-8c92-051ad2bbf29a', '[TVSMART-2260]', 'feature', 'todo', 'b156f7f9-4fc5-41fa-9a09-4db07f897dbb_s1', 'jira');
INSERT INTO delivery_positions (task_id, increment_id, start_col, end_col, row, row_span) VALUES ('0a28ae59-5b94-461d-8c92-051ad2bbf29a', 'b156f7f9-4fc5-41fa-9a09-4db07f897dbb_s1', 5, 6, 0, 1);
INSERT INTO delivery_tasks (id, title, type, status, increment_id, source) VALUES ('3b775826-9a5e-4d8f-b91c-493e2f43e89d', '[TVSMART-2185]', 'feature', 'todo', 'b156f7f9-4fc5-41fa-9a09-4db07f897dbb_s1', 'jira');
INSERT INTO delivery_positions (task_id, increment_id, start_col, end_col, row, row_span) VALUES ('3b775826-9a5e-4d8f-b91c-493e2f43e89d', 'b156f7f9-4fc5-41fa-9a09-4db07f897dbb_s1', 2, 3, 0, 1);
INSERT INTO delivery_tasks (id, title, type, status, increment_id, source) VALUES ('19983adc-ecf7-467c-bc99-f6a2c3f3b63f', '[TVSMART-2142]', 'feature', 'todo', 'b156f7f9-4fc5-41fa-9a09-4db07f897dbb_s1', 'jira');
INSERT INTO delivery_positions (task_id, increment_id, start_col, end_col, row, row_span) VALUES ('19983adc-ecf7-467c-bc99-f6a2c3f3b63f', 'b156f7f9-4fc5-41fa-9a09-4db07f897dbb_s1', 3, 4, 0, 1);
INSERT INTO delivery_tasks (id, title, type, status, increment_id, source) VALUES ('265fdcf3-237f-4919-b1d9-a5598f8d59c9', '[TVSMART-2191]', 'feature', 'todo', 'b156f7f9-4fc5-41fa-9a09-4db07f897dbb_s1', 'jira');
INSERT INTO delivery_positions (task_id, increment_id, start_col, end_col, row, row_span) VALUES ('265fdcf3-237f-4919-b1d9-a5598f8d59c9', 'b156f7f9-4fc5-41fa-9a09-4db07f897dbb_s1', 2, 3, 0, 1);
INSERT INTO delivery_tasks (id, title, type, status, increment_id, source) VALUES ('451e01e5-f12c-434d-96c5-0a3da942572e', '[TVSMART-2184]', 'feature', 'todo', 'b156f7f9-4fc5-41fa-9a09-4db07f897dbb_s1', 'jira');
INSERT INTO delivery_positions (task_id, increment_id, start_col, end_col, row, row_span) VALUES ('451e01e5-f12c-434d-96c5-0a3da942572e', 'b156f7f9-4fc5-41fa-9a09-4db07f897dbb_s1', 1, 2, 0, 1);
INSERT INTO delivery_tasks (id, title, type, status, increment_id, source) VALUES ('2506f1ea-7af4-41b0-abd1-6e800adb8f1d', '[TVSMART-2222]', 'feature', 'todo', 'b156f7f9-4fc5-41fa-9a09-4db07f897dbb_s1', 'jira');
INSERT INTO delivery_positions (task_id, increment_id, start_col, end_col, row, row_span) VALUES ('2506f1ea-7af4-41b0-abd1-6e800adb8f1d', 'b156f7f9-4fc5-41fa-9a09-4db07f897dbb_s1', 0, 1, 0, 1);
INSERT INTO delivery_tasks (id, title, type, status, increment_id, source) VALUES ('9613b58e-ab25-488f-8875-8efd528e5afe', '[TVSMART-2276]', 'feature', 'todo', 'b156f7f9-4fc5-41fa-9a09-4db07f897dbb_s1', 'jira');
INSERT INTO delivery_positions (task_id, increment_id, start_col, end_col, row, row_span) VALUES ('9613b58e-ab25-488f-8875-8efd528e5afe', 'b156f7f9-4fc5-41fa-9a09-4db07f897dbb_s1', 5, 6, 0, 1);
INSERT INTO delivery_tasks (id, title, type, status, increment_id, source) VALUES ('28a6c354-038b-4d3d-9e1c-b834c871deaa', '[TVSMART-2258]', 'feature', 'todo', 'b156f7f9-4fc5-41fa-9a09-4db07f897dbb_s1', 'jira');
INSERT INTO delivery_positions (task_id, increment_id, start_col, end_col, row, row_span) VALUES ('28a6c354-038b-4d3d-9e1c-b834c871deaa', 'b156f7f9-4fc5-41fa-9a09-4db07f897dbb_s1', 5, 6, 1, 1);
INSERT INTO delivery_tasks (id, title, type, status, increment_id, source) VALUES ('837ab864-acf6-4ea5-a440-d3d14840c945', '[TVSMART-2246]', 'feature', 'todo', 'b156f7f9-4fc5-41fa-9a09-4db07f897dbb_s1', 'jira');
INSERT INTO delivery_positions (task_id, increment_id, start_col, end_col, row, row_span) VALUES ('837ab864-acf6-4ea5-a440-d3d14840c945', 'b156f7f9-4fc5-41fa-9a09-4db07f897dbb_s1', 5, 6, 1, 1);
INSERT INTO delivery_tasks (id, title, type, status, increment_id, source) VALUES ('8f1a2a66-155a-4183-80c2-8a1c2a80f567', '[TVSMART-2229]', 'feature', 'todo', 'b156f7f9-4fc5-41fa-9a09-4db07f897dbb_s1', 'jira');
INSERT INTO delivery_positions (task_id, increment_id, start_col, end_col, row, row_span) VALUES ('8f1a2a66-155a-4183-80c2-8a1c2a80f567', 'b156f7f9-4fc5-41fa-9a09-4db07f897dbb_s1', 0, 1, 1, 1);
INSERT INTO delivery_tasks (id, title, type, status, increment_id, source) VALUES ('d7131693-2d5b-401e-8d99-3f6f7a8920c4', '[TVSMART-1927]', 'feature', 'todo', 'b156f7f9-4fc5-41fa-9a09-4db07f897dbb_s1', 'jira');
INSERT INTO delivery_positions (task_id, increment_id, start_col, end_col, row, row_span) VALUES ('d7131693-2d5b-401e-8d99-3f6f7a8920c4', 'b156f7f9-4fc5-41fa-9a09-4db07f897dbb_s1', 2, 4, 1, 1);
INSERT INTO delivery_tasks (id, title, type, status, increment_id, source) VALUES ('bb3ee0a2-01fb-43b5-a461-6f4293cada58', '[TVSMART-2275]', 'feature', 'todo', 'b156f7f9-4fc5-41fa-9a09-4db07f897dbb_s1', 'jira');
INSERT INTO delivery_positions (task_id, increment_id, start_col, end_col, row, row_span) VALUES ('bb3ee0a2-01fb-43b5-a461-6f4293cada58', 'b156f7f9-4fc5-41fa-9a09-4db07f897dbb_s1', 4, 5, 1, 1);
INSERT INTO delivery_tasks (id, title, type, status, increment_id, source) VALUES ('edc2a261-a198-4960-b774-b59ef175435e', '[TVSMART-2063]', 'feature', 'todo', 'b156f7f9-4fc5-41fa-9a09-4db07f897dbb_s1', 'jira');
INSERT INTO delivery_positions (task_id, increment_id, start_col, end_col, row, row_span) VALUES ('edc2a261-a198-4960-b774-b59ef175435e', 'b156f7f9-4fc5-41fa-9a09-4db07f897dbb_s1', 4, 5, 1, 1);
INSERT INTO delivery_tasks (id, title, type, status, increment_id, source) VALUES ('6f617203-5ce5-4c32-ad01-2392de7f59b5', '[TVSMART-2218]', 'feature', 'todo', 'b156f7f9-4fc5-41fa-9a09-4db07f897dbb_s1', 'jira');
INSERT INTO delivery_positions (task_id, increment_id, start_col, end_col, row, row_span) VALUES ('6f617203-5ce5-4c32-ad01-2392de7f59b5', 'b156f7f9-4fc5-41fa-9a09-4db07f897dbb_s1', 5, 6, 1, 1);
INSERT INTO delivery_tasks (id, title, type, status, increment_id, source) VALUES ('8a914976-b80a-413a-b80e-27869652e1af', '[TVSMART-2273]', 'feature', 'todo', 'b156f7f9-4fc5-41fa-9a09-4db07f897dbb_s1', 'jira');
INSERT INTO delivery_positions (task_id, increment_id, start_col, end_col, row, row_span) VALUES ('8a914976-b80a-413a-b80e-27869652e1af', 'b156f7f9-4fc5-41fa-9a09-4db07f897dbb_s1', 5, 6, 1, 1);
INSERT INTO delivery_tasks (id, title, type, status, increment_id, source) VALUES ('7742f280-1184-4acf-8d97-1cc78a6759d6', '[TVSMART-2216]', 'feature', 'todo', 'b156f7f9-4fc5-41fa-9a09-4db07f897dbb_s1', 'jira');
INSERT INTO delivery_positions (task_id, increment_id, start_col, end_col, row, row_span) VALUES ('7742f280-1184-4acf-8d97-1cc78a6759d6', 'b156f7f9-4fc5-41fa-9a09-4db07f897dbb_s1', 2, 3, 1, 1);
INSERT INTO delivery_tasks (id, title, type, status, increment_id, source) VALUES ('8a4caa17-2e35-423c-87d8-158deb4f91de', '[TVSMART-2230]', 'feature', 'todo', 'b156f7f9-4fc5-41fa-9a09-4db07f897dbb_s1', 'jira');
INSERT INTO delivery_positions (task_id, increment_id, start_col, end_col, row, row_span) VALUES ('8a4caa17-2e35-423c-87d8-158deb4f91de', 'b156f7f9-4fc5-41fa-9a09-4db07f897dbb_s1', 0, 1, 1, 1);
INSERT INTO delivery_tasks (id, title, type, status, increment_id, source) VALUES ('97c61c60-ddbc-4e66-a8ee-01ee79bcac99', '[TVSMART-2259]', 'feature', 'todo', 'b156f7f9-4fc5-41fa-9a09-4db07f897dbb_s1', 'jira');
INSERT INTO delivery_positions (task_id, increment_id, start_col, end_col, row, row_span) VALUES ('97c61c60-ddbc-4e66-a8ee-01ee79bcac99', 'b156f7f9-4fc5-41fa-9a09-4db07f897dbb_s1', 4, 5, 1, 1);
INSERT INTO delivery_tasks (id, title, type, status, increment_id, source) VALUES ('fed324af-8d79-4b0e-aa94-9a0fdb82473b', '[TVSMART-2197]', 'feature', 'todo', 'b156f7f9-4fc5-41fa-9a09-4db07f897dbb_s1', 'jira');
INSERT INTO delivery_positions (task_id, increment_id, start_col, end_col, row, row_span) VALUES ('fed324af-8d79-4b0e-aa94-9a0fdb82473b', 'b156f7f9-4fc5-41fa-9a09-4db07f897dbb_s1', 4, 5, 2, 1);
INSERT INTO delivery_tasks (id, title, type, status, increment_id, source) VALUES ('a03251c8-cc43-4dc3-bc4f-cf4b55f9d545', '[TVSMART-2055]', 'feature', 'todo', 'b156f7f9-4fc5-41fa-9a09-4db07f897dbb_s1', 'jira');
INSERT INTO delivery_positions (task_id, increment_id, start_col, end_col, row, row_span) VALUES ('a03251c8-cc43-4dc3-bc4f-cf4b55f9d545', 'b156f7f9-4fc5-41fa-9a09-4db07f897dbb_s1', 1, 2, 2, 1);
INSERT INTO delivery_tasks (id, title, type, status, increment_id, source) VALUES ('bd25acbd-b86e-40e2-94a2-ce81ed8f038b', '[TVSMART-2292]', 'feature', 'todo', 'b156f7f9-4fc5-41fa-9a09-4db07f897dbb_s1', 'jira');
INSERT INTO delivery_positions (task_id, increment_id, start_col, end_col, row, row_span) VALUES ('bd25acbd-b86e-40e2-94a2-ce81ed8f038b', 'b156f7f9-4fc5-41fa-9a09-4db07f897dbb_s1', 5, 6, 2, 1);
INSERT INTO delivery_tasks (id, title, type, status, increment_id, source) VALUES ('e5aea33d-890d-49cd-9dad-eb7588ea9752', '[TVSMART-2271]', 'feature', 'todo', 'b156f7f9-4fc5-41fa-9a09-4db07f897dbb_s1', 'jira');
INSERT INTO delivery_positions (task_id, increment_id, start_col, end_col, row, row_span) VALUES ('e5aea33d-890d-49cd-9dad-eb7588ea9752', 'b156f7f9-4fc5-41fa-9a09-4db07f897dbb_s1', 5, 6, 2, 1);
INSERT INTO delivery_tasks (id, title, type, status, increment_id, source) VALUES ('18c8f12e-66c8-49b6-9870-c33a21d752ae', '[TVSMART-2221]', 'feature', 'todo', 'b156f7f9-4fc5-41fa-9a09-4db07f897dbb_s1', 'jira');
INSERT INTO delivery_positions (task_id, increment_id, start_col, end_col, row, row_span) VALUES ('18c8f12e-66c8-49b6-9870-c33a21d752ae', 'b156f7f9-4fc5-41fa-9a09-4db07f897dbb_s1', 0, 1, 2, 1);
INSERT INTO delivery_tasks (id, title, type, status, increment_id, source) VALUES ('6805696c-8769-4d17-96d9-f63f73656eb9', '[TVSMART-2192]', 'feature', 'todo', 'b156f7f9-4fc5-41fa-9a09-4db07f897dbb_s1', 'jira');
INSERT INTO delivery_positions (task_id, increment_id, start_col, end_col, row, row_span) VALUES ('6805696c-8769-4d17-96d9-f63f73656eb9', 'b156f7f9-4fc5-41fa-9a09-4db07f897dbb_s1', 1, 2, 2, 1);
INSERT INTO delivery_tasks (id, title, type, status, increment_id, source) VALUES ('6589474c-4155-49b7-ae8a-d03e9325a805', '[TVSMART-2266]', 'feature', 'todo', 'b156f7f9-4fc5-41fa-9a09-4db07f897dbb_s1', 'jira');
INSERT INTO delivery_positions (task_id, increment_id, start_col, end_col, row, row_span) VALUES ('6589474c-4155-49b7-ae8a-d03e9325a805', 'b156f7f9-4fc5-41fa-9a09-4db07f897dbb_s1', 4, 5, 2, 1);
INSERT INTO delivery_tasks (id, title, type, status, increment_id, source) VALUES ('f6350569-f4aa-4898-ab47-2d7a66c532fd', '[TVSMART-2087]', 'feature', 'todo', 'b156f7f9-4fc5-41fa-9a09-4db07f897dbb_s1', 'jira');
INSERT INTO delivery_positions (task_id, increment_id, start_col, end_col, row, row_span) VALUES ('f6350569-f4aa-4898-ab47-2d7a66c532fd', 'b156f7f9-4fc5-41fa-9a09-4db07f897dbb_s1', 4, 5, 2, 1);
INSERT INTO delivery_tasks (id, title, type, status, increment_id, source) VALUES ('2bdce412-f4b9-41f0-b526-553ffa66c531', '[TVSMART-2193]', 'feature', 'todo', 'b156f7f9-4fc5-41fa-9a09-4db07f897dbb_s1', 'jira');
INSERT INTO delivery_positions (task_id, increment_id, start_col, end_col, row, row_span) VALUES ('2bdce412-f4b9-41f0-b526-553ffa66c531', 'b156f7f9-4fc5-41fa-9a09-4db07f897dbb_s1', 2, 3, 2, 1);
INSERT INTO delivery_tasks (id, title, type, status, increment_id, source) VALUES ('e62ad518-2ccb-47dd-bc02-2e8a0b331fe2', '[TVSMART-2274]', 'feature', 'todo', 'b156f7f9-4fc5-41fa-9a09-4db07f897dbb_s1', 'jira');
INSERT INTO delivery_positions (task_id, increment_id, start_col, end_col, row, row_span) VALUES ('e62ad518-2ccb-47dd-bc02-2e8a0b331fe2', 'b156f7f9-4fc5-41fa-9a09-4db07f897dbb_s1', 4, 5, 2, 1);
INSERT INTO delivery_tasks (id, title, type, status, increment_id, source) VALUES ('bc3dd26d-ad7e-46a9-9cf3-1aa7fa03ca43', '[TVSMART-2235]', 'feature', 'todo', 'b156f7f9-4fc5-41fa-9a09-4db07f897dbb_s1', 'jira');
INSERT INTO delivery_positions (task_id, increment_id, start_col, end_col, row, row_span) VALUES ('bc3dd26d-ad7e-46a9-9cf3-1aa7fa03ca43', 'b156f7f9-4fc5-41fa-9a09-4db07f897dbb_s1', 2, 3, 3, 1);
INSERT INTO delivery_tasks (id, title, type, status, increment_id, source) VALUES ('f04cae10-1186-4c42-a03e-7a5ebef35e00', '[TVSMART-2241]', 'feature', 'todo', 'b156f7f9-4fc5-41fa-9a09-4db07f897dbb_s1', 'jira');
INSERT INTO delivery_positions (task_id, increment_id, start_col, end_col, row, row_span) VALUES ('f04cae10-1186-4c42-a03e-7a5ebef35e00', 'b156f7f9-4fc5-41fa-9a09-4db07f897dbb_s1', 4, 5, 3, 1);
INSERT INTO delivery_tasks (id, title, type, status, increment_id, source) VALUES ('e216d0d3-a385-4a7e-9562-7ff4a1215d78', '[TVSMART-2079]', 'feature', 'todo', 'b156f7f9-4fc5-41fa-9a09-4db07f897dbb_s1', 'jira');
INSERT INTO delivery_positions (task_id, increment_id, start_col, end_col, row, row_span) VALUES ('e216d0d3-a385-4a7e-9562-7ff4a1215d78', 'b156f7f9-4fc5-41fa-9a09-4db07f897dbb_s1', 0, 1, 3, 1);
INSERT INTO delivery_tasks (id, title, type, status, increment_id, source) VALUES ('d4b07c1a-f5ae-4e57-8be7-6e071a53d0c9', '[TVSMART-2269]', 'feature', 'todo', 'b156f7f9-4fc5-41fa-9a09-4db07f897dbb_s1', 'jira');
INSERT INTO delivery_positions (task_id, increment_id, start_col, end_col, row, row_span) VALUES ('d4b07c1a-f5ae-4e57-8be7-6e071a53d0c9', 'b156f7f9-4fc5-41fa-9a09-4db07f897dbb_s1', 5, 6, 3, 1);
INSERT INTO delivery_tasks (id, title, type, status, increment_id, source) VALUES ('f21a37ca-f36a-4280-ab6c-b26ab0a4ddc8', '[TVSMART-2278]', 'feature', 'todo', 'b156f7f9-4fc5-41fa-9a09-4db07f897dbb_s1', 'jira');
INSERT INTO delivery_positions (task_id, increment_id, start_col, end_col, row, row_span) VALUES ('f21a37ca-f36a-4280-ab6c-b26ab0a4ddc8', 'b156f7f9-4fc5-41fa-9a09-4db07f897dbb_s1', 5, 6, 3, 1);
INSERT INTO delivery_tasks (id, title, type, status, increment_id, source) VALUES ('eb172dc9-c486-4fb3-9c53-de11cae725f1', '[TVSMART-2149]', 'feature', 'todo', 'b156f7f9-4fc5-41fa-9a09-4db07f897dbb_s1', 'jira');
INSERT INTO delivery_positions (task_id, increment_id, start_col, end_col, row, row_span) VALUES ('eb172dc9-c486-4fb3-9c53-de11cae725f1', 'b156f7f9-4fc5-41fa-9a09-4db07f897dbb_s1', 1, 2, 3, 1);
INSERT INTO delivery_tasks (id, title, type, status, increment_id, source) VALUES ('eb5f03a6-14e1-44cc-acc4-2228802c0c1f', '[TVSMART-2181]', 'feature', 'todo', 'b156f7f9-4fc5-41fa-9a09-4db07f897dbb_s1', 'jira');
INSERT INTO delivery_positions (task_id, increment_id, start_col, end_col, row, row_span) VALUES ('eb5f03a6-14e1-44cc-acc4-2228802c0c1f', 'b156f7f9-4fc5-41fa-9a09-4db07f897dbb_s1', 0, 1, 3, 1);
INSERT INTO delivery_tasks (id, title, type, status, increment_id, source) VALUES ('6cf2004f-3e41-4fb2-9298-22411f389951', '[TVSMART-2289]', 'feature', 'todo', 'b156f7f9-4fc5-41fa-9a09-4db07f897dbb_s1', 'jira');
INSERT INTO delivery_positions (task_id, increment_id, start_col, end_col, row, row_span) VALUES ('6cf2004f-3e41-4fb2-9298-22411f389951', 'b156f7f9-4fc5-41fa-9a09-4db07f897dbb_s1', 5, 6, 3, 1);
INSERT INTO delivery_tasks (id, title, type, status, increment_id, source) VALUES ('d9e45698-ec2b-490b-b0e0-1e801451022a', '[TVSMART-2190]', 'feature', 'todo', 'b156f7f9-4fc5-41fa-9a09-4db07f897dbb_s1', 'jira');
INSERT INTO delivery_positions (task_id, increment_id, start_col, end_col, row, row_span) VALUES ('d9e45698-ec2b-490b-b0e0-1e801451022a', 'b156f7f9-4fc5-41fa-9a09-4db07f897dbb_s1', 0, 1, 3, 1);
INSERT INTO delivery_tasks (id, title, type, status, increment_id, source) VALUES ('b3585fa3-4267-4162-8948-437a72824bd9', '[TVSMART-1929]', 'feature', 'todo', 'b156f7f9-4fc5-41fa-9a09-4db07f897dbb_s1', 'jira');
INSERT INTO delivery_positions (task_id, increment_id, start_col, end_col, row, row_span) VALUES ('b3585fa3-4267-4162-8948-437a72824bd9', 'b156f7f9-4fc5-41fa-9a09-4db07f897dbb_s1', 0, 1, 4, 1);
INSERT INTO delivery_tasks (id, title, type, status, increment_id, source) VALUES ('cd583642-732c-4a9f-b6ae-4e01f67be8e3', '[TVSMART-2074]', 'feature', 'todo', 'b156f7f9-4fc5-41fa-9a09-4db07f897dbb_s1', 'jira');
INSERT INTO delivery_positions (task_id, increment_id, start_col, end_col, row, row_span) VALUES ('cd583642-732c-4a9f-b6ae-4e01f67be8e3', 'b156f7f9-4fc5-41fa-9a09-4db07f897dbb_s1', 0, 1, 4, 1);
INSERT INTO delivery_tasks (id, title, type, status, increment_id, source) VALUES ('b766d9f8-0538-4e27-81be-c34ba71796bc', '[TVSMART-2288]', 'feature', 'todo', 'b156f7f9-4fc5-41fa-9a09-4db07f897dbb_s1', 'jira');
INSERT INTO delivery_positions (task_id, increment_id, start_col, end_col, row, row_span) VALUES ('b766d9f8-0538-4e27-81be-c34ba71796bc', 'b156f7f9-4fc5-41fa-9a09-4db07f897dbb_s1', 5, 6, 4, 1);
INSERT INTO delivery_tasks (id, title, type, status, increment_id, source) VALUES ('1c223009-c043-405a-8624-8895563f8e94', '[TVSMART-2270]', 'feature', 'todo', 'b156f7f9-4fc5-41fa-9a09-4db07f897dbb_s1', 'jira');
INSERT INTO delivery_positions (task_id, increment_id, start_col, end_col, row, row_span) VALUES ('1c223009-c043-405a-8624-8895563f8e94', 'b156f7f9-4fc5-41fa-9a09-4db07f897dbb_s1', 4, 6, 4, 1);
INSERT INTO delivery_tasks (id, title, type, status, increment_id, source) VALUES ('ec9ec172-aae3-4328-9306-dd88fbd293d1', '[TVSMART-2277]', 'feature', 'todo', 'b156f7f9-4fc5-41fa-9a09-4db07f897dbb_s1', 'jira');
INSERT INTO delivery_positions (task_id, increment_id, start_col, end_col, row, row_span) VALUES ('ec9ec172-aae3-4328-9306-dd88fbd293d1', 'b156f7f9-4fc5-41fa-9a09-4db07f897dbb_s1', 4, 5, 4, 1);
INSERT INTO delivery_tasks (id, title, type, status, increment_id, source) VALUES ('bebdafe5-88eb-4eb3-9b33-6693d9c8716d', '[TVSMART-2245]', 'feature', 'todo', 'b156f7f9-4fc5-41fa-9a09-4db07f897dbb_s1', 'jira');
INSERT INTO delivery_positions (task_id, increment_id, start_col, end_col, row, row_span) VALUES ('bebdafe5-88eb-4eb3-9b33-6693d9c8716d', 'b156f7f9-4fc5-41fa-9a09-4db07f897dbb_s1', 1, 2, 4, 1);
INSERT INTO delivery_tasks (id, title, type, status, increment_id, source) VALUES ('bdcd994d-c741-4260-8e4f-82f40b454e07', '[TVSMART-2283]', 'feature', 'todo', 'b156f7f9-4fc5-41fa-9a09-4db07f897dbb_s1', 'jira');
INSERT INTO delivery_positions (task_id, increment_id, start_col, end_col, row, row_span) VALUES ('bdcd994d-c741-4260-8e4f-82f40b454e07', 'b156f7f9-4fc5-41fa-9a09-4db07f897dbb_s1', 4, 5, 5, 1);
INSERT INTO delivery_tasks (id, title, type, status, increment_id, source) VALUES ('f1fd457c-3547-410e-9169-ac8608055303', '[TVSMART-2272]', 'feature', 'todo', 'b156f7f9-4fc5-41fa-9a09-4db07f897dbb_s1', 'jira');
INSERT INTO delivery_positions (task_id, increment_id, start_col, end_col, row, row_span) VALUES ('f1fd457c-3547-410e-9169-ac8608055303', 'b156f7f9-4fc5-41fa-9a09-4db07f897dbb_s1', 4, 6, 5, 1);
INSERT INTO delivery_tasks (id, title, type, status, increment_id, source) VALUES ('b28dca70-5ff4-4f93-a82c-260a14288283', '[TVSMART-2217]', 'feature', 'todo', 'b156f7f9-4fc5-41fa-9a09-4db07f897dbb_s1', 'jira');
INSERT INTO delivery_positions (task_id, increment_id, start_col, end_col, row, row_span) VALUES ('b28dca70-5ff4-4f93-a82c-260a14288283', 'b156f7f9-4fc5-41fa-9a09-4db07f897dbb_s1', 0, 1, 5, 1);
INSERT INTO delivery_tasks (id, title, type, status, increment_id, source) VALUES ('3357fbef-7df3-475b-a56c-23ce443888b5', '[TVSMART-2213]', 'feature', 'todo', 'b156f7f9-4fc5-41fa-9a09-4db07f897dbb_s1', 'jira');
INSERT INTO delivery_positions (task_id, increment_id, start_col, end_col, row, row_span) VALUES ('3357fbef-7df3-475b-a56c-23ce443888b5', 'b156f7f9-4fc5-41fa-9a09-4db07f897dbb_s1', 0, 1, 5, 1);
INSERT INTO delivery_tasks (id, title, type, status, increment_id, source) VALUES ('1bc87b30-aeaf-47da-b5a2-22a6fa55fc86', '[TVSMART-2287]', 'feature', 'todo', 'b156f7f9-4fc5-41fa-9a09-4db07f897dbb_s1', 'jira');
INSERT INTO delivery_positions (task_id, increment_id, start_col, end_col, row, row_span) VALUES ('1bc87b30-aeaf-47da-b5a2-22a6fa55fc86', 'b156f7f9-4fc5-41fa-9a09-4db07f897dbb_s1', 5, 6, 5, 1);
INSERT INTO delivery_tasks (id, title, type, status, increment_id, source) VALUES ('7ed569ca-7fcb-4fb4-94b0-163e43c111e5', '[TVSMART-1972]', 'feature', 'todo', 'b156f7f9-4fc5-41fa-9a09-4db07f897dbb_s1', 'jira');
INSERT INTO delivery_positions (task_id, increment_id, start_col, end_col, row, row_span) VALUES ('7ed569ca-7fcb-4fb4-94b0-163e43c111e5', 'b156f7f9-4fc5-41fa-9a09-4db07f897dbb_s1', 0, 1, 6, 1);
INSERT INTO delivery_tasks (id, title, type, status, increment_id, source) VALUES ('cf7ace07-1d26-482e-b05d-e78e915b87d6', '[TVSMART-2084]', 'feature', 'todo', 'b156f7f9-4fc5-41fa-9a09-4db07f897dbb_s1', 'jira');
INSERT INTO delivery_positions (task_id, increment_id, start_col, end_col, row, row_span) VALUES ('cf7ace07-1d26-482e-b05d-e78e915b87d6', 'b156f7f9-4fc5-41fa-9a09-4db07f897dbb_s1', 0, 1, 6, 1);
INSERT INTO delivery_tasks (id, title, type, status, increment_id, source) VALUES ('609fd126-e149-41cc-87d7-dc30c294bbba', '[TVSMART-2268]', 'feature', 'todo', 'b156f7f9-4fc5-41fa-9a09-4db07f897dbb_s1', 'jira');
INSERT INTO delivery_positions (task_id, increment_id, start_col, end_col, row, row_span) VALUES ('609fd126-e149-41cc-87d7-dc30c294bbba', 'b156f7f9-4fc5-41fa-9a09-4db07f897dbb_s1', 4, 6, 6, 1);
INSERT INTO delivery_tasks (id, title, type, status, increment_id, source) VALUES ('cbe0275c-4d49-4ea4-92b4-ec7f7b33de2c', '[TVSMART-2226]', 'feature', 'todo', 'b156f7f9-4fc5-41fa-9a09-4db07f897dbb_s1', 'jira');
INSERT INTO delivery_positions (task_id, increment_id, start_col, end_col, row, row_span) VALUES ('cbe0275c-4d49-4ea4-92b4-ec7f7b33de2c', 'b156f7f9-4fc5-41fa-9a09-4db07f897dbb_s1', 0, 1, 6, 1);