INSERT INTO delivery_boards (id, user_id, name, board_type, start_date, end_date, duration_weeks) VALUES ('c237f25f-7df8-4dc6-86f3-598505084189', 1, 'PLAYERW - PI1', 'agile', '2026-01-19', '2026-03-01', 6);
INSERT INTO delivery_tasks (id, title, type, status, increment_id, source) VALUES ('338a39f8-70e8-41db-b39e-86179e463dfd', '[PLAYERW-10368] (imported)', 'feature', 'todo', 'c237f25f-7df8-4dc6-86f3-598505084189_s1', 'jira');
INSERT INTO delivery_positions (task_id, increment_id, start_col, end_col, row, row_span) VALUES ('338a39f8-70e8-41db-b39e-86179e463dfd', 'c237f25f-7df8-4dc6-86f3-598505084189_s1', 0, 2, 0, 1);
INSERT INTO delivery_tasks (id, title, type, status, increment_id, source) VALUES ('594d1ddc-2cc6-446f-86e7-fd65962728f3', '[PLAYERW-9524] (imported)', 'feature', 'todo', 'c237f25f-7df8-4dc6-86f3-598505084189_s1', 'jira');
INSERT INTO delivery_positions (task_id, increment_id, start_col, end_col, row, row_span) VALUES ('594d1ddc-2cc6-446f-86e7-fd65962728f3', 'c237f25f-7df8-4dc6-86f3-598505084189_s1', 5, 6, 0, 1);
INSERT INTO delivery_tasks (id, title, type, status, increment_id, source) VALUES ('fd442d30-59d8-4d59-80f4-a1559a4c62a2', '[PLAYERW-8746] (imported)', 'feature', 'todo', 'c237f25f-7df8-4dc6-86f3-598505084189_s1', 'jira');
INSERT INTO delivery_positions (task_id, increment_id, start_col, end_col, row, row_span) VALUES ('fd442d30-59d8-4d59-80f4-a1559a4c62a2', 'c237f25f-7df8-4dc6-86f3-598505084189_s1', 5, 6, 1, 1);
INSERT INTO delivery_tasks (id, title, type, status, increment_id, source) VALUES ('32cddf36-6378-4bd8-8469-b60ffd02f669', '[PLAYERW-10082] (imported)', 'feature', 'todo', 'c237f25f-7df8-4dc6-86f3-598505084189_s1', 'jira');
INSERT INTO delivery_positions (task_id, increment_id, start_col, end_col, row, row_span) VALUES ('32cddf36-6378-4bd8-8469-b60ffd02f669', 'c237f25f-7df8-4dc6-86f3-598505084189_s1', 5, 6, 2, 1);
INSERT INTO delivery_tasks (id, title, type, status, increment_id, source) VALUES ('b0930580-1cbd-4088-b875-0a330f1a3474', '[PLAYERW-10138] (imported)', 'feature', 'todo', 'c237f25f-7df8-4dc6-86f3-598505084189_s1', 'jira');
INSERT INTO delivery_positions (task_id, increment_id, start_col, end_col, row, row_span) VALUES ('b0930580-1cbd-4088-b875-0a330f1a3474', 'c237f25f-7df8-4dc6-86f3-598505084189_s1', 5, 6, 3, 1);
INSERT INTO delivery_tasks (id, title, type, status, increment_id, source) VALUES ('2876f740-22f1-4347-bc50-63949be75c1d', '[PLAYERW-10900] (imported)', 'feature', 'todo', 'c237f25f-7df8-4dc6-86f3-598505084189_s1', 'jira');
INSERT INTO delivery_positions (task_id, increment_id, start_col, end_col, row, row_span) VALUES ('2876f740-22f1-4347-bc50-63949be75c1d', 'c237f25f-7df8-4dc6-86f3-598505084189_s1', 0, 2, 3, 1);
INSERT INTO delivery_boards (id, user_id, name, board_type, start_date, end_date, duration_weeks) VALUES ('1fce9704-616c-4111-b6a4-cb1de892eb2a', 1, 'ROADMAP_SFR - PI1', 'agile', '2026-01-19', '2026-03-01', 6);
INSERT INTO delivery_tasks (id, title, type, status, increment_id, source) VALUES ('533f2bf7-5f7d-4653-b81b-2f83c662589e', '[TVSFR-429] (imported)', 'feature', 'todo', '1fce9704-616c-4111-b6a4-cb1de892eb2a_s1', 'jira');
INSERT INTO delivery_positions (task_id, increment_id, start_col, end_col, row, row_span) VALUES ('533f2bf7-5f7d-4653-b81b-2f83c662589e', '1fce9704-616c-4111-b6a4-cb1de892eb2a_s1', 5, 6, 0, 1);
INSERT INTO delivery_tasks (id, title, type, status, increment_id, source) VALUES ('1c927a0e-a8e0-42af-94c0-91d17b53542b', '[TVSFR-532] (imported)', 'feature', 'todo', '1fce9704-616c-4111-b6a4-cb1de892eb2a_s1', 'jira');
INSERT INTO delivery_positions (task_id, increment_id, start_col, end_col, row, row_span) VALUES ('1c927a0e-a8e0-42af-94c0-91d17b53542b', '1fce9704-616c-4111-b6a4-cb1de892eb2a_s1', 4, 6, 0, 1);
INSERT INTO delivery_tasks (id, title, type, status, increment_id, source) VALUES ('76480842-c249-428d-80af-0e031ac10779', '[TVAPI-3553] (imported)', 'feature', 'todo', '1fce9704-616c-4111-b6a4-cb1de892eb2a_s1', 'jira');
INSERT INTO delivery_positions (task_id, increment_id, start_col, end_col, row, row_span) VALUES ('76480842-c249-428d-80af-0e031ac10779', '1fce9704-616c-4111-b6a4-cb1de892eb2a_s1', 2, 4, 0, 1);
INSERT INTO delivery_tasks (id, title, type, status, increment_id, source) VALUES ('be95ef3d-cb13-43b3-98ae-33532236f14d', '[TVSFR-533] (imported)', 'feature', 'todo', '1fce9704-616c-4111-b6a4-cb1de892eb2a_s1', 'jira');
INSERT INTO delivery_positions (task_id, increment_id, start_col, end_col, row, row_span) VALUES ('be95ef3d-cb13-43b3-98ae-33532236f14d', '1fce9704-616c-4111-b6a4-cb1de892eb2a_s1', 2, 4, 0, 1);
INSERT INTO delivery_tasks (id, title, type, status, increment_id, source) VALUES ('fefa375b-e8eb-4256-9799-2f0bb1f34745', '[TVSFR-515] (imported)', 'feature', 'todo', '1fce9704-616c-4111-b6a4-cb1de892eb2a_s1', 'jira');
INSERT INTO delivery_positions (task_id, increment_id, start_col, end_col, row, row_span) VALUES ('fefa375b-e8eb-4256-9799-2f0bb1f34745', '1fce9704-616c-4111-b6a4-cb1de892eb2a_s1', 5, 6, 0, 1);
INSERT INTO delivery_tasks (id, title, type, status, increment_id, source) VALUES ('8f2a0354-de8e-42b3-90ac-d6a4011c6362', '[TVSFR-438] (imported)', 'feature', 'todo', '1fce9704-616c-4111-b6a4-cb1de892eb2a_s1', 'jira');
INSERT INTO delivery_positions (task_id, increment_id, start_col, end_col, row, row_span) VALUES ('8f2a0354-de8e-42b3-90ac-d6a4011c6362', '1fce9704-616c-4111-b6a4-cb1de892eb2a_s1', 1, 2, 0, 1);
INSERT INTO delivery_tasks (id, title, type, status, increment_id, source) VALUES ('cf6645fc-1dca-4e63-a030-83846f44f68f', '[TVSFR-519] (imported)', 'feature', 'todo', '1fce9704-616c-4111-b6a4-cb1de892eb2a_s1', 'jira');
INSERT INTO delivery_positions (task_id, increment_id, start_col, end_col, row, row_span) VALUES ('cf6645fc-1dca-4e63-a030-83846f44f68f', '1fce9704-616c-4111-b6a4-cb1de892eb2a_s1', 3, 5, 0, 1);
INSERT INTO delivery_tasks (id, title, type, status, increment_id, source) VALUES ('77915bad-fcc3-41d2-8945-ff707a23d12b', '[TVAPPS-20339] (imported)', 'feature', 'todo', '1fce9704-616c-4111-b6a4-cb1de892eb2a_s1', 'jira');
INSERT INTO delivery_positions (task_id, increment_id, start_col, end_col, row, row_span) VALUES ('77915bad-fcc3-41d2-8945-ff707a23d12b', '1fce9704-616c-4111-b6a4-cb1de892eb2a_s1', 0, 2, 0, 1);
INSERT INTO delivery_tasks (id, title, type, status, increment_id, source) VALUES ('3ab07f31-ba8b-4958-8cb0-465edfa2af4c', '[TVSFR-534] (imported)', 'feature', 'todo', '1fce9704-616c-4111-b6a4-cb1de892eb2a_s1', 'jira');
INSERT INTO delivery_positions (task_id, increment_id, start_col, end_col, row, row_span) VALUES ('3ab07f31-ba8b-4958-8cb0-465edfa2af4c', '1fce9704-616c-4111-b6a4-cb1de892eb2a_s1', 4, 6, 0, 1);
INSERT INTO delivery_tasks (id, title, type, status, increment_id, source) VALUES ('5b6978f3-d67f-4590-a990-52d7cc6a1be4', '[PLAYERW-9524] (imported)', 'feature', 'todo', '1fce9704-616c-4111-b6a4-cb1de892eb2a_s1', 'jira');
INSERT INTO delivery_positions (task_id, increment_id, start_col, end_col, row, row_span) VALUES ('5b6978f3-d67f-4590-a990-52d7cc6a1be4', '1fce9704-616c-4111-b6a4-cb1de892eb2a_s1', 5, 6, 0, 1);
INSERT INTO delivery_tasks (id, title, type, status, increment_id, source) VALUES ('59ffb038-f71d-4d1b-b98a-bb426f7edb8d', '[TVSFR-536] (imported)', 'feature', 'todo', '1fce9704-616c-4111-b6a4-cb1de892eb2a_s1', 'jira');
INSERT INTO delivery_positions (task_id, increment_id, start_col, end_col, row, row_span) VALUES ('59ffb038-f71d-4d1b-b98a-bb426f7edb8d', '1fce9704-616c-4111-b6a4-cb1de892eb2a_s1', 4, 6, 0, 1);
INSERT INTO delivery_tasks (id, title, type, status, increment_id, source) VALUES ('54bc418d-c000-4b59-9f30-4f4288bf01ac', '[PLAYERW-10368] (imported)', 'feature', 'todo', '1fce9704-616c-4111-b6a4-cb1de892eb2a_s1', 'jira');
INSERT INTO delivery_positions (task_id, increment_id, start_col, end_col, row, row_span) VALUES ('54bc418d-c000-4b59-9f30-4f4288bf01ac', '1fce9704-616c-4111-b6a4-cb1de892eb2a_s1', 0, 2, 0, 1);
INSERT INTO delivery_tasks (id, title, type, status, increment_id, source) VALUES ('df4a1ca3-66ac-433f-84ba-2716b1adec17', '[TVSFR-400] (imported)', 'feature', 'todo', '1fce9704-616c-4111-b6a4-cb1de892eb2a_s1', 'jira');
INSERT INTO delivery_positions (task_id, increment_id, start_col, end_col, row, row_span) VALUES ('df4a1ca3-66ac-433f-84ba-2716b1adec17', '1fce9704-616c-4111-b6a4-cb1de892eb2a_s1', 4, 6, 1, 1);
INSERT INTO delivery_tasks (id, title, type, status, increment_id, source) VALUES ('5df8c181-5bc0-4d08-8345-1706f082b058', '[TVSFR-373] (imported)', 'feature', 'todo', '1fce9704-616c-4111-b6a4-cb1de892eb2a_s1', 'jira');
INSERT INTO delivery_positions (task_id, increment_id, start_col, end_col, row, row_span) VALUES ('5df8c181-5bc0-4d08-8345-1706f082b058', '1fce9704-616c-4111-b6a4-cb1de892eb2a_s1', 0, 1, 1, 1);
INSERT INTO delivery_tasks (id, title, type, status, increment_id, source) VALUES ('ce581e69-a028-4c98-a0f2-e6788dc4835c', '[PLAYERW-8746] (imported)', 'feature', 'todo', '1fce9704-616c-4111-b6a4-cb1de892eb2a_s1', 'jira');
INSERT INTO delivery_positions (task_id, increment_id, start_col, end_col, row, row_span) VALUES ('ce581e69-a028-4c98-a0f2-e6788dc4835c', '1fce9704-616c-4111-b6a4-cb1de892eb2a_s1', 5, 6, 1, 1);
INSERT INTO delivery_tasks (id, title, type, status, increment_id, source) VALUES ('8dde7001-1be7-4fc5-bf98-b7b4e006dc03', '[TVSFR-517] (imported)', 'feature', 'todo', '1fce9704-616c-4111-b6a4-cb1de892eb2a_s1', 'jira');
INSERT INTO delivery_positions (task_id, increment_id, start_col, end_col, row, row_span) VALUES ('8dde7001-1be7-4fc5-bf98-b7b4e006dc03', '1fce9704-616c-4111-b6a4-cb1de892eb2a_s1', 2, 3, 2, 1);
INSERT INTO delivery_tasks (id, title, type, status, increment_id, source) VALUES ('adc16711-6aa6-4bdf-8fa0-642196b9b7f3', '[TVSFR-518] (imported)', 'feature', 'todo', '1fce9704-616c-4111-b6a4-cb1de892eb2a_s1', 'jira');
INSERT INTO delivery_positions (task_id, increment_id, start_col, end_col, row, row_span) VALUES ('adc16711-6aa6-4bdf-8fa0-642196b9b7f3', '1fce9704-616c-4111-b6a4-cb1de892eb2a_s1', 4, 5, 2, 1);
INSERT INTO delivery_tasks (id, title, type, status, increment_id, source) VALUES ('c2ee881f-f1e6-4a68-a839-9709f7205b7b', '[TVSFR-436] (imported)', 'feature', 'todo', '1fce9704-616c-4111-b6a4-cb1de892eb2a_s1', 'jira');
INSERT INTO delivery_positions (task_id, increment_id, start_col, end_col, row, row_span) VALUES ('c2ee881f-f1e6-4a68-a839-9709f7205b7b', '1fce9704-616c-4111-b6a4-cb1de892eb2a_s1', 0, 1, 2, 1);
INSERT INTO delivery_tasks (id, title, type, status, increment_id, source) VALUES ('8ec23f63-b619-40e9-a2d4-511bf0fa273c', '[PLAYERW-10082] (imported)', 'feature', 'todo', '1fce9704-616c-4111-b6a4-cb1de892eb2a_s1', 'jira');
INSERT INTO delivery_positions (task_id, increment_id, start_col, end_col, row, row_span) VALUES ('8ec23f63-b619-40e9-a2d4-511bf0fa273c', '1fce9704-616c-4111-b6a4-cb1de892eb2a_s1', 5, 6, 2, 1);
INSERT INTO delivery_tasks (id, title, type, status, increment_id, source) VALUES ('b3b76cb0-a055-46ea-ad68-0b5c6c035561', '[PLAYERW-10900] (imported)', 'feature', 'todo', '1fce9704-616c-4111-b6a4-cb1de892eb2a_s1', 'jira');
INSERT INTO delivery_positions (task_id, increment_id, start_col, end_col, row, row_span) VALUES ('b3b76cb0-a055-46ea-ad68-0b5c6c035561', '1fce9704-616c-4111-b6a4-cb1de892eb2a_s1', 0, 2, 3, 1);
INSERT INTO delivery_tasks (id, title, type, status, increment_id, source) VALUES ('b2ba51d1-231b-4dd5-9104-78092c015bf8', '[PLAYERW-10138] (imported)', 'feature', 'todo', '1fce9704-616c-4111-b6a4-cb1de892eb2a_s1', 'jira');
INSERT INTO delivery_positions (task_id, increment_id, start_col, end_col, row, row_span) VALUES ('b2ba51d1-231b-4dd5-9104-78092c015bf8', '1fce9704-616c-4111-b6a4-cb1de892eb2a_s1', 5, 6, 3, 1);
INSERT INTO delivery_boards (id, user_id, name, board_type, start_date, end_date, duration_weeks) VALUES ('317f6b8e-a0a9-40e7-af4d-ddb783a98abf', 1, 'ROADMAP_SFR - PI2', 'agile', '2026-03-02', '2026-04-12', 6);
INSERT INTO delivery_tasks (id, title, type, status, increment_id, source) VALUES ('c87a942e-0160-4b8f-92f8-d55722e9ab6a', '[TVSFR-536] (imported)', 'feature', 'todo', '317f6b8e-a0a9-40e7-af4d-ddb783a98abf_s1', 'jira');
INSERT INTO delivery_positions (task_id, increment_id, start_col, end_col, row, row_span) VALUES ('c87a942e-0160-4b8f-92f8-d55722e9ab6a', '317f6b8e-a0a9-40e7-af4d-ddb783a98abf_s1', 4, 6, 0, 1);
INSERT INTO delivery_tasks (id, title, type, status, increment_id, source) VALUES ('2dbf845e-5fc6-4942-9e6a-e5d0ddedba3b', '[TVSFR-517] (imported)', 'feature', 'todo', '317f6b8e-a0a9-40e7-af4d-ddb783a98abf_s1', 'jira');
INSERT INTO delivery_positions (task_id, increment_id, start_col, end_col, row, row_span) VALUES ('2dbf845e-5fc6-4942-9e6a-e5d0ddedba3b', '317f6b8e-a0a9-40e7-af4d-ddb783a98abf_s1', 2, 4, 0, 1);
INSERT INTO delivery_tasks (id, title, type, status, increment_id, source) VALUES ('dc4e5262-df50-4500-bd90-9f9be9697f87', '[TVSFR-519] (imported)', 'feature', 'todo', '317f6b8e-a0a9-40e7-af4d-ddb783a98abf_s1', 'jira');
INSERT INTO delivery_positions (task_id, increment_id, start_col, end_col, row, row_span) VALUES ('dc4e5262-df50-4500-bd90-9f9be9697f87', '317f6b8e-a0a9-40e7-af4d-ddb783a98abf_s1', 0, 2, 0, 1);
INSERT INTO delivery_tasks (id, title, type, status, increment_id, source) VALUES ('ab9796e7-8c68-47a8-8e98-74c333fc5825', '[TVSFR-429] (imported)', 'feature', 'todo', '317f6b8e-a0a9-40e7-af4d-ddb783a98abf_s1', 'jira');
INSERT INTO delivery_positions (task_id, increment_id, start_col, end_col, row, row_span) VALUES ('ab9796e7-8c68-47a8-8e98-74c333fc5825', '317f6b8e-a0a9-40e7-af4d-ddb783a98abf_s1', 2, 4, 0, 1);
INSERT INTO delivery_tasks (id, title, type, status, increment_id, source) VALUES ('add611ff-b113-48ce-a183-db2208662239', '[TVSFR-534] (imported)', 'feature', 'todo', '317f6b8e-a0a9-40e7-af4d-ddb783a98abf_s1', 'jira');
INSERT INTO delivery_positions (task_id, increment_id, start_col, end_col, row, row_span) VALUES ('add611ff-b113-48ce-a183-db2208662239', '317f6b8e-a0a9-40e7-af4d-ddb783a98abf_s1', 5, 6, 1, 1);
INSERT INTO delivery_tasks (id, title, type, status, increment_id, source) VALUES ('3a2d45aa-83e0-4888-8ad3-1571ea259268', '[TVSFR-533] (imported)', 'feature', 'todo', '317f6b8e-a0a9-40e7-af4d-ddb783a98abf_s1', 'jira');
INSERT INTO delivery_positions (task_id, increment_id, start_col, end_col, row, row_span) VALUES ('3a2d45aa-83e0-4888-8ad3-1571ea259268', '317f6b8e-a0a9-40e7-af4d-ddb783a98abf_s1', 2, 4, 1, 1);
INSERT INTO delivery_tasks (id, title, type, status, increment_id, source) VALUES ('531fb626-8d99-4b92-aff6-23143002aac6', '[TVSFR-532] (imported)', 'feature', 'todo', '317f6b8e-a0a9-40e7-af4d-ddb783a98abf_s1', 'jira');
INSERT INTO delivery_positions (task_id, increment_id, start_col, end_col, row, row_span) VALUES ('531fb626-8d99-4b92-aff6-23143002aac6', '317f6b8e-a0a9-40e7-af4d-ddb783a98abf_s1', 5, 6, 2, 1);
INSERT INTO delivery_boards (id, user_id, name, board_type, start_date, end_date, duration_weeks) VALUES ('a850c21d-2691-4a8c-ab9c-0dfe1e1b2006', 1, 'TVAPI - PI1', 'agile', '2026-01-19', '2026-03-01', 6);
INSERT INTO delivery_tasks (id, title, type, status, increment_id, source) VALUES ('70dd726b-e3a8-48df-9c71-f60eb4db64d1', '[TVAPI-3553] (imported)', 'feature', 'todo', 'a850c21d-2691-4a8c-ab9c-0dfe1e1b2006_s1', 'jira');
INSERT INTO delivery_positions (task_id, increment_id, start_col, end_col, row, row_span) VALUES ('70dd726b-e3a8-48df-9c71-f60eb4db64d1', 'a850c21d-2691-4a8c-ab9c-0dfe1e1b2006_s1', 2, 4, 0, 1);
INSERT INTO delivery_boards (id, user_id, name, board_type, start_date, end_date, duration_weeks) VALUES ('2659f34d-787f-4ab3-a864-ca2fec3c33fa', 1, 'TVAPPS - PI1', 'agile', '2026-01-19', '2026-03-01', 6);
INSERT INTO delivery_tasks (id, title, type, status, increment_id, source) VALUES ('026e93c9-8f01-46ef-a5b3-e2bf8d58476e', '[TVAPPS-20339] (imported)', 'feature', 'todo', '2659f34d-787f-4ab3-a864-ca2fec3c33fa_s1', 'jira');
INSERT INTO delivery_positions (task_id, increment_id, start_col, end_col, row, row_span) VALUES ('026e93c9-8f01-46ef-a5b3-e2bf8d58476e', '2659f34d-787f-4ab3-a864-ca2fec3c33fa_s1', 0, 2, 0, 1);
INSERT INTO delivery_boards (id, user_id, name, board_type, start_date, end_date, duration_weeks) VALUES ('60e124fd-8dc1-47cb-b61a-dab2554dcd0c', 1, 'TVFIRE - PI1', 'agile', '2026-01-19', '2026-03-01', 6);
INSERT INTO delivery_tasks (id, title, type, status, increment_id, source) VALUES ('a8cd5bf7-52e5-4bd9-845f-859b08bcd3cd', '[TVFIRE-1226] (imported)', 'feature', 'todo', '60e124fd-8dc1-47cb-b61a-dab2554dcd0c_s1', 'jira');
INSERT INTO delivery_positions (task_id, increment_id, start_col, end_col, row, row_span) VALUES ('a8cd5bf7-52e5-4bd9-845f-859b08bcd3cd', '60e124fd-8dc1-47cb-b61a-dab2554dcd0c_s1', 5, 6, 0, 1);
INSERT INTO delivery_tasks (id, title, type, status, increment_id, source) VALUES ('cc389714-9539-496c-b9e9-3d5400d50de7', '[TVFIRE-1174] (imported)', 'feature', 'todo', '60e124fd-8dc1-47cb-b61a-dab2554dcd0c_s1', 'jira');
INSERT INTO delivery_positions (task_id, increment_id, start_col, end_col, row, row_span) VALUES ('cc389714-9539-496c-b9e9-3d5400d50de7', '60e124fd-8dc1-47cb-b61a-dab2554dcd0c_s1', 4, 6, 0, 1);
INSERT INTO delivery_tasks (id, title, type, status, increment_id, source) VALUES ('f49f5bde-e8d3-4690-9f41-24226cbd2886', '[TVFIRE-1173] (imported)', 'feature', 'todo', '60e124fd-8dc1-47cb-b61a-dab2554dcd0c_s1', 'jira');
INSERT INTO delivery_positions (task_id, increment_id, start_col, end_col, row, row_span) VALUES ('f49f5bde-e8d3-4690-9f41-24226cbd2886', '60e124fd-8dc1-47cb-b61a-dab2554dcd0c_s1', 2, 5, 0, 1);
INSERT INTO delivery_tasks (id, title, type, status, increment_id, source) VALUES ('0fe59168-fcd7-49d6-8a23-55fe15d1085a', '[TVFIRE-1030] (imported)', 'feature', 'todo', '60e124fd-8dc1-47cb-b61a-dab2554dcd0c_s1', 'jira');
INSERT INTO delivery_positions (task_id, increment_id, start_col, end_col, row, row_span) VALUES ('0fe59168-fcd7-49d6-8a23-55fe15d1085a', '60e124fd-8dc1-47cb-b61a-dab2554dcd0c_s1', 0, 2, 0, 1);
INSERT INTO delivery_tasks (id, title, type, status, increment_id, source) VALUES ('91d100c6-68a2-4f45-834b-59f31863ce80', '[TVFIRE-926] (imported)', 'feature', 'todo', '60e124fd-8dc1-47cb-b61a-dab2554dcd0c_s1', 'jira');
INSERT INTO delivery_positions (task_id, increment_id, start_col, end_col, row, row_span) VALUES ('91d100c6-68a2-4f45-834b-59f31863ce80', '60e124fd-8dc1-47cb-b61a-dab2554dcd0c_s1', 0, 1, 0, 1);
INSERT INTO delivery_tasks (id, title, type, status, increment_id, source) VALUES ('bd0e4cba-2c9f-439c-bbb5-21cccdc1bcfd', '[TVFIRE-1118] (imported)', 'feature', 'todo', '60e124fd-8dc1-47cb-b61a-dab2554dcd0c_s1', 'jira');
INSERT INTO delivery_positions (task_id, increment_id, start_col, end_col, row, row_span) VALUES ('bd0e4cba-2c9f-439c-bbb5-21cccdc1bcfd', '60e124fd-8dc1-47cb-b61a-dab2554dcd0c_s1', 0, 1, 0, 1);
INSERT INTO delivery_tasks (id, title, type, status, increment_id, source) VALUES ('ba8f8921-a04e-4598-87aa-4ad89866c46a', '[TVFIRE-1171] (imported)', 'feature', 'todo', '60e124fd-8dc1-47cb-b61a-dab2554dcd0c_s1', 'jira');
INSERT INTO delivery_positions (task_id, increment_id, start_col, end_col, row, row_span) VALUES ('ba8f8921-a04e-4598-87aa-4ad89866c46a', '60e124fd-8dc1-47cb-b61a-dab2554dcd0c_s1', 4, 6, 0, 1);
INSERT INTO delivery_tasks (id, title, type, status, increment_id, source) VALUES ('a0b5e3c3-01a4-461a-89af-fb8d3d8980fb', '[TVFIRE-839] (imported)', 'feature', 'todo', '60e124fd-8dc1-47cb-b61a-dab2554dcd0c_s1', 'jira');
INSERT INTO delivery_positions (task_id, increment_id, start_col, end_col, row, row_span) VALUES ('a0b5e3c3-01a4-461a-89af-fb8d3d8980fb', '60e124fd-8dc1-47cb-b61a-dab2554dcd0c_s1', 2, 4, 0, 1);
INSERT INTO delivery_tasks (id, title, type, status, increment_id, source) VALUES ('5e72612e-55d0-4bf0-81d0-b9a87c3eb3fd', '[TVFIRE-928] (imported)', 'feature', 'todo', '60e124fd-8dc1-47cb-b61a-dab2554dcd0c_s1', 'jira');
INSERT INTO delivery_positions (task_id, increment_id, start_col, end_col, row, row_span) VALUES ('5e72612e-55d0-4bf0-81d0-b9a87c3eb3fd', '60e124fd-8dc1-47cb-b61a-dab2554dcd0c_s1', 4, 6, 0, 1);
INSERT INTO delivery_tasks (id, title, type, status, increment_id, source) VALUES ('fa41c3e0-989d-4423-9bde-0209e16c5281', '[TVFIRE-1130] (imported)', 'feature', 'todo', '60e124fd-8dc1-47cb-b61a-dab2554dcd0c_s1', 'jira');
INSERT INTO delivery_positions (task_id, increment_id, start_col, end_col, row, row_span) VALUES ('fa41c3e0-989d-4423-9bde-0209e16c5281', '60e124fd-8dc1-47cb-b61a-dab2554dcd0c_s1', 0, 1, 0, 1);
INSERT INTO delivery_tasks (id, title, type, status, increment_id, source) VALUES ('f5618438-d62e-48b4-9006-8a937bd29d40', '[TVFIRE-1064] (imported)', 'feature', 'todo', '60e124fd-8dc1-47cb-b61a-dab2554dcd0c_s1', 'jira');
INSERT INTO delivery_positions (task_id, increment_id, start_col, end_col, row, row_span) VALUES ('f5618438-d62e-48b4-9006-8a937bd29d40', '60e124fd-8dc1-47cb-b61a-dab2554dcd0c_s1', 0, 1, 0, 1);
INSERT INTO delivery_tasks (id, title, type, status, increment_id, source) VALUES ('1d02f4df-1c43-4d2b-8fcf-d8b6975f35b6', '[TVFIRE-920] (imported)', 'feature', 'todo', '60e124fd-8dc1-47cb-b61a-dab2554dcd0c_s1', 'jira');
INSERT INTO delivery_positions (task_id, increment_id, start_col, end_col, row, row_span) VALUES ('1d02f4df-1c43-4d2b-8fcf-d8b6975f35b6', '60e124fd-8dc1-47cb-b61a-dab2554dcd0c_s1', 1, 2, 0, 1);
INSERT INTO delivery_tasks (id, title, type, status, increment_id, source) VALUES ('125294f0-392f-4be8-8fca-e93091277d59', '[TVFIRE-1172] (imported)', 'feature', 'todo', '60e124fd-8dc1-47cb-b61a-dab2554dcd0c_s1', 'jira');
INSERT INTO delivery_positions (task_id, increment_id, start_col, end_col, row, row_span) VALUES ('125294f0-392f-4be8-8fca-e93091277d59', '60e124fd-8dc1-47cb-b61a-dab2554dcd0c_s1', 4, 6, 1, 1);
INSERT INTO delivery_tasks (id, title, type, status, increment_id, source) VALUES ('50fb183f-98cf-4642-a0d7-8aab339a008d', '[TVFIRE-1131] (imported)', 'feature', 'todo', '60e124fd-8dc1-47cb-b61a-dab2554dcd0c_s1', 'jira');
INSERT INTO delivery_positions (task_id, increment_id, start_col, end_col, row, row_span) VALUES ('50fb183f-98cf-4642-a0d7-8aab339a008d', '60e124fd-8dc1-47cb-b61a-dab2554dcd0c_s1', 0, 1, 1, 1);
INSERT INTO delivery_tasks (id, title, type, status, increment_id, source) VALUES ('48153aaa-ebc1-45ce-948e-cf3fe2ebc0c4', '[TVFIRE-1257] (imported)', 'feature', 'todo', '60e124fd-8dc1-47cb-b61a-dab2554dcd0c_s1', 'jira');
INSERT INTO delivery_positions (task_id, increment_id, start_col, end_col, row, row_span) VALUES ('48153aaa-ebc1-45ce-948e-cf3fe2ebc0c4', '60e124fd-8dc1-47cb-b61a-dab2554dcd0c_s1', 2, 4, 1, 1);
INSERT INTO delivery_tasks (id, title, type, status, increment_id, source) VALUES ('67aa41de-dfcc-4761-9583-ff6601efc18b', '[TVFIRE-915] (imported)', 'feature', 'todo', '60e124fd-8dc1-47cb-b61a-dab2554dcd0c_s1', 'jira');
INSERT INTO delivery_positions (task_id, increment_id, start_col, end_col, row, row_span) VALUES ('67aa41de-dfcc-4761-9583-ff6601efc18b', '60e124fd-8dc1-47cb-b61a-dab2554dcd0c_s1', 1, 2, 1, 1);
INSERT INTO delivery_tasks (id, title, type, status, increment_id, source) VALUES ('62934e50-e70e-4586-a05e-53f2dc1ed8fb', '[TVFIRE-1112] (imported)', 'feature', 'todo', '60e124fd-8dc1-47cb-b61a-dab2554dcd0c_s1', 'jira');
INSERT INTO delivery_positions (task_id, increment_id, start_col, end_col, row, row_span) VALUES ('62934e50-e70e-4586-a05e-53f2dc1ed8fb', '60e124fd-8dc1-47cb-b61a-dab2554dcd0c_s1', 0, 2, 2, 1);
INSERT INTO delivery_tasks (id, title, type, status, increment_id, source) VALUES ('e5d40d2c-2107-45fe-bfbb-3568fc6e012b', '[TVFIRE-694] (imported)', 'feature', 'todo', '60e124fd-8dc1-47cb-b61a-dab2554dcd0c_s1', 'jira');
INSERT INTO delivery_positions (task_id, increment_id, start_col, end_col, row, row_span) VALUES ('e5d40d2c-2107-45fe-bfbb-3568fc6e012b', '60e124fd-8dc1-47cb-b61a-dab2554dcd0c_s1', 0, 2, 2, 1);
INSERT INTO delivery_tasks (id, title, type, status, increment_id, source) VALUES ('27d0d70f-35e9-4b16-9b26-8a39488cefe2', '[TVFIRE-1052] (imported)', 'feature', 'todo', '60e124fd-8dc1-47cb-b61a-dab2554dcd0c_s1', 'jira');
INSERT INTO delivery_positions (task_id, increment_id, start_col, end_col, row, row_span) VALUES ('27d0d70f-35e9-4b16-9b26-8a39488cefe2', '60e124fd-8dc1-47cb-b61a-dab2554dcd0c_s1', 1, 2, 2, 1);
INSERT INTO delivery_tasks (id, title, type, status, increment_id, source) VALUES ('21f0a1e1-4f30-4eef-a35e-062fae7caaec', '[TVFIRE-981] (imported)', 'feature', 'todo', '60e124fd-8dc1-47cb-b61a-dab2554dcd0c_s1', 'jira');
INSERT INTO delivery_positions (task_id, increment_id, start_col, end_col, row, row_span) VALUES ('21f0a1e1-4f30-4eef-a35e-062fae7caaec', '60e124fd-8dc1-47cb-b61a-dab2554dcd0c_s1', 5, 6, 2, 1);
INSERT INTO delivery_tasks (id, title, type, status, increment_id, source) VALUES ('0baae124-07fe-49da-9d4a-6342de5c3612', '[TVFIRE-1087] (imported)', 'feature', 'todo', '60e124fd-8dc1-47cb-b61a-dab2554dcd0c_s1', 'jira');
INSERT INTO delivery_positions (task_id, increment_id, start_col, end_col, row, row_span) VALUES ('0baae124-07fe-49da-9d4a-6342de5c3612', '60e124fd-8dc1-47cb-b61a-dab2554dcd0c_s1', 2, 3, 2, 1);
INSERT INTO delivery_tasks (id, title, type, status, increment_id, source) VALUES ('aca85908-db3c-4b13-bb56-299753396d39', '[TVFIRE-1175] (imported)', 'feature', 'todo', '60e124fd-8dc1-47cb-b61a-dab2554dcd0c_s1', 'jira');
INSERT INTO delivery_positions (task_id, increment_id, start_col, end_col, row, row_span) VALUES ('aca85908-db3c-4b13-bb56-299753396d39', '60e124fd-8dc1-47cb-b61a-dab2554dcd0c_s1', 5, 6, 3, 1);
INSERT INTO delivery_tasks (id, title, type, status, increment_id, source) VALUES ('4bb898aa-71d9-4fe9-ba4a-0cbb5e4027ca', '[TVFIRE-1114] (imported)', 'feature', 'todo', '60e124fd-8dc1-47cb-b61a-dab2554dcd0c_s1', 'jira');
INSERT INTO delivery_positions (task_id, increment_id, start_col, end_col, row, row_span) VALUES ('4bb898aa-71d9-4fe9-ba4a-0cbb5e4027ca', '60e124fd-8dc1-47cb-b61a-dab2554dcd0c_s1', 0, 2, 3, 1);
INSERT INTO delivery_tasks (id, title, type, status, increment_id, source) VALUES ('1c578d3f-4b0a-4f92-af50-0ad5eb644740', '[TVFIRE-1169] (imported)', 'feature', 'todo', '60e124fd-8dc1-47cb-b61a-dab2554dcd0c_s1', 'jira');
INSERT INTO delivery_positions (task_id, increment_id, start_col, end_col, row, row_span) VALUES ('1c578d3f-4b0a-4f92-af50-0ad5eb644740', '60e124fd-8dc1-47cb-b61a-dab2554dcd0c_s1', 0, 1, 3, 1);
INSERT INTO delivery_boards (id, user_id, name, board_type, start_date, end_date, duration_weeks) VALUES ('a8b61b75-2878-443b-b9bf-2bd3a865951c', 1, 'TVFIRE - PI2', 'agile', '2026-03-02', '2026-04-12', 6);
INSERT INTO delivery_tasks (id, title, type, status, increment_id, source) VALUES ('4b3447a9-26c6-4ea5-a607-76f7665798da', '[TVFIRE-1086] (imported)', 'feature', 'todo', 'a8b61b75-2878-443b-b9bf-2bd3a865951c_s1', 'jira');
INSERT INTO delivery_positions (task_id, increment_id, start_col, end_col, row, row_span) VALUES ('4b3447a9-26c6-4ea5-a607-76f7665798da', 'a8b61b75-2878-443b-b9bf-2bd3a865951c_s1', 0, 2, 0, 1);
INSERT INTO delivery_tasks (id, title, type, status, increment_id, source) VALUES ('88a768b3-0d46-49d7-9f1a-cee31502ac7d', '[TVFIRE-1263] (imported)', 'feature', 'todo', 'a8b61b75-2878-443b-b9bf-2bd3a865951c_s1', 'jira');
INSERT INTO delivery_positions (task_id, increment_id, start_col, end_col, row, row_span) VALUES ('88a768b3-0d46-49d7-9f1a-cee31502ac7d', 'a8b61b75-2878-443b-b9bf-2bd3a865951c_s1', 3, 4, 0, 1);
INSERT INTO delivery_tasks (id, title, type, status, increment_id, source) VALUES ('e619530d-bce4-4871-b84b-4d3f2edc92a4', '[TVFIRE-1278] (imported)', 'feature', 'todo', 'a8b61b75-2878-443b-b9bf-2bd3a865951c_s1', 'jira');
INSERT INTO delivery_positions (task_id, increment_id, start_col, end_col, row, row_span) VALUES ('e619530d-bce4-4871-b84b-4d3f2edc92a4', 'a8b61b75-2878-443b-b9bf-2bd3a865951c_s1', 4, 5, 0, 1);
INSERT INTO delivery_tasks (id, title, type, status, increment_id, source) VALUES ('ac84eb5e-39b8-4fe9-a4ea-22c65f9bb48e', '[TVFIRE-1174] (imported)', 'feature', 'todo', 'a8b61b75-2878-443b-b9bf-2bd3a865951c_s1', 'jira');
INSERT INTO delivery_positions (task_id, increment_id, start_col, end_col, row, row_span) VALUES ('ac84eb5e-39b8-4fe9-a4ea-22c65f9bb48e', 'a8b61b75-2878-443b-b9bf-2bd3a865951c_s1', 5, 6, 0, 1);
INSERT INTO delivery_tasks (id, title, type, status, increment_id, source) VALUES ('4beb2ad4-9493-4965-addd-dae5f20b0279', '[TVFIRE-1173] (imported)', 'feature', 'todo', 'a8b61b75-2878-443b-b9bf-2bd3a865951c_s1', 'jira');
INSERT INTO delivery_positions (task_id, increment_id, start_col, end_col, row, row_span) VALUES ('4beb2ad4-9493-4965-addd-dae5f20b0279', 'a8b61b75-2878-443b-b9bf-2bd3a865951c_s1', 2, 3, 0, 1);
INSERT INTO delivery_tasks (id, title, type, status, increment_id, source) VALUES ('300257ed-6f74-4c91-abf1-1e3657f9801a', '[TVFIRE-981] (imported)', 'feature', 'todo', 'a8b61b75-2878-443b-b9bf-2bd3a865951c_s1', 'jira');
INSERT INTO delivery_positions (task_id, increment_id, start_col, end_col, row, row_span) VALUES ('300257ed-6f74-4c91-abf1-1e3657f9801a', 'a8b61b75-2878-443b-b9bf-2bd3a865951c_s1', 2, 3, 0, 1);
INSERT INTO delivery_tasks (id, title, type, status, increment_id, source) VALUES ('d993998d-fbea-4a32-a139-8182086125eb', '[TVFIRE-1252] (imported)', 'feature', 'todo', 'a8b61b75-2878-443b-b9bf-2bd3a865951c_s1', 'jira');
INSERT INTO delivery_positions (task_id, increment_id, start_col, end_col, row, row_span) VALUES ('d993998d-fbea-4a32-a139-8182086125eb', 'a8b61b75-2878-443b-b9bf-2bd3a865951c_s1', 5, 6, 1, 1);
INSERT INTO delivery_tasks (id, title, type, status, increment_id, source) VALUES ('f4200ffd-a422-42cd-b5fb-28635dc813af', '[TVFIRE-1175] (imported)', 'feature', 'todo', 'a8b61b75-2878-443b-b9bf-2bd3a865951c_s1', 'jira');
INSERT INTO delivery_positions (task_id, increment_id, start_col, end_col, row, row_span) VALUES ('f4200ffd-a422-42cd-b5fb-28635dc813af', 'a8b61b75-2878-443b-b9bf-2bd3a865951c_s1', 3, 4, 1, 1);
INSERT INTO delivery_tasks (id, title, type, status, increment_id, source) VALUES ('362a558f-7b14-4140-8113-b87174ed7210', '[TVFIRE-1172] (imported)', 'feature', 'todo', 'a8b61b75-2878-443b-b9bf-2bd3a865951c_s1', 'jira');
INSERT INTO delivery_positions (task_id, increment_id, start_col, end_col, row, row_span) VALUES ('362a558f-7b14-4140-8113-b87174ed7210', 'a8b61b75-2878-443b-b9bf-2bd3a865951c_s1', 0, 2, 1, 1);
INSERT INTO delivery_tasks (id, title, type, status, increment_id, source) VALUES ('b139d256-74d1-47f2-b5f6-014f442b6315', '[TVFIRE-1279] (imported)', 'feature', 'todo', 'a8b61b75-2878-443b-b9bf-2bd3a865951c_s1', 'jira');
INSERT INTO delivery_positions (task_id, increment_id, start_col, end_col, row, row_span) VALUES ('b139d256-74d1-47f2-b5f6-014f442b6315', 'a8b61b75-2878-443b-b9bf-2bd3a865951c_s1', 4, 5, 1, 1);
INSERT INTO delivery_tasks (id, title, type, status, increment_id, source) VALUES ('e2b24b55-2031-4cf5-ab9f-d849b142efff', '[TVFIRE-1226] (imported)', 'feature', 'todo', 'a8b61b75-2878-443b-b9bf-2bd3a865951c_s1', 'jira');
INSERT INTO delivery_positions (task_id, increment_id, start_col, end_col, row, row_span) VALUES ('e2b24b55-2031-4cf5-ab9f-d849b142efff', 'a8b61b75-2878-443b-b9bf-2bd3a865951c_s1', 2, 3, 1, 1);
INSERT INTO delivery_tasks (id, title, type, status, increment_id, source) VALUES ('e9d25a19-f247-4ed1-a531-61b7ea6c0a09', '[TVFIRE-1262] (imported)', 'feature', 'todo', 'a8b61b75-2878-443b-b9bf-2bd3a865951c_s1', 'jira');
INSERT INTO delivery_positions (task_id, increment_id, start_col, end_col, row, row_span) VALUES ('e9d25a19-f247-4ed1-a531-61b7ea6c0a09', 'a8b61b75-2878-443b-b9bf-2bd3a865951c_s1', 2, 3, 2, 1);
INSERT INTO delivery_tasks (id, title, type, status, increment_id, source) VALUES ('b891fdf5-b5c8-4f74-b066-6c45fac26e18', '[TVFIRE-1052] (imported)', 'feature', 'todo', 'a8b61b75-2878-443b-b9bf-2bd3a865951c_s1', 'jira');
INSERT INTO delivery_positions (task_id, increment_id, start_col, end_col, row, row_span) VALUES ('b891fdf5-b5c8-4f74-b066-6c45fac26e18', 'a8b61b75-2878-443b-b9bf-2bd3a865951c_s1', 4, 5, 2, 1);
INSERT INTO delivery_tasks (id, title, type, status, increment_id, source) VALUES ('7503c603-a331-416a-9720-f5fc518f6dc6', '[TVFIRE-1281] (imported)', 'feature', 'todo', 'a8b61b75-2878-443b-b9bf-2bd3a865951c_s1', 'jira');
INSERT INTO delivery_positions (task_id, increment_id, start_col, end_col, row, row_span) VALUES ('7503c603-a331-416a-9720-f5fc518f6dc6', 'a8b61b75-2878-443b-b9bf-2bd3a865951c_s1', 5, 6, 2, 1);
INSERT INTO delivery_tasks (id, title, type, status, increment_id, source) VALUES ('61ebe84f-39f0-4c31-9a77-ef5834db9bba', '[TVFIRE-1218] (imported)', 'feature', 'todo', 'a8b61b75-2878-443b-b9bf-2bd3a865951c_s1', 'jira');
INSERT INTO delivery_positions (task_id, increment_id, start_col, end_col, row, row_span) VALUES ('61ebe84f-39f0-4c31-9a77-ef5834db9bba', 'a8b61b75-2878-443b-b9bf-2bd3a865951c_s1', 3, 4, 2, 1);
INSERT INTO delivery_tasks (id, title, type, status, increment_id, source) VALUES ('52f0952a-529a-403c-a61e-eb3035cf583d', '[TVFIRE-1257] (imported)', 'feature', 'todo', 'a8b61b75-2878-443b-b9bf-2bd3a865951c_s1', 'jira');
INSERT INTO delivery_positions (task_id, increment_id, start_col, end_col, row, row_span) VALUES ('52f0952a-529a-403c-a61e-eb3035cf583d', 'a8b61b75-2878-443b-b9bf-2bd3a865951c_s1', 1, 2, 2, 1);
INSERT INTO delivery_tasks (id, title, type, status, increment_id, source) VALUES ('2d90b2a7-7304-4a86-ada5-d153ea903116', '[TVFIRE-1087] (imported)', 'feature', 'todo', 'a8b61b75-2878-443b-b9bf-2bd3a865951c_s1', 'jira');
INSERT INTO delivery_positions (task_id, increment_id, start_col, end_col, row, row_span) VALUES ('2d90b2a7-7304-4a86-ada5-d153ea903116', 'a8b61b75-2878-443b-b9bf-2bd3a865951c_s1', 5, 6, 3, 1);
INSERT INTO delivery_tasks (id, title, type, status, increment_id, source) VALUES ('d42baa02-b592-4a3e-8191-831483aaaaa2', '[TVFIRE-928] (imported)', 'feature', 'todo', 'a8b61b75-2878-443b-b9bf-2bd3a865951c_s1', 'jira');
INSERT INTO delivery_positions (task_id, increment_id, start_col, end_col, row, row_span) VALUES ('d42baa02-b592-4a3e-8191-831483aaaaa2', 'a8b61b75-2878-443b-b9bf-2bd3a865951c_s1', 2, 4, 3, 1);
INSERT INTO delivery_tasks (id, title, type, status, increment_id, source) VALUES ('29f3adae-7832-4eea-897a-d53c462f516a', '[TVFIRE-1274] (imported)', 'feature', 'todo', 'a8b61b75-2878-443b-b9bf-2bd3a865951c_s1', 'jira');
INSERT INTO delivery_positions (task_id, increment_id, start_col, end_col, row, row_span) VALUES ('29f3adae-7832-4eea-897a-d53c462f516a', 'a8b61b75-2878-443b-b9bf-2bd3a865951c_s1', 4, 5, 3, 1);
INSERT INTO delivery_tasks (id, title, type, status, increment_id, source) VALUES ('5525e306-7c82-47fc-9234-231ac09cc7e2', '[TVFIRE-694] (imported)', 'feature', 'todo', 'a8b61b75-2878-443b-b9bf-2bd3a865951c_s1', 'jira');
INSERT INTO delivery_positions (task_id, increment_id, start_col, end_col, row, row_span) VALUES ('5525e306-7c82-47fc-9234-231ac09cc7e2', 'a8b61b75-2878-443b-b9bf-2bd3a865951c_s1', 5, 6, 4, 1);
INSERT INTO delivery_tasks (id, title, type, status, increment_id, source) VALUES ('eb8a775a-7246-436b-b688-39fa0823c904', '[TVFIRE-1280] (imported)', 'feature', 'todo', 'a8b61b75-2878-443b-b9bf-2bd3a865951c_s1', 'jira');
INSERT INTO delivery_positions (task_id, increment_id, start_col, end_col, row, row_span) VALUES ('eb8a775a-7246-436b-b688-39fa0823c904', 'a8b61b75-2878-443b-b9bf-2bd3a865951c_s1', 4, 5, 4, 1);
INSERT INTO delivery_tasks (id, title, type, status, increment_id, source) VALUES ('1afaa995-f85a-4d2a-82a2-272e95653fc6', '[TVFIRE-1221] (imported)', 'feature', 'todo', 'a8b61b75-2878-443b-b9bf-2bd3a865951c_s1', 'jira');
INSERT INTO delivery_positions (task_id, increment_id, start_col, end_col, row, row_span) VALUES ('1afaa995-f85a-4d2a-82a2-272e95653fc6', 'a8b61b75-2878-443b-b9bf-2bd3a865951c_s1', 3, 4, 4, 1);
INSERT INTO delivery_tasks (id, title, type, status, increment_id, source) VALUES ('9d975638-b5a1-4b19-9b0d-f9d34551e22b', '[TVFIRE-1112] (imported)', 'feature', 'todo', 'a8b61b75-2878-443b-b9bf-2bd3a865951c_s1', 'jira');
INSERT INTO delivery_positions (task_id, increment_id, start_col, end_col, row, row_span) VALUES ('9d975638-b5a1-4b19-9b0d-f9d34551e22b', 'a8b61b75-2878-443b-b9bf-2bd3a865951c_s1', 0, 2, 5, 1);
INSERT INTO delivery_tasks (id, title, type, status, increment_id, source) VALUES ('10c46bae-0fa9-464f-85a6-4b33a8501b37', '[TVFIRE-1272] (imported)', 'feature', 'todo', 'a8b61b75-2878-443b-b9bf-2bd3a865951c_s1', 'jira');
INSERT INTO delivery_positions (task_id, increment_id, start_col, end_col, row, row_span) VALUES ('10c46bae-0fa9-464f-85a6-4b33a8501b37', 'a8b61b75-2878-443b-b9bf-2bd3a865951c_s1', 5, 6, 5, 1);
INSERT INTO delivery_tasks (id, title, type, status, increment_id, source) VALUES ('2fbae908-89a8-4a78-b42f-9874157bf7a8', '[TVFIRE-1284] (imported)', 'feature', 'todo', 'a8b61b75-2878-443b-b9bf-2bd3a865951c_s1', 'jira');
INSERT INTO delivery_positions (task_id, increment_id, start_col, end_col, row, row_span) VALUES ('2fbae908-89a8-4a78-b42f-9874157bf7a8', 'a8b61b75-2878-443b-b9bf-2bd3a865951c_s1', 4, 6, 6, 1);
INSERT INTO delivery_tasks (id, title, type, status, increment_id, source) VALUES ('714607c5-623b-49ae-9901-4f15a4bdff13', '[TVFIRE-1113] (imported)', 'feature', 'todo', 'a8b61b75-2878-443b-b9bf-2bd3a865951c_s1', 'jira');
INSERT INTO delivery_positions (task_id, increment_id, start_col, end_col, row, row_span) VALUES ('714607c5-623b-49ae-9901-4f15a4bdff13', 'a8b61b75-2878-443b-b9bf-2bd3a865951c_s1', 5, 6, 8, 1);
INSERT INTO delivery_tasks (id, title, type, status, increment_id, source) VALUES ('65819920-6e69-4f3e-aa97-673981ffed44', '[TVFIRE-1114] (imported)', 'feature', 'todo', 'a8b61b75-2878-443b-b9bf-2bd3a865951c_s1', 'jira');
INSERT INTO delivery_positions (task_id, increment_id, start_col, end_col, row, row_span) VALUES ('65819920-6e69-4f3e-aa97-673981ffed44', 'a8b61b75-2878-443b-b9bf-2bd3a865951c_s1', 0, 2, 9, 1);
INSERT INTO delivery_boards (id, user_id, name, board_type, start_date, end_date, duration_weeks) VALUES ('b6311173-df19-4a4f-a727-ce99cc2de8d4', 1, 'TVFREE - PI1', 'agile', '2026-01-19', '2026-03-01', 6);
INSERT INTO delivery_tasks (id, title, type, status, increment_id, source) VALUES ('95c15d57-725c-481c-b1bb-a37f602dd89d', '[TVFREE-1740] (imported)', 'feature', 'todo', 'b6311173-df19-4a4f-a727-ce99cc2de8d4_s1', 'jira');
INSERT INTO delivery_positions (task_id, increment_id, start_col, end_col, row, row_span) VALUES ('95c15d57-725c-481c-b1bb-a37f602dd89d', 'b6311173-df19-4a4f-a727-ce99cc2de8d4_s1', 4, 6, 0, 1);
INSERT INTO delivery_tasks (id, title, type, status, increment_id, source) VALUES ('7f272cc2-1a2c-458c-8903-b14a65c612f7', '[TVFREE-1969] (imported)', 'feature', 'todo', 'b6311173-df19-4a4f-a727-ce99cc2de8d4_s1', 'jira');
INSERT INTO delivery_positions (task_id, increment_id, start_col, end_col, row, row_span) VALUES ('7f272cc2-1a2c-458c-8903-b14a65c612f7', 'b6311173-df19-4a4f-a727-ce99cc2de8d4_s1', 0, 1, 0, 1);
INSERT INTO delivery_tasks (id, title, type, status, increment_id, source) VALUES ('695038d2-9141-4158-9aee-ee829416d4e8', '[TVFREE-1897] (imported)', 'feature', 'todo', 'b6311173-df19-4a4f-a727-ce99cc2de8d4_s1', 'jira');
INSERT INTO delivery_positions (task_id, increment_id, start_col, end_col, row, row_span) VALUES ('695038d2-9141-4158-9aee-ee829416d4e8', 'b6311173-df19-4a4f-a727-ce99cc2de8d4_s1', 1, 2, 0, 1);
INSERT INTO delivery_tasks (id, title, type, status, increment_id, source) VALUES ('44973e32-d5de-48be-b30f-aa605d35a426', '[TVFREE-1933] (imported)', 'feature', 'todo', 'b6311173-df19-4a4f-a727-ce99cc2de8d4_s1', 'jira');
INSERT INTO delivery_positions (task_id, increment_id, start_col, end_col, row, row_span) VALUES ('44973e32-d5de-48be-b30f-aa605d35a426', 'b6311173-df19-4a4f-a727-ce99cc2de8d4_s1', 0, 1, 0, 1);
INSERT INTO delivery_tasks (id, title, type, status, increment_id, source) VALUES ('70a33edd-efcd-4ce6-9626-03d6690c2c03', '[TVFREE-1968] (imported)', 'feature', 'todo', 'b6311173-df19-4a4f-a727-ce99cc2de8d4_s1', 'jira');
INSERT INTO delivery_positions (task_id, increment_id, start_col, end_col, row, row_span) VALUES ('70a33edd-efcd-4ce6-9626-03d6690c2c03', 'b6311173-df19-4a4f-a727-ce99cc2de8d4_s1', 0, 1, 0, 1);
INSERT INTO delivery_tasks (id, title, type, status, increment_id, source) VALUES ('8bb155a5-b599-485b-955d-942a857cea97', '[TVFREE-2008] (imported)', 'feature', 'todo', 'b6311173-df19-4a4f-a727-ce99cc2de8d4_s1', 'jira');
INSERT INTO delivery_positions (task_id, increment_id, start_col, end_col, row, row_span) VALUES ('8bb155a5-b599-485b-955d-942a857cea97', 'b6311173-df19-4a4f-a727-ce99cc2de8d4_s1', 5, 6, 0, 1);
INSERT INTO delivery_tasks (id, title, type, status, increment_id, source) VALUES ('8accad71-1024-4220-9e4a-2edd33e568cc', '[TVFREE-1977] (imported)', 'feature', 'todo', 'b6311173-df19-4a4f-a727-ce99cc2de8d4_s1', 'jira');
INSERT INTO delivery_positions (task_id, increment_id, start_col, end_col, row, row_span) VALUES ('8accad71-1024-4220-9e4a-2edd33e568cc', 'b6311173-df19-4a4f-a727-ce99cc2de8d4_s1', 2, 5, 0, 1);
INSERT INTO delivery_tasks (id, title, type, status, increment_id, source) VALUES ('8f976b85-1db3-4d5c-85d8-6a8271bcface', '[TVFREE-1967] (imported)', 'feature', 'todo', 'b6311173-df19-4a4f-a727-ce99cc2de8d4_s1', 'jira');
INSERT INTO delivery_positions (task_id, increment_id, start_col, end_col, row, row_span) VALUES ('8f976b85-1db3-4d5c-85d8-6a8271bcface', 'b6311173-df19-4a4f-a727-ce99cc2de8d4_s1', 4, 6, 1, 1);
INSERT INTO delivery_tasks (id, title, type, status, increment_id, source) VALUES ('b725445f-33d1-4e68-99de-19d8883a03b6', '[TVFREE-1543] (imported)', 'feature', 'todo', 'b6311173-df19-4a4f-a727-ce99cc2de8d4_s1', 'jira');
INSERT INTO delivery_positions (task_id, increment_id, start_col, end_col, row, row_span) VALUES ('b725445f-33d1-4e68-99de-19d8883a03b6', 'b6311173-df19-4a4f-a727-ce99cc2de8d4_s1', 1, 2, 1, 1);
INSERT INTO delivery_tasks (id, title, type, status, increment_id, source) VALUES ('b2e38a2e-f923-4930-a79a-b6a9023a7091', '[TVFREE-1974] (imported)', 'feature', 'todo', 'b6311173-df19-4a4f-a727-ce99cc2de8d4_s1', 'jira');
INSERT INTO delivery_positions (task_id, increment_id, start_col, end_col, row, row_span) VALUES ('b2e38a2e-f923-4930-a79a-b6a9023a7091', 'b6311173-df19-4a4f-a727-ce99cc2de8d4_s1', 2, 3, 1, 1);
INSERT INTO delivery_tasks (id, title, type, status, increment_id, source) VALUES ('855fb76e-79ac-49d9-bbce-1555e5a7ac77', '[TVFREE-1970] (imported)', 'feature', 'todo', 'b6311173-df19-4a4f-a727-ce99cc2de8d4_s1', 'jira');
INSERT INTO delivery_positions (task_id, increment_id, start_col, end_col, row, row_span) VALUES ('855fb76e-79ac-49d9-bbce-1555e5a7ac77', 'b6311173-df19-4a4f-a727-ce99cc2de8d4_s1', 4, 5, 2, 1);
INSERT INTO delivery_tasks (id, title, type, status, increment_id, source) VALUES ('704b106f-6d06-4c70-93c2-2ca1598d49f1', '[TVFREE-1763] (imported)', 'feature', 'todo', 'b6311173-df19-4a4f-a727-ce99cc2de8d4_s1', 'jira');
INSERT INTO delivery_positions (task_id, increment_id, start_col, end_col, row, row_span) VALUES ('704b106f-6d06-4c70-93c2-2ca1598d49f1', 'b6311173-df19-4a4f-a727-ce99cc2de8d4_s1', 2, 4, 2, 1);
INSERT INTO delivery_tasks (id, title, type, status, increment_id, source) VALUES ('c7e8adc8-20d1-4829-b342-4c45464db581', '[TVFREE-1903] (imported)', 'feature', 'todo', 'b6311173-df19-4a4f-a727-ce99cc2de8d4_s1', 'jira');
INSERT INTO delivery_positions (task_id, increment_id, start_col, end_col, row, row_span) VALUES ('c7e8adc8-20d1-4829-b342-4c45464db581', 'b6311173-df19-4a4f-a727-ce99cc2de8d4_s1', 0, 1, 3, 1);
INSERT INTO delivery_boards (id, user_id, name, board_type, start_date, end_date, duration_weeks) VALUES ('be096ad5-1ab5-4a45-9a0f-15d59caf78eb', 1, 'TVFREE - PI2', 'agile', '2026-03-02', '2026-04-12', 6);
INSERT INTO delivery_tasks (id, title, type, status, increment_id, source) VALUES ('68dd48e2-c76b-4102-8322-da632c9249b2', '[TVFREE-2013] (imported)', 'feature', 'todo', 'be096ad5-1ab5-4a45-9a0f-15d59caf78eb_s1', 'jira');
INSERT INTO delivery_positions (task_id, increment_id, start_col, end_col, row, row_span) VALUES ('68dd48e2-c76b-4102-8322-da632c9249b2', 'be096ad5-1ab5-4a45-9a0f-15d59caf78eb_s1', 2, 3, 0, 1);
INSERT INTO delivery_tasks (id, title, type, status, increment_id, source) VALUES ('46be25df-f6e3-4176-a1af-4038e744ee41', '[TVFREE-2053] (imported)', 'feature', 'todo', 'be096ad5-1ab5-4a45-9a0f-15d59caf78eb_s1', 'jira');
INSERT INTO delivery_positions (task_id, increment_id, start_col, end_col, row, row_span) VALUES ('46be25df-f6e3-4176-a1af-4038e744ee41', 'be096ad5-1ab5-4a45-9a0f-15d59caf78eb_s1', 4, 6, 0, 1);
INSERT INTO delivery_tasks (id, title, type, status, increment_id, source) VALUES ('c93f837d-69d1-41d3-b9cf-4ef8e604a1cc', '[TVFREE-2008] (imported)', 'feature', 'todo', 'be096ad5-1ab5-4a45-9a0f-15d59caf78eb_s1', 'jira');
INSERT INTO delivery_positions (task_id, increment_id, start_col, end_col, row, row_span) VALUES ('c93f837d-69d1-41d3-b9cf-4ef8e604a1cc', 'be096ad5-1ab5-4a45-9a0f-15d59caf78eb_s1', 0, 1, 0, 1);
INSERT INTO delivery_tasks (id, title, type, status, increment_id, source) VALUES ('f3ed9482-cda8-43d8-bdba-b10f9778431f', '[TVFREE-2012] (imported)', 'feature', 'todo', 'be096ad5-1ab5-4a45-9a0f-15d59caf78eb_s1', 'jira');
INSERT INTO delivery_positions (task_id, increment_id, start_col, end_col, row, row_span) VALUES ('f3ed9482-cda8-43d8-bdba-b10f9778431f', 'be096ad5-1ab5-4a45-9a0f-15d59caf78eb_s1', 0, 2, 0, 1);
INSERT INTO delivery_tasks (id, title, type, status, increment_id, source) VALUES ('74305bea-d230-47be-a17e-48567fd333b7', '[TVFREE-1977] (imported)', 'feature', 'todo', 'be096ad5-1ab5-4a45-9a0f-15d59caf78eb_s1', 'jira');
INSERT INTO delivery_positions (task_id, increment_id, start_col, end_col, row, row_span) VALUES ('74305bea-d230-47be-a17e-48567fd333b7', 'be096ad5-1ab5-4a45-9a0f-15d59caf78eb_s1', 0, 1, 0, 1);
INSERT INTO delivery_tasks (id, title, type, status, increment_id, source) VALUES ('b21f9fbd-190e-4340-8773-ca79f12f40c8', '[TVFREE-1740] (imported)', 'feature', 'todo', 'be096ad5-1ab5-4a45-9a0f-15d59caf78eb_s1', 'jira');
INSERT INTO delivery_positions (task_id, increment_id, start_col, end_col, row, row_span) VALUES ('b21f9fbd-190e-4340-8773-ca79f12f40c8', 'be096ad5-1ab5-4a45-9a0f-15d59caf78eb_s1', 3, 4, 0, 1);
INSERT INTO delivery_tasks (id, title, type, status, increment_id, source) VALUES ('6ce81801-cb9d-401a-b772-64af626d56aa', '[TVFREE-2014] (imported)', 'feature', 'todo', 'be096ad5-1ab5-4a45-9a0f-15d59caf78eb_s1', 'jira');
INSERT INTO delivery_positions (task_id, increment_id, start_col, end_col, row, row_span) VALUES ('6ce81801-cb9d-401a-b772-64af626d56aa', 'be096ad5-1ab5-4a45-9a0f-15d59caf78eb_s1', 0, 1, 1, 1);
INSERT INTO delivery_tasks (id, title, type, status, increment_id, source) VALUES ('c38d1140-9768-425b-8c67-9132f72a7961', '[TVFREE-2011] (imported)', 'feature', 'todo', 'be096ad5-1ab5-4a45-9a0f-15d59caf78eb_s1', 'jira');
INSERT INTO delivery_positions (task_id, increment_id, start_col, end_col, row, row_span) VALUES ('c38d1140-9768-425b-8c67-9132f72a7961', 'be096ad5-1ab5-4a45-9a0f-15d59caf78eb_s1', 5, 6, 1, 1);
INSERT INTO delivery_tasks (id, title, type, status, increment_id, source) VALUES ('6a5e3459-f730-4382-9c3d-861859989284', '[TVFREE-2039] (imported)', 'feature', 'todo', 'be096ad5-1ab5-4a45-9a0f-15d59caf78eb_s1', 'jira');
INSERT INTO delivery_positions (task_id, increment_id, start_col, end_col, row, row_span) VALUES ('6a5e3459-f730-4382-9c3d-861859989284', 'be096ad5-1ab5-4a45-9a0f-15d59caf78eb_s1', 2, 3, 1, 1);
INSERT INTO delivery_tasks (id, title, type, status, increment_id, source) VALUES ('34a6648e-aae3-4046-bef1-1a93590e7cce', '[TVFREE-1967] (imported)', 'feature', 'todo', 'be096ad5-1ab5-4a45-9a0f-15d59caf78eb_s1', 'jira');
INSERT INTO delivery_positions (task_id, increment_id, start_col, end_col, row, row_span) VALUES ('34a6648e-aae3-4046-bef1-1a93590e7cce', 'be096ad5-1ab5-4a45-9a0f-15d59caf78eb_s1', 3, 4, 1, 1);
INSERT INTO delivery_tasks (id, title, type, status, increment_id, source) VALUES ('1b9aa6f7-0d4b-4740-b538-d2745cfe26c5', '[TVFREE-2010] (imported)', 'feature', 'todo', 'be096ad5-1ab5-4a45-9a0f-15d59caf78eb_s1', 'jira');
INSERT INTO delivery_positions (task_id, increment_id, start_col, end_col, row, row_span) VALUES ('1b9aa6f7-0d4b-4740-b538-d2745cfe26c5', 'be096ad5-1ab5-4a45-9a0f-15d59caf78eb_s1', 1, 2, 1, 1);
INSERT INTO delivery_tasks (id, title, type, status, increment_id, source) VALUES ('bb33e020-8911-47a7-a1a3-a2e32bfe2abb', '[TVFREE-1543] (imported)', 'feature', 'todo', 'be096ad5-1ab5-4a45-9a0f-15d59caf78eb_s1', 'jira');
INSERT INTO delivery_positions (task_id, increment_id, start_col, end_col, row, row_span) VALUES ('bb33e020-8911-47a7-a1a3-a2e32bfe2abb', 'be096ad5-1ab5-4a45-9a0f-15d59caf78eb_s1', 0, 1, 1, 1);
INSERT INTO delivery_tasks (id, title, type, status, increment_id, source) VALUES ('38c77253-d977-41dc-b0ac-6af53294d045', '[TVFREE-2035] (imported)', 'feature', 'todo', 'be096ad5-1ab5-4a45-9a0f-15d59caf78eb_s1', 'jira');
INSERT INTO delivery_positions (task_id, increment_id, start_col, end_col, row, row_span) VALUES ('38c77253-d977-41dc-b0ac-6af53294d045', 'be096ad5-1ab5-4a45-9a0f-15d59caf78eb_s1', 2, 3, 2, 1);
INSERT INTO delivery_tasks (id, title, type, status, increment_id, source) VALUES ('c29511fd-7c19-40f4-b3d7-c9840b91f60d', '[TVFREE-2038] (imported)', 'feature', 'todo', 'be096ad5-1ab5-4a45-9a0f-15d59caf78eb_s1', 'jira');
INSERT INTO delivery_positions (task_id, increment_id, start_col, end_col, row, row_span) VALUES ('c29511fd-7c19-40f4-b3d7-c9840b91f60d', 'be096ad5-1ab5-4a45-9a0f-15d59caf78eb_s1', 3, 4, 2, 1);
INSERT INTO delivery_tasks (id, title, type, status, increment_id, source) VALUES ('85e90f7d-35c3-44b4-a96c-12ad6f0331ca', '[TVFREE-1897] (imported)', 'feature', 'todo', 'be096ad5-1ab5-4a45-9a0f-15d59caf78eb_s1', 'jira');
INSERT INTO delivery_positions (task_id, increment_id, start_col, end_col, row, row_span) VALUES ('85e90f7d-35c3-44b4-a96c-12ad6f0331ca', 'be096ad5-1ab5-4a45-9a0f-15d59caf78eb_s1', 0, 1, 3, 1);
INSERT INTO delivery_tasks (id, title, type, status, increment_id, source) VALUES ('5b4607a6-edce-4d8c-bf9f-febf976020a3', '[TVFREE-2015] (imported)', 'feature', 'todo', 'be096ad5-1ab5-4a45-9a0f-15d59caf78eb_s1', 'jira');
INSERT INTO delivery_positions (task_id, increment_id, start_col, end_col, row, row_span) VALUES ('5b4607a6-edce-4d8c-bf9f-febf976020a3', 'be096ad5-1ab5-4a45-9a0f-15d59caf78eb_s1', 2, 4, 3, 1);
INSERT INTO delivery_tasks (id, title, type, status, increment_id, source) VALUES ('c8a4e372-3a40-44e1-9fb8-9b85f6b4d8dd', '[TVFREE-1974] (imported)', 'feature', 'todo', 'be096ad5-1ab5-4a45-9a0f-15d59caf78eb_s1', 'jira');
INSERT INTO delivery_positions (task_id, increment_id, start_col, end_col, row, row_span) VALUES ('c8a4e372-3a40-44e1-9fb8-9b85f6b4d8dd', 'be096ad5-1ab5-4a45-9a0f-15d59caf78eb_s1', 0, 1, 4, 1);
INSERT INTO delivery_tasks (id, title, type, status, increment_id, source) VALUES ('06977fec-83d9-4b39-bd9e-adc55b81636f', '[TVFREE-2050] (imported)', 'feature', 'todo', 'be096ad5-1ab5-4a45-9a0f-15d59caf78eb_s1', 'jira');
INSERT INTO delivery_positions (task_id, increment_id, start_col, end_col, row, row_span) VALUES ('06977fec-83d9-4b39-bd9e-adc55b81636f', 'be096ad5-1ab5-4a45-9a0f-15d59caf78eb_s1', 2, 4, 4, 1);
INSERT INTO delivery_boards (id, user_id, name, board_type, start_date, end_date, duration_weeks) VALUES ('0de950c9-296b-4293-8649-528add8e5dee', 1, 'TVORA - PI1', 'agile', '2026-01-19', '2026-03-01', 6);
INSERT INTO delivery_tasks (id, title, type, status, increment_id, source) VALUES ('80835568-fd4a-4607-937e-d1ee0dbdf07a', '[TVORA-632] (imported)', 'feature', 'todo', '0de950c9-296b-4293-8649-528add8e5dee_s1', 'jira');
INSERT INTO delivery_positions (task_id, increment_id, start_col, end_col, row, row_span) VALUES ('80835568-fd4a-4607-937e-d1ee0dbdf07a', '0de950c9-296b-4293-8649-528add8e5dee_s1', 0, 1, 0, 1);
INSERT INTO delivery_tasks (id, title, type, status, increment_id, source) VALUES ('53cf7041-227e-4a04-832d-c40cd0254aeb', '[TVORA-621] (imported)', 'feature', 'todo', '0de950c9-296b-4293-8649-528add8e5dee_s1', 'jira');
INSERT INTO delivery_positions (task_id, increment_id, start_col, end_col, row, row_span) VALUES ('53cf7041-227e-4a04-832d-c40cd0254aeb', '0de950c9-296b-4293-8649-528add8e5dee_s1', 1, 3, 0, 1);
INSERT INTO delivery_tasks (id, title, type, status, increment_id, source) VALUES ('e42558fa-94f9-4983-b303-982f8414d1c0', '[TVORA-620] (imported)', 'feature', 'todo', '0de950c9-296b-4293-8649-528add8e5dee_s1', 'jira');
INSERT INTO delivery_positions (task_id, increment_id, start_col, end_col, row, row_span) VALUES ('e42558fa-94f9-4983-b303-982f8414d1c0', '0de950c9-296b-4293-8649-528add8e5dee_s1', 4, 6, 0, 1);
INSERT INTO delivery_tasks (id, title, type, status, increment_id, source) VALUES ('f938d6b3-bbf4-4b8a-bb02-f98e7b59902c', '[TVORA-605] (imported)', 'feature', 'todo', '0de950c9-296b-4293-8649-528add8e5dee_s1', 'jira');
INSERT INTO delivery_positions (task_id, increment_id, start_col, end_col, row, row_span) VALUES ('f938d6b3-bbf4-4b8a-bb02-f98e7b59902c', '0de950c9-296b-4293-8649-528add8e5dee_s1', 5, 6, 0, 1);
INSERT INTO delivery_tasks (id, title, type, status, increment_id, source) VALUES ('b39dfd86-dea9-49ae-996c-afb4b5caacc3', '[TVORA-642] (imported)', 'feature', 'todo', '0de950c9-296b-4293-8649-528add8e5dee_s1', 'jira');
INSERT INTO delivery_positions (task_id, increment_id, start_col, end_col, row, row_span) VALUES ('b39dfd86-dea9-49ae-996c-afb4b5caacc3', '0de950c9-296b-4293-8649-528add8e5dee_s1', 5, 6, 0, 1);
INSERT INTO delivery_tasks (id, title, type, status, increment_id, source) VALUES ('e3c94d84-e3b5-463f-bad2-4336fcc5cab8', '[TVORA-641] (imported)', 'feature', 'todo', '0de950c9-296b-4293-8649-528add8e5dee_s1', 'jira');
INSERT INTO delivery_positions (task_id, increment_id, start_col, end_col, row, row_span) VALUES ('e3c94d84-e3b5-463f-bad2-4336fcc5cab8', '0de950c9-296b-4293-8649-528add8e5dee_s1', 5, 6, 0, 1);
INSERT INTO delivery_tasks (id, title, type, status, increment_id, source) VALUES ('2125afab-19bc-40ed-8f6c-ddf02c94046c', '[TVORA-699] (imported)', 'feature', 'todo', '0de950c9-296b-4293-8649-528add8e5dee_s1', 'jira');
INSERT INTO delivery_positions (task_id, increment_id, start_col, end_col, row, row_span) VALUES ('2125afab-19bc-40ed-8f6c-ddf02c94046c', '0de950c9-296b-4293-8649-528add8e5dee_s1', 4, 6, 0, 1);
INSERT INTO delivery_tasks (id, title, type, status, increment_id, source) VALUES ('93ed878a-7ce0-4c4e-8d39-90884d437ecb', '[TVORA-692] (imported)', 'feature', 'todo', '0de950c9-296b-4293-8649-528add8e5dee_s1', 'jira');
INSERT INTO delivery_positions (task_id, increment_id, start_col, end_col, row, row_span) VALUES ('93ed878a-7ce0-4c4e-8d39-90884d437ecb', '0de950c9-296b-4293-8649-528add8e5dee_s1', 5, 6, 0, 1);
INSERT INTO delivery_tasks (id, title, type, status, increment_id, source) VALUES ('55663519-7837-4afe-9da5-c0e0789fef5e', '[TVORA-700] (imported)', 'feature', 'todo', '0de950c9-296b-4293-8649-528add8e5dee_s1', 'jira');
INSERT INTO delivery_positions (task_id, increment_id, start_col, end_col, row, row_span) VALUES ('55663519-7837-4afe-9da5-c0e0789fef5e', '0de950c9-296b-4293-8649-528add8e5dee_s1', 4, 6, 1, 1);
INSERT INTO delivery_tasks (id, title, type, status, increment_id, source) VALUES ('67591c61-57b8-4429-91f1-dedabd7102fa', '[TVORA-633] (imported)', 'feature', 'todo', '0de950c9-296b-4293-8649-528add8e5dee_s1', 'jira');
INSERT INTO delivery_positions (task_id, increment_id, start_col, end_col, row, row_span) VALUES ('67591c61-57b8-4429-91f1-dedabd7102fa', '0de950c9-296b-4293-8649-528add8e5dee_s1', 0, 1, 1, 1);
INSERT INTO delivery_tasks (id, title, type, status, increment_id, source) VALUES ('a2b2ba82-794d-4101-ad19-aa5c286d390d', '[TVORA-644] (imported)', 'feature', 'todo', '0de950c9-296b-4293-8649-528add8e5dee_s1', 'jira');
INSERT INTO delivery_positions (task_id, increment_id, start_col, end_col, row, row_span) VALUES ('a2b2ba82-794d-4101-ad19-aa5c286d390d', '0de950c9-296b-4293-8649-528add8e5dee_s1', 3, 5, 1, 1);
INSERT INTO delivery_tasks (id, title, type, status, increment_id, source) VALUES ('07a30bb2-0de9-4788-ab7e-b73467efa4cf', '[TVORA-618] (imported)', 'feature', 'todo', '0de950c9-296b-4293-8649-528add8e5dee_s1', 'jira');
INSERT INTO delivery_positions (task_id, increment_id, start_col, end_col, row, row_span) VALUES ('07a30bb2-0de9-4788-ab7e-b73467efa4cf', '0de950c9-296b-4293-8649-528add8e5dee_s1', 0, 1, 1, 1);
INSERT INTO delivery_tasks (id, title, type, status, increment_id, source) VALUES ('4cbe7a3f-d196-46d6-b591-1db56d8be694', '[TVORA-643] (imported)', 'feature', 'todo', '0de950c9-296b-4293-8649-528add8e5dee_s1', 'jira');
INSERT INTO delivery_positions (task_id, increment_id, start_col, end_col, row, row_span) VALUES ('4cbe7a3f-d196-46d6-b591-1db56d8be694', '0de950c9-296b-4293-8649-528add8e5dee_s1', 2, 6, 1, 1);
INSERT INTO delivery_tasks (id, title, type, status, increment_id, source) VALUES ('c1e300e8-f9d1-4e93-96de-9a54df4dfb78', '[TVORA-640] (imported)', 'feature', 'todo', '0de950c9-296b-4293-8649-528add8e5dee_s1', 'jira');
INSERT INTO delivery_positions (task_id, increment_id, start_col, end_col, row, row_span) VALUES ('c1e300e8-f9d1-4e93-96de-9a54df4dfb78', '0de950c9-296b-4293-8649-528add8e5dee_s1', 5, 6, 1, 1);
INSERT INTO delivery_tasks (id, title, type, status, increment_id, source) VALUES ('227fc983-b279-4f65-9cb2-769ade032817', '[TVORA-704] (imported)', 'feature', 'todo', '0de950c9-296b-4293-8649-528add8e5dee_s1', 'jira');
INSERT INTO delivery_positions (task_id, increment_id, start_col, end_col, row, row_span) VALUES ('227fc983-b279-4f65-9cb2-769ade032817', '0de950c9-296b-4293-8649-528add8e5dee_s1', 5, 6, 1, 1);
INSERT INTO delivery_tasks (id, title, type, status, increment_id, source) VALUES ('f22abc14-1e77-4254-8366-b92bd072b7a6', '[TVORA-703] (imported)', 'feature', 'todo', '0de950c9-296b-4293-8649-528add8e5dee_s1', 'jira');
INSERT INTO delivery_positions (task_id, increment_id, start_col, end_col, row, row_span) VALUES ('f22abc14-1e77-4254-8366-b92bd072b7a6', '0de950c9-296b-4293-8649-528add8e5dee_s1', 2, 4, 1, 1);
INSERT INTO delivery_tasks (id, title, type, status, increment_id, source) VALUES ('438fa4a4-44cd-4d32-ab84-5fd7c3213735', '[TVORA-619] (imported)', 'feature', 'todo', '0de950c9-296b-4293-8649-528add8e5dee_s1', 'jira');
INSERT INTO delivery_positions (task_id, increment_id, start_col, end_col, row, row_span) VALUES ('438fa4a4-44cd-4d32-ab84-5fd7c3213735', '0de950c9-296b-4293-8649-528add8e5dee_s1', 0, 1, 2, 1);
INSERT INTO delivery_tasks (id, title, type, status, increment_id, source) VALUES ('a1c6bf97-04f8-454c-9c52-6a02a49b4939', '[TVORA-617] (imported)', 'feature', 'todo', '0de950c9-296b-4293-8649-528add8e5dee_s1', 'jira');
INSERT INTO delivery_positions (task_id, increment_id, start_col, end_col, row, row_span) VALUES ('a1c6bf97-04f8-454c-9c52-6a02a49b4939', '0de950c9-296b-4293-8649-528add8e5dee_s1', 0, 1, 2, 1);
INSERT INTO delivery_boards (id, user_id, name, board_type, start_date, end_date, duration_weeks) VALUES ('999ffe1c-daea-4f20-aba3-38e1f0bad1c9', 1, 'TVORA - PI2', 'agile', '2026-03-02', '2026-04-12', 6);
INSERT INTO delivery_tasks (id, title, type, status, increment_id, source) VALUES ('63783f80-e52a-412b-bb1f-c0a6626b2a43', '[TVORA-700] (imported)', 'feature', 'todo', '999ffe1c-daea-4f20-aba3-38e1f0bad1c9_s1', 'jira');
INSERT INTO delivery_positions (task_id, increment_id, start_col, end_col, row, row_span) VALUES ('63783f80-e52a-412b-bb1f-c0a6626b2a43', '999ffe1c-daea-4f20-aba3-38e1f0bad1c9_s1', 1, 2, 0, 1);
INSERT INTO delivery_tasks (id, title, type, status, increment_id, source) VALUES ('3981f339-f374-4d6d-bf25-b82ae5d05051', '[TVORA-713] (imported)', 'feature', 'todo', '999ffe1c-daea-4f20-aba3-38e1f0bad1c9_s1', 'jira');
INSERT INTO delivery_positions (task_id, increment_id, start_col, end_col, row, row_span) VALUES ('3981f339-f374-4d6d-bf25-b82ae5d05051', '999ffe1c-daea-4f20-aba3-38e1f0bad1c9_s1', 5, 6, 0, 1);
INSERT INTO delivery_tasks (id, title, type, status, increment_id, source) VALUES ('10b3860f-a31f-4650-b1fc-80b8e56ed326', '[TVORA-703] (imported)', 'feature', 'todo', '999ffe1c-daea-4f20-aba3-38e1f0bad1c9_s1', 'jira');
INSERT INTO delivery_positions (task_id, increment_id, start_col, end_col, row, row_span) VALUES ('10b3860f-a31f-4650-b1fc-80b8e56ed326', '999ffe1c-daea-4f20-aba3-38e1f0bad1c9_s1', 1, 2, 0, 1);
INSERT INTO delivery_tasks (id, title, type, status, increment_id, source) VALUES ('b60f3d59-3bcd-42ec-a6a9-5f63b04a7866', '[TVORA-692] (imported)', 'feature', 'todo', '999ffe1c-daea-4f20-aba3-38e1f0bad1c9_s1', 'jira');
INSERT INTO delivery_positions (task_id, increment_id, start_col, end_col, row, row_span) VALUES ('b60f3d59-3bcd-42ec-a6a9-5f63b04a7866', '999ffe1c-daea-4f20-aba3-38e1f0bad1c9_s1', 2, 5, 0, 1);
INSERT INTO delivery_tasks (id, title, type, status, increment_id, source) VALUES ('0b566397-3891-492a-a5fd-1260550a3d96', '[TVORA-641] (imported)', 'feature', 'todo', '999ffe1c-daea-4f20-aba3-38e1f0bad1c9_s1', 'jira');
INSERT INTO delivery_positions (task_id, increment_id, start_col, end_col, row, row_span) VALUES ('0b566397-3891-492a-a5fd-1260550a3d96', '999ffe1c-daea-4f20-aba3-38e1f0bad1c9_s1', 2, 3, 1, 1);
INSERT INTO delivery_tasks (id, title, type, status, increment_id, source) VALUES ('aafa08b6-84af-4361-aef2-b8e0669a4099', '[TVORA-717] (imported)', 'feature', 'todo', '999ffe1c-daea-4f20-aba3-38e1f0bad1c9_s1', 'jira');
INSERT INTO delivery_positions (task_id, increment_id, start_col, end_col, row, row_span) VALUES ('aafa08b6-84af-4361-aef2-b8e0669a4099', '999ffe1c-daea-4f20-aba3-38e1f0bad1c9_s1', 4, 5, 1, 1);
INSERT INTO delivery_tasks (id, title, type, status, increment_id, source) VALUES ('401b664a-de17-4ace-8a49-461ea8e76eb3', '[TVORA-691] (imported)', 'feature', 'todo', '999ffe1c-daea-4f20-aba3-38e1f0bad1c9_s1', 'jira');
INSERT INTO delivery_positions (task_id, increment_id, start_col, end_col, row, row_span) VALUES ('401b664a-de17-4ace-8a49-461ea8e76eb3', '999ffe1c-daea-4f20-aba3-38e1f0bad1c9_s1', 5, 6, 1, 1);
INSERT INTO delivery_tasks (id, title, type, status, increment_id, source) VALUES ('cef59ce6-daa6-4373-8d7b-fad4b736ea09', '[TVORA-712] (imported)', 'feature', 'todo', '999ffe1c-daea-4f20-aba3-38e1f0bad1c9_s1', 'jira');
INSERT INTO delivery_positions (task_id, increment_id, start_col, end_col, row, row_span) VALUES ('cef59ce6-daa6-4373-8d7b-fad4b736ea09', '999ffe1c-daea-4f20-aba3-38e1f0bad1c9_s1', 5, 6, 1, 1);
INSERT INTO delivery_tasks (id, title, type, status, increment_id, source) VALUES ('15e7eb7f-25fc-45ba-bd40-3873dcbacbcd', '[TVORA-702] (imported)', 'feature', 'todo', '999ffe1c-daea-4f20-aba3-38e1f0bad1c9_s1', 'jira');
INSERT INTO delivery_positions (task_id, increment_id, start_col, end_col, row, row_span) VALUES ('15e7eb7f-25fc-45ba-bd40-3873dcbacbcd', '999ffe1c-daea-4f20-aba3-38e1f0bad1c9_s1', 3, 4, 1, 1);
INSERT INTO delivery_tasks (id, title, type, status, increment_id, source) VALUES ('7cdf8e33-b300-4ed3-a216-f2a4982bf504', '[TVORA-644] (imported)', 'feature', 'todo', '999ffe1c-daea-4f20-aba3-38e1f0bad1c9_s1', 'jira');
INSERT INTO delivery_positions (task_id, increment_id, start_col, end_col, row, row_span) VALUES ('7cdf8e33-b300-4ed3-a216-f2a4982bf504', '999ffe1c-daea-4f20-aba3-38e1f0bad1c9_s1', 0, 2, 1, 1);
INSERT INTO delivery_tasks (id, title, type, status, increment_id, source) VALUES ('f2f35b7b-47d9-401d-87ec-02aea30f0760', '[TVORA-605] (imported)', 'feature', 'todo', '999ffe1c-daea-4f20-aba3-38e1f0bad1c9_s1', 'jira');
INSERT INTO delivery_positions (task_id, increment_id, start_col, end_col, row, row_span) VALUES ('f2f35b7b-47d9-401d-87ec-02aea30f0760', '999ffe1c-daea-4f20-aba3-38e1f0bad1c9_s1', 2, 3, 2, 1);
INSERT INTO delivery_tasks (id, title, type, status, increment_id, source) VALUES ('75ea2ee7-c03b-4981-bb2d-53ff19691058', '[TVORA-704] (imported)', 'feature', 'todo', '999ffe1c-daea-4f20-aba3-38e1f0bad1c9_s1', 'jira');
INSERT INTO delivery_positions (task_id, increment_id, start_col, end_col, row, row_span) VALUES ('75ea2ee7-c03b-4981-bb2d-53ff19691058', '999ffe1c-daea-4f20-aba3-38e1f0bad1c9_s1', 3, 4, 2, 1);
INSERT INTO delivery_tasks (id, title, type, status, increment_id, source) VALUES ('38eb16f5-9ad3-4ed1-8eb2-7d85c370ef14', '[TVORA-734] (imported)', 'feature', 'todo', '999ffe1c-daea-4f20-aba3-38e1f0bad1c9_s1', 'jira');
INSERT INTO delivery_positions (task_id, increment_id, start_col, end_col, row, row_span) VALUES ('38eb16f5-9ad3-4ed1-8eb2-7d85c370ef14', '999ffe1c-daea-4f20-aba3-38e1f0bad1c9_s1', 5, 6, 3, 1);
INSERT INTO delivery_tasks (id, title, type, status, increment_id, source) VALUES ('cd576d29-3413-4606-9022-c29533fd3a5a', '[TVORA-699] (imported)', 'feature', 'todo', '999ffe1c-daea-4f20-aba3-38e1f0bad1c9_s1', 'jira');
INSERT INTO delivery_positions (task_id, increment_id, start_col, end_col, row, row_span) VALUES ('cd576d29-3413-4606-9022-c29533fd3a5a', '999ffe1c-daea-4f20-aba3-38e1f0bad1c9_s1', 0, 2, 3, 1);
INSERT INTO delivery_tasks (id, title, type, status, increment_id, source) VALUES ('5d92c1e0-aac1-496b-a2ea-ef6343211990', '[TVORA-721] (imported)', 'feature', 'todo', '999ffe1c-daea-4f20-aba3-38e1f0bad1c9_s1', 'jira');
INSERT INTO delivery_positions (task_id, increment_id, start_col, end_col, row, row_span) VALUES ('5d92c1e0-aac1-496b-a2ea-ef6343211990', '999ffe1c-daea-4f20-aba3-38e1f0bad1c9_s1', 2, 3, 3, 1);
INSERT INTO delivery_tasks (id, title, type, status, increment_id, source) VALUES ('1eccde48-6733-4b44-9cd0-c22a5fb8eb81', '[TVORA-701] (imported)', 'feature', 'todo', '999ffe1c-daea-4f20-aba3-38e1f0bad1c9_s1', 'jira');
INSERT INTO delivery_positions (task_id, increment_id, start_col, end_col, row, row_span) VALUES ('1eccde48-6733-4b44-9cd0-c22a5fb8eb81', '999ffe1c-daea-4f20-aba3-38e1f0bad1c9_s1', 3, 4, 3, 1);
INSERT INTO delivery_tasks (id, title, type, status, increment_id, source) VALUES ('10dde9ad-3175-47fa-a68a-d0649473337e', '[TVORA-715] (imported)', 'feature', 'todo', '999ffe1c-daea-4f20-aba3-38e1f0bad1c9_s1', 'jira');
INSERT INTO delivery_positions (task_id, increment_id, start_col, end_col, row, row_span) VALUES ('10dde9ad-3175-47fa-a68a-d0649473337e', '999ffe1c-daea-4f20-aba3-38e1f0bad1c9_s1', 2, 4, 4, 1);
INSERT INTO delivery_tasks (id, title, type, status, increment_id, source) VALUES ('654e7a57-fb05-4345-87b0-8ce66ae912c5', '[TVORA-723] (imported)', 'feature', 'todo', '999ffe1c-daea-4f20-aba3-38e1f0bad1c9_s1', 'jira');
INSERT INTO delivery_positions (task_id, increment_id, start_col, end_col, row, row_span) VALUES ('654e7a57-fb05-4345-87b0-8ce66ae912c5', '999ffe1c-daea-4f20-aba3-38e1f0bad1c9_s1', 4, 6, 8, 1);
INSERT INTO delivery_boards (id, user_id, name, board_type, start_date, end_date, duration_weeks) VALUES ('d190894f-f6d7-4e1f-8496-6b798783f39d', 1, 'TVSFR - PI1', 'agile', '2026-01-19', '2026-03-01', 6);
INSERT INTO delivery_tasks (id, title, type, status, increment_id, source) VALUES ('317c2f31-58b9-45a1-ad3b-12679c6394df', '[TVSFR-533] (imported)', 'feature', 'todo', 'd190894f-f6d7-4e1f-8496-6b798783f39d_s1', 'jira');
INSERT INTO delivery_positions (task_id, increment_id, start_col, end_col, row, row_span) VALUES ('317c2f31-58b9-45a1-ad3b-12679c6394df', 'd190894f-f6d7-4e1f-8496-6b798783f39d_s1', 2, 4, 0, 1);
INSERT INTO delivery_tasks (id, title, type, status, increment_id, source) VALUES ('b1aec097-4836-4416-8575-ab1cc0d9f4d7', '[TVSFR-429] (imported)', 'feature', 'todo', 'd190894f-f6d7-4e1f-8496-6b798783f39d_s1', 'jira');
INSERT INTO delivery_positions (task_id, increment_id, start_col, end_col, row, row_span) VALUES ('b1aec097-4836-4416-8575-ab1cc0d9f4d7', 'd190894f-f6d7-4e1f-8496-6b798783f39d_s1', 5, 6, 0, 1);
INSERT INTO delivery_tasks (id, title, type, status, increment_id, source) VALUES ('8b44b1fc-3697-4def-a192-d054e155bd62', '[TVSFR-534] (imported)', 'feature', 'todo', 'd190894f-f6d7-4e1f-8496-6b798783f39d_s1', 'jira');
INSERT INTO delivery_positions (task_id, increment_id, start_col, end_col, row, row_span) VALUES ('8b44b1fc-3697-4def-a192-d054e155bd62', 'd190894f-f6d7-4e1f-8496-6b798783f39d_s1', 4, 6, 0, 1);
INSERT INTO delivery_tasks (id, title, type, status, increment_id, source) VALUES ('24de350b-49d3-45b7-974e-715150c6a2da', '[TVSFR-536] (imported)', 'feature', 'todo', 'd190894f-f6d7-4e1f-8496-6b798783f39d_s1', 'jira');
INSERT INTO delivery_positions (task_id, increment_id, start_col, end_col, row, row_span) VALUES ('24de350b-49d3-45b7-974e-715150c6a2da', 'd190894f-f6d7-4e1f-8496-6b798783f39d_s1', 4, 6, 0, 1);
INSERT INTO delivery_tasks (id, title, type, status, increment_id, source) VALUES ('1ad817e0-d92f-4023-a136-6487f2b794f9', '[TVSFR-512] (imported)', 'feature', 'todo', 'd190894f-f6d7-4e1f-8496-6b798783f39d_s1', 'jira');
INSERT INTO delivery_positions (task_id, increment_id, start_col, end_col, row, row_span) VALUES ('1ad817e0-d92f-4023-a136-6487f2b794f9', 'd190894f-f6d7-4e1f-8496-6b798783f39d_s1', 0, 1, 0, 1);
INSERT INTO delivery_tasks (id, title, type, status, increment_id, source) VALUES ('1776fefe-6591-47a0-a91a-f93fce0c8dbf', '[TVSFR-515] (imported)', 'feature', 'todo', 'd190894f-f6d7-4e1f-8496-6b798783f39d_s1', 'jira');
INSERT INTO delivery_positions (task_id, increment_id, start_col, end_col, row, row_span) VALUES ('1776fefe-6591-47a0-a91a-f93fce0c8dbf', 'd190894f-f6d7-4e1f-8496-6b798783f39d_s1', 5, 6, 0, 1);
INSERT INTO delivery_tasks (id, title, type, status, increment_id, source) VALUES ('74bdef5a-08d9-42a8-8634-34fdd9904bbb', '[TVSFR-532] (imported)', 'feature', 'todo', 'd190894f-f6d7-4e1f-8496-6b798783f39d_s1', 'jira');
INSERT INTO delivery_positions (task_id, increment_id, start_col, end_col, row, row_span) VALUES ('74bdef5a-08d9-42a8-8634-34fdd9904bbb', 'd190894f-f6d7-4e1f-8496-6b798783f39d_s1', 4, 6, 0, 1);
INSERT INTO delivery_tasks (id, title, type, status, increment_id, source) VALUES ('36165bbe-13cb-4230-b69a-8785b3db4a99', '[TVSFR-519] (imported)', 'feature', 'todo', 'd190894f-f6d7-4e1f-8496-6b798783f39d_s1', 'jira');
INSERT INTO delivery_positions (task_id, increment_id, start_col, end_col, row, row_span) VALUES ('36165bbe-13cb-4230-b69a-8785b3db4a99', 'd190894f-f6d7-4e1f-8496-6b798783f39d_s1', 3, 5, 0, 1);
INSERT INTO delivery_tasks (id, title, type, status, increment_id, source) VALUES ('bda31241-5792-4931-8389-1a999113560a', '[TVSFR-438] (imported)', 'feature', 'todo', 'd190894f-f6d7-4e1f-8496-6b798783f39d_s1', 'jira');
INSERT INTO delivery_positions (task_id, increment_id, start_col, end_col, row, row_span) VALUES ('bda31241-5792-4931-8389-1a999113560a', 'd190894f-f6d7-4e1f-8496-6b798783f39d_s1', 1, 2, 0, 1);
INSERT INTO delivery_tasks (id, title, type, status, increment_id, source) VALUES ('f5ec568a-b982-4d20-b07f-ff76e8ee3cd0', '[TVSFR-373] (imported)', 'feature', 'todo', 'd190894f-f6d7-4e1f-8496-6b798783f39d_s1', 'jira');
INSERT INTO delivery_positions (task_id, increment_id, start_col, end_col, row, row_span) VALUES ('f5ec568a-b982-4d20-b07f-ff76e8ee3cd0', 'd190894f-f6d7-4e1f-8496-6b798783f39d_s1', 0, 1, 1, 1);
INSERT INTO delivery_tasks (id, title, type, status, increment_id, source) VALUES ('552f11a1-c03e-4831-9998-18bd50a7e214', '[TVSFR-400] (imported)', 'feature', 'todo', 'd190894f-f6d7-4e1f-8496-6b798783f39d_s1', 'jira');
INSERT INTO delivery_positions (task_id, increment_id, start_col, end_col, row, row_span) VALUES ('552f11a1-c03e-4831-9998-18bd50a7e214', 'd190894f-f6d7-4e1f-8496-6b798783f39d_s1', 4, 6, 1, 1);
INSERT INTO delivery_tasks (id, title, type, status, increment_id, source) VALUES ('3759ec3c-52f1-4130-b0c0-23e5449b2ebf', '[TVSFR-517] (imported)', 'feature', 'todo', 'd190894f-f6d7-4e1f-8496-6b798783f39d_s1', 'jira');
INSERT INTO delivery_positions (task_id, increment_id, start_col, end_col, row, row_span) VALUES ('3759ec3c-52f1-4130-b0c0-23e5449b2ebf', 'd190894f-f6d7-4e1f-8496-6b798783f39d_s1', 2, 3, 2, 1);
INSERT INTO delivery_tasks (id, title, type, status, increment_id, source) VALUES ('4cfe23d7-5681-4f2c-b7c3-6752c2a19d30', '[TVSFR-518] (imported)', 'feature', 'todo', 'd190894f-f6d7-4e1f-8496-6b798783f39d_s1', 'jira');
INSERT INTO delivery_positions (task_id, increment_id, start_col, end_col, row, row_span) VALUES ('4cfe23d7-5681-4f2c-b7c3-6752c2a19d30', 'd190894f-f6d7-4e1f-8496-6b798783f39d_s1', 4, 5, 2, 1);
INSERT INTO delivery_tasks (id, title, type, status, increment_id, source) VALUES ('24bf7258-93bd-488c-8435-a32ebbef04cd', '[TVSFR-516] (imported)', 'feature', 'todo', 'd190894f-f6d7-4e1f-8496-6b798783f39d_s1', 'jira');
INSERT INTO delivery_positions (task_id, increment_id, start_col, end_col, row, row_span) VALUES ('24bf7258-93bd-488c-8435-a32ebbef04cd', 'd190894f-f6d7-4e1f-8496-6b798783f39d_s1', 2, 6, 2, 1);
INSERT INTO delivery_tasks (id, title, type, status, increment_id, source) VALUES ('dffddb6f-3989-4052-a6c8-b252593b0ee4', '[TVSFR-436] (imported)', 'feature', 'todo', 'd190894f-f6d7-4e1f-8496-6b798783f39d_s1', 'jira');
INSERT INTO delivery_positions (task_id, increment_id, start_col, end_col, row, row_span) VALUES ('dffddb6f-3989-4052-a6c8-b252593b0ee4', 'd190894f-f6d7-4e1f-8496-6b798783f39d_s1', 0, 1, 2, 1);
INSERT INTO delivery_boards (id, user_id, name, board_type, start_date, end_date, duration_weeks) VALUES ('058272af-5b8c-459c-a055-c132d3bd9fe7', 1, 'TVSFR - PI2', 'agile', '2026-03-02', '2026-04-12', 6);
INSERT INTO delivery_tasks (id, title, type, status, increment_id, source) VALUES ('9e5d1390-d847-4db1-8a32-6e45a33af825', '[TVSFR-517] (imported)', 'feature', 'todo', '058272af-5b8c-459c-a055-c132d3bd9fe7_s1', 'jira');
INSERT INTO delivery_positions (task_id, increment_id, start_col, end_col, row, row_span) VALUES ('9e5d1390-d847-4db1-8a32-6e45a33af825', '058272af-5b8c-459c-a055-c132d3bd9fe7_s1', 2, 4, 0, 1);
INSERT INTO delivery_tasks (id, title, type, status, increment_id, source) VALUES ('c80eedbb-7980-42b5-adf6-f26e03620244', '[TVSFR-536] (imported)', 'feature', 'todo', '058272af-5b8c-459c-a055-c132d3bd9fe7_s1', 'jira');
INSERT INTO delivery_positions (task_id, increment_id, start_col, end_col, row, row_span) VALUES ('c80eedbb-7980-42b5-adf6-f26e03620244', '058272af-5b8c-459c-a055-c132d3bd9fe7_s1', 4, 5, 0, 1);
INSERT INTO delivery_tasks (id, title, type, status, increment_id, source) VALUES ('4eb49a3f-7432-4d41-8a16-132bd7c5ba5d', '[TVSFR-533] (imported)', 'feature', 'todo', '058272af-5b8c-459c-a055-c132d3bd9fe7_s1', 'jira');
INSERT INTO delivery_positions (task_id, increment_id, start_col, end_col, row, row_span) VALUES ('4eb49a3f-7432-4d41-8a16-132bd7c5ba5d', '058272af-5b8c-459c-a055-c132d3bd9fe7_s1', 5, 6, 0, 1);
INSERT INTO delivery_tasks (id, title, type, status, increment_id, source) VALUES ('db2de281-f943-4bef-ba3b-281855689458', '[TVSFR-519] (imported)', 'feature', 'todo', '058272af-5b8c-459c-a055-c132d3bd9fe7_s1', 'jira');
INSERT INTO delivery_positions (task_id, increment_id, start_col, end_col, row, row_span) VALUES ('db2de281-f943-4bef-ba3b-281855689458', '058272af-5b8c-459c-a055-c132d3bd9fe7_s1', 0, 2, 0, 1);
INSERT INTO delivery_tasks (id, title, type, status, increment_id, source) VALUES ('992a627b-3064-4290-bd1e-d95bd29b2a26', '[TVSFR-429] (imported)', 'feature', 'todo', '058272af-5b8c-459c-a055-c132d3bd9fe7_s1', 'jira');
INSERT INTO delivery_positions (task_id, increment_id, start_col, end_col, row, row_span) VALUES ('992a627b-3064-4290-bd1e-d95bd29b2a26', '058272af-5b8c-459c-a055-c132d3bd9fe7_s1', 2, 3, 0, 1);
INSERT INTO delivery_tasks (id, title, type, status, increment_id, source) VALUES ('ba6d9021-8c64-48e4-aa47-6749fd4ffa47', '[TVSFR-534] (imported)', 'feature', 'todo', '058272af-5b8c-459c-a055-c132d3bd9fe7_s1', 'jira');
INSERT INTO delivery_positions (task_id, increment_id, start_col, end_col, row, row_span) VALUES ('ba6d9021-8c64-48e4-aa47-6749fd4ffa47', '058272af-5b8c-459c-a055-c132d3bd9fe7_s1', 5, 6, 1, 1);
INSERT INTO delivery_tasks (id, title, type, status, increment_id, source) VALUES ('26a3e9b1-175a-42c1-983a-7073268c2708', '[TVSFR-538] (imported)', 'feature', 'todo', '058272af-5b8c-459c-a055-c132d3bd9fe7_s1', 'jira');
INSERT INTO delivery_positions (task_id, increment_id, start_col, end_col, row, row_span) VALUES ('26a3e9b1-175a-42c1-983a-7073268c2708', '058272af-5b8c-459c-a055-c132d3bd9fe7_s1', 2, 3, 1, 1);
INSERT INTO delivery_tasks (id, title, type, status, increment_id, source) VALUES ('c2b54638-8955-4b1f-b5eb-492b839ea7c0', '[TVSFR-557] (imported)', 'feature', 'todo', '058272af-5b8c-459c-a055-c132d3bd9fe7_s1', 'jira');
INSERT INTO delivery_positions (task_id, increment_id, start_col, end_col, row, row_span) VALUES ('c2b54638-8955-4b1f-b5eb-492b839ea7c0', '058272af-5b8c-459c-a055-c132d3bd9fe7_s1', 4, 5, 1, 1);
INSERT INTO delivery_tasks (id, title, type, status, increment_id, source) VALUES ('fcd90b56-30b2-4ced-8026-10116e52bf72', '[TVSFR-543] (imported)', 'feature', 'todo', '058272af-5b8c-459c-a055-c132d3bd9fe7_s1', 'jira');
INSERT INTO delivery_positions (task_id, increment_id, start_col, end_col, row, row_span) VALUES ('fcd90b56-30b2-4ced-8026-10116e52bf72', '058272af-5b8c-459c-a055-c132d3bd9fe7_s1', 5, 6, 2, 1);
INSERT INTO delivery_tasks (id, title, type, status, increment_id, source) VALUES ('ec225e86-45ff-4294-af6b-6db138aaabe3', '[TVSFR-542] (imported)', 'feature', 'todo', '058272af-5b8c-459c-a055-c132d3bd9fe7_s1', 'jira');
INSERT INTO delivery_positions (task_id, increment_id, start_col, end_col, row, row_span) VALUES ('ec225e86-45ff-4294-af6b-6db138aaabe3', '058272af-5b8c-459c-a055-c132d3bd9fe7_s1', 2, 4, 2, 1);
INSERT INTO delivery_tasks (id, title, type, status, increment_id, source) VALUES ('e4ebc349-0fd0-45d4-b64a-558e7b86cd4a', '[TVSFR-532] (imported)', 'feature', 'todo', '058272af-5b8c-459c-a055-c132d3bd9fe7_s1', 'jira');
INSERT INTO delivery_positions (task_id, increment_id, start_col, end_col, row, row_span) VALUES ('e4ebc349-0fd0-45d4-b64a-558e7b86cd4a', '058272af-5b8c-459c-a055-c132d3bd9fe7_s1', 5, 6, 2, 1);
INSERT INTO delivery_tasks (id, title, type, status, increment_id, source) VALUES ('c7efa4ef-08d3-4b82-bd2d-bbf4233da385', '[TVSFR-554] (imported)', 'feature', 'todo', '058272af-5b8c-459c-a055-c132d3bd9fe7_s1', 'jira');
INSERT INTO delivery_positions (task_id, increment_id, start_col, end_col, row, row_span) VALUES ('c7efa4ef-08d3-4b82-bd2d-bbf4233da385', '058272af-5b8c-459c-a055-c132d3bd9fe7_s1', 2, 4, 3, 1);
INSERT INTO delivery_tasks (id, title, type, status, increment_id, source) VALUES ('9c489db8-d852-4187-8a23-d18cef794f70', '[TVSFR-556] (imported)', 'feature', 'todo', '058272af-5b8c-459c-a055-c132d3bd9fe7_s1', 'jira');
INSERT INTO delivery_positions (task_id, increment_id, start_col, end_col, row, row_span) VALUES ('9c489db8-d852-4187-8a23-d18cef794f70', '058272af-5b8c-459c-a055-c132d3bd9fe7_s1', 2, 4, 4, 1);
INSERT INTO delivery_tasks (id, title, type, status, increment_id, source) VALUES ('2c4b009d-baa7-4d30-acc1-0fe08b659713', '[TVSFR-552] (imported)', 'feature', 'todo', '058272af-5b8c-459c-a055-c132d3bd9fe7_s1', 'jira');
INSERT INTO delivery_positions (task_id, increment_id, start_col, end_col, row, row_span) VALUES ('2c4b009d-baa7-4d30-acc1-0fe08b659713', '058272af-5b8c-459c-a055-c132d3bd9fe7_s1', 2, 4, 5, 1);
INSERT INTO delivery_tasks (id, title, type, status, increment_id, source) VALUES ('cc382474-3516-44e5-b1eb-14741beb6d9e', '[TVSFR-550] (imported)', 'feature', 'todo', '058272af-5b8c-459c-a055-c132d3bd9fe7_s1', 'jira');
INSERT INTO delivery_positions (task_id, increment_id, start_col, end_col, row, row_span) VALUES ('cc382474-3516-44e5-b1eb-14741beb6d9e', '058272af-5b8c-459c-a055-c132d3bd9fe7_s1', 2, 4, 6, 1);
INSERT INTO delivery_tasks (id, title, type, status, increment_id, source) VALUES ('b95b4663-b3db-4de8-9436-a8ea3a6ad91e', '[TVSFR-548] (imported)', 'feature', 'todo', '058272af-5b8c-459c-a055-c132d3bd9fe7_s1', 'jira');
INSERT INTO delivery_positions (task_id, increment_id, start_col, end_col, row, row_span) VALUES ('b95b4663-b3db-4de8-9436-a8ea3a6ad91e', '058272af-5b8c-459c-a055-c132d3bd9fe7_s1', 2, 4, 7, 1);
INSERT INTO delivery_boards (id, user_id, name, board_type, start_date, end_date, duration_weeks) VALUES ('4fad6a24-1b3d-4a6e-935a-ae25e927c9f5', 1, 'TVSMART - PI1', 'agile', '2026-01-19', '2026-03-01', 6);
INSERT INTO delivery_tasks (id, title, type, status, increment_id, source) VALUES ('862e4878-6054-4dfa-96f9-7dce7404bfbd', '[TVSMART-2190] (imported)', 'feature', 'todo', '4fad6a24-1b3d-4a6e-935a-ae25e927c9f5_s1', 'jira');
INSERT INTO delivery_positions (task_id, increment_id, start_col, end_col, row, row_span) VALUES ('862e4878-6054-4dfa-96f9-7dce7404bfbd', '4fad6a24-1b3d-4a6e-935a-ae25e927c9f5_s1', 2, 4, 0, 1);
INSERT INTO delivery_tasks (id, title, type, status, increment_id, source) VALUES ('019e2150-1773-4daf-af2d-d5e7c3afb9e5', '[TVSMART-1931] (imported)', 'feature', 'todo', '4fad6a24-1b3d-4a6e-935a-ae25e927c9f5_s1', 'jira');
INSERT INTO delivery_positions (task_id, increment_id, start_col, end_col, row, row_span) VALUES ('019e2150-1773-4daf-af2d-d5e7c3afb9e5', '4fad6a24-1b3d-4a6e-935a-ae25e927c9f5_s1', 1, 2, 0, 1);
INSERT INTO delivery_tasks (id, title, type, status, increment_id, source) VALUES ('a39c7ca0-37ef-4574-a729-e40759fa1a36', '[TVSMART-2062] (imported)', 'feature', 'todo', '4fad6a24-1b3d-4a6e-935a-ae25e927c9f5_s1', 'jira');
INSERT INTO delivery_positions (task_id, increment_id, start_col, end_col, row, row_span) VALUES ('a39c7ca0-37ef-4574-a729-e40759fa1a36', '4fad6a24-1b3d-4a6e-935a-ae25e927c9f5_s1', 0, 1, 0, 1);
INSERT INTO delivery_tasks (id, title, type, status, increment_id, source) VALUES ('e50ce632-d404-415f-ad96-b8a246445663', '[TVSMART-2197] (imported)', 'feature', 'todo', '4fad6a24-1b3d-4a6e-935a-ae25e927c9f5_s1', 'jira');
INSERT INTO delivery_positions (task_id, increment_id, start_col, end_col, row, row_span) VALUES ('e50ce632-d404-415f-ad96-b8a246445663', '4fad6a24-1b3d-4a6e-935a-ae25e927c9f5_s1', 4, 5, 0, 1);
INSERT INTO delivery_tasks (id, title, type, status, increment_id, source) VALUES ('d7e5fb68-6ca5-462b-8ffe-c60005f0e6fb', '[TVSMART-2019] (imported)', 'feature', 'todo', '4fad6a24-1b3d-4a6e-935a-ae25e927c9f5_s1', 'jira');
INSERT INTO delivery_positions (task_id, increment_id, start_col, end_col, row, row_span) VALUES ('d7e5fb68-6ca5-462b-8ffe-c60005f0e6fb', '4fad6a24-1b3d-4a6e-935a-ae25e927c9f5_s1', 2, 4, 0, 1);
INSERT INTO delivery_tasks (id, title, type, status, increment_id, source) VALUES ('8cafba0d-9dae-4bad-940d-a61594afe8a0', '[TVSMART-1972] (imported)', 'feature', 'todo', '4fad6a24-1b3d-4a6e-935a-ae25e927c9f5_s1', 'jira');
INSERT INTO delivery_positions (task_id, increment_id, start_col, end_col, row, row_span) VALUES ('8cafba0d-9dae-4bad-940d-a61594afe8a0', '4fad6a24-1b3d-4a6e-935a-ae25e927c9f5_s1', 0, 1, 0, 1);
INSERT INTO delivery_tasks (id, title, type, status, increment_id, source) VALUES ('b82ca8dd-634c-4e56-8f33-b829072d49dc', '[TVSMART-2193] (imported)', 'feature', 'todo', '4fad6a24-1b3d-4a6e-935a-ae25e927c9f5_s1', 'jira');
INSERT INTO delivery_positions (task_id, increment_id, start_col, end_col, row, row_span) VALUES ('b82ca8dd-634c-4e56-8f33-b829072d49dc', '4fad6a24-1b3d-4a6e-935a-ae25e927c9f5_s1', 5, 6, 0, 1);
INSERT INTO delivery_tasks (id, title, type, status, increment_id, source) VALUES ('bd2f5c2b-f0c5-4235-8d43-67f3220f8886', '[TVSMART-2192] (imported)', 'feature', 'todo', '4fad6a24-1b3d-4a6e-935a-ae25e927c9f5_s1', 'jira');
INSERT INTO delivery_positions (task_id, increment_id, start_col, end_col, row, row_span) VALUES ('bd2f5c2b-f0c5-4235-8d43-67f3220f8886', '4fad6a24-1b3d-4a6e-935a-ae25e927c9f5_s1', 4, 5, 0, 1);
INSERT INTO delivery_tasks (id, title, type, status, increment_id, source) VALUES ('07b7ccc8-5fe5-4268-93f7-08c4874d4437', '[TVSMART-2191] (imported)', 'feature', 'todo', '4fad6a24-1b3d-4a6e-935a-ae25e927c9f5_s1', 'jira');
INSERT INTO delivery_positions (task_id, increment_id, start_col, end_col, row, row_span) VALUES ('07b7ccc8-5fe5-4268-93f7-08c4874d4437', '4fad6a24-1b3d-4a6e-935a-ae25e927c9f5_s1', 5, 6, 1, 1);
INSERT INTO delivery_tasks (id, title, type, status, increment_id, source) VALUES ('b80c17dc-c241-42aa-950e-c6c4e9ba8f88', '[TVSMART-2142] (imported)', 'feature', 'todo', '4fad6a24-1b3d-4a6e-935a-ae25e927c9f5_s1', 'jira');
INSERT INTO delivery_positions (task_id, increment_id, start_col, end_col, row, row_span) VALUES ('b80c17dc-c241-42aa-950e-c6c4e9ba8f88', '4fad6a24-1b3d-4a6e-935a-ae25e927c9f5_s1', 4, 6, 1, 1);
INSERT INTO delivery_tasks (id, title, type, status, increment_id, source) VALUES ('86cec67c-76b6-4a43-bcb9-6e7a20893fba', '[TVSMART-2222] (imported)', 'feature', 'todo', '4fad6a24-1b3d-4a6e-935a-ae25e927c9f5_s1', 'jira');
INSERT INTO delivery_positions (task_id, increment_id, start_col, end_col, row, row_span) VALUES ('86cec67c-76b6-4a43-bcb9-6e7a20893fba', '4fad6a24-1b3d-4a6e-935a-ae25e927c9f5_s1', 4, 6, 1, 1);
INSERT INTO delivery_tasks (id, title, type, status, increment_id, source) VALUES ('cbecc40d-5c6f-467d-aac0-7896e4cf50bf', '[TVSMART-2012] (imported)', 'feature', 'todo', '4fad6a24-1b3d-4a6e-935a-ae25e927c9f5_s1', 'jira');
INSERT INTO delivery_positions (task_id, increment_id, start_col, end_col, row, row_span) VALUES ('cbecc40d-5c6f-467d-aac0-7896e4cf50bf', '4fad6a24-1b3d-4a6e-935a-ae25e927c9f5_s1', 0, 1, 1, 1);
INSERT INTO delivery_tasks (id, title, type, status, increment_id, source) VALUES ('537e1ef2-c0c2-4a45-af8e-37e96311f1a4', '[TVSMART-2149] (imported)', 'feature', 'todo', '4fad6a24-1b3d-4a6e-935a-ae25e927c9f5_s1', 'jira');
INSERT INTO delivery_positions (task_id, increment_id, start_col, end_col, row, row_span) VALUES ('537e1ef2-c0c2-4a45-af8e-37e96311f1a4', '4fad6a24-1b3d-4a6e-935a-ae25e927c9f5_s1', 3, 4, 1, 1);
INSERT INTO delivery_tasks (id, title, type, status, increment_id, source) VALUES ('9a51f516-0361-4d55-b874-9573f826ccff', '[TVSMART-2055] (imported)', 'feature', 'todo', '4fad6a24-1b3d-4a6e-935a-ae25e927c9f5_s1', 'jira');
INSERT INTO delivery_positions (task_id, increment_id, start_col, end_col, row, row_span) VALUES ('9a51f516-0361-4d55-b874-9573f826ccff', '4fad6a24-1b3d-4a6e-935a-ae25e927c9f5_s1', 1, 2, 2, 1);
INSERT INTO delivery_tasks (id, title, type, status, increment_id, source) VALUES ('b3e785b2-8025-4aec-afc2-0b552af5d6d1', '[TVSMART-2084] (imported)', 'feature', 'todo', '4fad6a24-1b3d-4a6e-935a-ae25e927c9f5_s1', 'jira');
INSERT INTO delivery_positions (task_id, increment_id, start_col, end_col, row, row_span) VALUES ('b3e785b2-8025-4aec-afc2-0b552af5d6d1', '4fad6a24-1b3d-4a6e-935a-ae25e927c9f5_s1', 5, 6, 2, 1);
INSERT INTO delivery_tasks (id, title, type, status, increment_id, source) VALUES ('1e08c417-a36a-4f2a-9f79-7edcfbac0e9a', '[TVSMART-2089] (imported)', 'feature', 'todo', '4fad6a24-1b3d-4a6e-935a-ae25e927c9f5_s1', 'jira');
INSERT INTO delivery_positions (task_id, increment_id, start_col, end_col, row, row_span) VALUES ('1e08c417-a36a-4f2a-9f79-7edcfbac0e9a', '4fad6a24-1b3d-4a6e-935a-ae25e927c9f5_s1', 5, 6, 2, 1);
INSERT INTO delivery_tasks (id, title, type, status, increment_id, source) VALUES ('2aca73db-2635-462e-b30b-78c41fbff998', '[TVSMART-2181] (imported)', 'feature', 'todo', '4fad6a24-1b3d-4a6e-935a-ae25e927c9f5_s1', 'jira');
INSERT INTO delivery_positions (task_id, increment_id, start_col, end_col, row, row_span) VALUES ('2aca73db-2635-462e-b30b-78c41fbff998', '4fad6a24-1b3d-4a6e-935a-ae25e927c9f5_s1', 4, 6, 2, 1);
INSERT INTO delivery_tasks (id, title, type, status, increment_id, source) VALUES ('76bb709c-1755-4de4-a7e3-81de8119b9d9', '[TVSMART-2216] (imported)', 'feature', 'todo', '4fad6a24-1b3d-4a6e-935a-ae25e927c9f5_s1', 'jira');
INSERT INTO delivery_positions (task_id, increment_id, start_col, end_col, row, row_span) VALUES ('76bb709c-1755-4de4-a7e3-81de8119b9d9', '4fad6a24-1b3d-4a6e-935a-ae25e927c9f5_s1', 4, 6, 2, 1);
INSERT INTO delivery_tasks (id, title, type, status, increment_id, source) VALUES ('07919e01-1d66-44df-b544-79a9fbc63858', '[TVSMART-2074] (imported)', 'feature', 'todo', '4fad6a24-1b3d-4a6e-935a-ae25e927c9f5_s1', 'jira');
INSERT INTO delivery_positions (task_id, increment_id, start_col, end_col, row, row_span) VALUES ('07919e01-1d66-44df-b544-79a9fbc63858', '4fad6a24-1b3d-4a6e-935a-ae25e927c9f5_s1', 1, 2, 2, 1);
INSERT INTO delivery_tasks (id, title, type, status, increment_id, source) VALUES ('6ef1d537-0440-41a2-a7da-6684da5f4ae5', '[TVSMART-1932] (imported)', 'feature', 'todo', '4fad6a24-1b3d-4a6e-935a-ae25e927c9f5_s1', 'jira');
INSERT INTO delivery_positions (task_id, increment_id, start_col, end_col, row, row_span) VALUES ('6ef1d537-0440-41a2-a7da-6684da5f4ae5', '4fad6a24-1b3d-4a6e-935a-ae25e927c9f5_s1', 2, 4, 2, 1);
INSERT INTO delivery_tasks (id, title, type, status, increment_id, source) VALUES ('6f73b66e-c3cb-415d-877c-a0965a819543', '[TVSMART-1930] (imported)', 'feature', 'todo', '4fad6a24-1b3d-4a6e-935a-ae25e927c9f5_s1', 'jira');
INSERT INTO delivery_positions (task_id, increment_id, start_col, end_col, row, row_span) VALUES ('6f73b66e-c3cb-415d-877c-a0965a819543', '4fad6a24-1b3d-4a6e-935a-ae25e927c9f5_s1', 5, 6, 3, 1);
INSERT INTO delivery_tasks (id, title, type, status, increment_id, source) VALUES ('4c46fd72-5b6e-4d32-86fb-2f8b19a54da8', '[TVSMART-2185] (imported)', 'feature', 'todo', '4fad6a24-1b3d-4a6e-935a-ae25e927c9f5_s1', 'jira');
INSERT INTO delivery_positions (task_id, increment_id, start_col, end_col, row, row_span) VALUES ('4c46fd72-5b6e-4d32-86fb-2f8b19a54da8', '4fad6a24-1b3d-4a6e-935a-ae25e927c9f5_s1', 4, 5, 3, 1);
INSERT INTO delivery_tasks (id, title, type, status, increment_id, source) VALUES ('11c23163-8e7f-4ce8-ad40-a3315d2abe89', '[TVSMART-1978] (imported)', 'feature', 'todo', '4fad6a24-1b3d-4a6e-935a-ae25e927c9f5_s1', 'jira');
INSERT INTO delivery_positions (task_id, increment_id, start_col, end_col, row, row_span) VALUES ('11c23163-8e7f-4ce8-ad40-a3315d2abe89', '4fad6a24-1b3d-4a6e-935a-ae25e927c9f5_s1', 0, 2, 3, 1);
INSERT INTO delivery_tasks (id, title, type, status, increment_id, source) VALUES ('71bbd35b-5c5c-4cdb-876f-2a67e427d4aa', '[TVSMART-2213] (imported)', 'feature', 'todo', '4fad6a24-1b3d-4a6e-935a-ae25e927c9f5_s1', 'jira');
INSERT INTO delivery_positions (task_id, increment_id, start_col, end_col, row, row_span) VALUES ('71bbd35b-5c5c-4cdb-876f-2a67e427d4aa', '4fad6a24-1b3d-4a6e-935a-ae25e927c9f5_s1', 4, 6, 3, 1);
INSERT INTO delivery_tasks (id, title, type, status, increment_id, source) VALUES ('a7f9dc4e-1370-46e4-809f-3b1690e4bac9', '[TVSMART-2184] (imported)', 'feature', 'todo', '4fad6a24-1b3d-4a6e-935a-ae25e927c9f5_s1', 'jira');
INSERT INTO delivery_positions (task_id, increment_id, start_col, end_col, row, row_span) VALUES ('a7f9dc4e-1370-46e4-809f-3b1690e4bac9', '4fad6a24-1b3d-4a6e-935a-ae25e927c9f5_s1', 4, 6, 3, 1);
INSERT INTO delivery_tasks (id, title, type, status, increment_id, source) VALUES ('4044a08c-69e4-4a69-8dd1-a4fb906ac65f', '[TVSMART-2063] (imported)', 'feature', 'todo', '4fad6a24-1b3d-4a6e-935a-ae25e927c9f5_s1', 'jira');
INSERT INTO delivery_positions (task_id, increment_id, start_col, end_col, row, row_span) VALUES ('4044a08c-69e4-4a69-8dd1-a4fb906ac65f', '4fad6a24-1b3d-4a6e-935a-ae25e927c9f5_s1', 5, 6, 4, 1);
INSERT INTO delivery_tasks (id, title, type, status, increment_id, source) VALUES ('beb035e6-aabd-49e9-9d2d-7549f9f5a465', '[TVSMART-2080] (imported)', 'feature', 'todo', '4fad6a24-1b3d-4a6e-935a-ae25e927c9f5_s1', 'jira');
INSERT INTO delivery_positions (task_id, increment_id, start_col, end_col, row, row_span) VALUES ('beb035e6-aabd-49e9-9d2d-7549f9f5a465', '4fad6a24-1b3d-4a6e-935a-ae25e927c9f5_s1', 0, 1, 4, 1);
INSERT INTO delivery_tasks (id, title, type, status, increment_id, source) VALUES ('01991d07-a20c-4d15-9492-f4b679cbfdfd', '[TVSMART-1929] (imported)', 'feature', 'todo', '4fad6a24-1b3d-4a6e-935a-ae25e927c9f5_s1', 'jira');
INSERT INTO delivery_positions (task_id, increment_id, start_col, end_col, row, row_span) VALUES ('01991d07-a20c-4d15-9492-f4b679cbfdfd', '4fad6a24-1b3d-4a6e-935a-ae25e927c9f5_s1', 4, 6, 4, 1);
INSERT INTO delivery_tasks (id, title, type, status, increment_id, source) VALUES ('178d4ed0-8dbb-4606-8522-137b1d3c19d0', '[TVSMART-1928] (imported)', 'feature', 'todo', '4fad6a24-1b3d-4a6e-935a-ae25e927c9f5_s1', 'jira');
INSERT INTO delivery_positions (task_id, increment_id, start_col, end_col, row, row_span) VALUES ('178d4ed0-8dbb-4606-8522-137b1d3c19d0', '4fad6a24-1b3d-4a6e-935a-ae25e927c9f5_s1', 0, 1, 4, 1);
INSERT INTO delivery_tasks (id, title, type, status, increment_id, source) VALUES ('d37cc395-7da8-44d6-a7fc-a016a2cfdb4f', '[TVSMART-2079] (imported)', 'feature', 'todo', '4fad6a24-1b3d-4a6e-935a-ae25e927c9f5_s1', 'jira');
INSERT INTO delivery_positions (task_id, increment_id, start_col, end_col, row, row_span) VALUES ('d37cc395-7da8-44d6-a7fc-a016a2cfdb4f', '4fad6a24-1b3d-4a6e-935a-ae25e927c9f5_s1', 0, 1, 5, 1);
INSERT INTO delivery_tasks (id, title, type, status, increment_id, source) VALUES ('979ac9dd-190c-416d-944b-3e42179116ac', '[TVSMART-2226] (imported)', 'feature', 'todo', '4fad6a24-1b3d-4a6e-935a-ae25e927c9f5_s1', 'jira');
INSERT INTO delivery_positions (task_id, increment_id, start_col, end_col, row, row_span) VALUES ('979ac9dd-190c-416d-944b-3e42179116ac', '4fad6a24-1b3d-4a6e-935a-ae25e927c9f5_s1', 4, 6, 5, 1);
INSERT INTO delivery_tasks (id, title, type, status, increment_id, source) VALUES ('523267eb-8b92-4008-970d-30a09cc8b088', '[TVSMART-2087] (imported)', 'feature', 'todo', '4fad6a24-1b3d-4a6e-935a-ae25e927c9f5_s1', 'jira');
INSERT INTO delivery_positions (task_id, increment_id, start_col, end_col, row, row_span) VALUES ('523267eb-8b92-4008-970d-30a09cc8b088', '4fad6a24-1b3d-4a6e-935a-ae25e927c9f5_s1', 4, 6, 7, 1);
INSERT INTO delivery_tasks (id, title, type, status, increment_id, source) VALUES ('7bd9ccf0-4573-4fd5-8776-a36c648a81a6', '[TVSMART-2241] (imported)', 'feature', 'todo', '4fad6a24-1b3d-4a6e-935a-ae25e927c9f5_s1', 'jira');
INSERT INTO delivery_positions (task_id, increment_id, start_col, end_col, row, row_span) VALUES ('7bd9ccf0-4573-4fd5-8776-a36c648a81a6', '4fad6a24-1b3d-4a6e-935a-ae25e927c9f5_s1', 4, 6, 7, 1);
INSERT INTO delivery_boards (id, user_id, name, board_type, start_date, end_date, duration_weeks) VALUES ('4f975db5-0d52-4b7a-8baf-2f67fa65e7be', 1, 'TVSMART - PI2', 'agile', '2026-03-02', '2026-04-12', 6);
INSERT INTO delivery_tasks (id, title, type, status, increment_id, source) VALUES ('b94f86de-3f85-4af0-be40-9ff81b01f4c4', '[TVSMART-2234] (imported)', 'feature', 'todo', '4f975db5-0d52-4b7a-8baf-2f67fa65e7be_s1', 'jira');
INSERT INTO delivery_positions (task_id, increment_id, start_col, end_col, row, row_span) VALUES ('b94f86de-3f85-4af0-be40-9ff81b01f4c4', '4f975db5-0d52-4b7a-8baf-2f67fa65e7be_s1', 4, 5, 0, 1);
INSERT INTO delivery_tasks (id, title, type, status, increment_id, source) VALUES ('b8d6f67e-8865-4e87-841b-6cf323a8676c', '[TVSMART-2062] (imported)', 'feature', 'todo', '4f975db5-0d52-4b7a-8baf-2f67fa65e7be_s1', 'jira');
INSERT INTO delivery_positions (task_id, increment_id, start_col, end_col, row, row_span) VALUES ('b8d6f67e-8865-4e87-841b-6cf323a8676c', '4f975db5-0d52-4b7a-8baf-2f67fa65e7be_s1', 2, 4, 0, 1);
INSERT INTO delivery_tasks (id, title, type, status, increment_id, source) VALUES ('fb4d24f7-f263-4816-a6dd-4608f74cc610', '[TVSMART-2089] (imported)', 'feature', 'todo', '4f975db5-0d52-4b7a-8baf-2f67fa65e7be_s1', 'jira');
INSERT INTO delivery_positions (task_id, increment_id, start_col, end_col, row, row_span) VALUES ('fb4d24f7-f263-4816-a6dd-4608f74cc610', '4f975db5-0d52-4b7a-8baf-2f67fa65e7be_s1', 5, 6, 0, 1);
INSERT INTO delivery_tasks (id, title, type, status, increment_id, source) VALUES ('e4b7723e-b2c1-48c0-b7fb-71d43181ce9d', '[TVSMART-1931] (imported)', 'feature', 'todo', '4f975db5-0d52-4b7a-8baf-2f67fa65e7be_s1', 'jira');
INSERT INTO delivery_positions (task_id, increment_id, start_col, end_col, row, row_span) VALUES ('e4b7723e-b2c1-48c0-b7fb-71d43181ce9d', '4f975db5-0d52-4b7a-8baf-2f67fa65e7be_s1', 0, 1, 0, 1);
INSERT INTO delivery_tasks (id, title, type, status, increment_id, source) VALUES ('8edc3d4e-d6b8-4d32-adb0-2f32a71d1098', '[TVSMART-2260] (imported)', 'feature', 'todo', '4f975db5-0d52-4b7a-8baf-2f67fa65e7be_s1', 'jira');
INSERT INTO delivery_positions (task_id, increment_id, start_col, end_col, row, row_span) VALUES ('8edc3d4e-d6b8-4d32-adb0-2f32a71d1098', '4f975db5-0d52-4b7a-8baf-2f67fa65e7be_s1', 5, 6, 0, 1);
INSERT INTO delivery_tasks (id, title, type, status, increment_id, source) VALUES ('73f4c4fc-cf64-4e5d-8623-fa4e4751dcf2', '[TVSMART-2185] (imported)', 'feature', 'todo', '4f975db5-0d52-4b7a-8baf-2f67fa65e7be_s1', 'jira');
INSERT INTO delivery_positions (task_id, increment_id, start_col, end_col, row, row_span) VALUES ('73f4c4fc-cf64-4e5d-8623-fa4e4751dcf2', '4f975db5-0d52-4b7a-8baf-2f67fa65e7be_s1', 2, 3, 0, 1);
INSERT INTO delivery_tasks (id, title, type, status, increment_id, source) VALUES ('fceb1153-3a6a-41bd-b67b-aaedbe9b0857', '[TVSMART-2142] (imported)', 'feature', 'todo', '4f975db5-0d52-4b7a-8baf-2f67fa65e7be_s1', 'jira');
INSERT INTO delivery_positions (task_id, increment_id, start_col, end_col, row, row_span) VALUES ('fceb1153-3a6a-41bd-b67b-aaedbe9b0857', '4f975db5-0d52-4b7a-8baf-2f67fa65e7be_s1', 3, 4, 0, 1);
INSERT INTO delivery_tasks (id, title, type, status, increment_id, source) VALUES ('69ecdcbf-72de-44a0-b36f-424c3f8dea47', '[TVSMART-2191] (imported)', 'feature', 'todo', '4f975db5-0d52-4b7a-8baf-2f67fa65e7be_s1', 'jira');
INSERT INTO delivery_positions (task_id, increment_id, start_col, end_col, row, row_span) VALUES ('69ecdcbf-72de-44a0-b36f-424c3f8dea47', '4f975db5-0d52-4b7a-8baf-2f67fa65e7be_s1', 2, 3, 0, 1);
INSERT INTO delivery_tasks (id, title, type, status, increment_id, source) VALUES ('4904260f-f5e5-4583-a714-ea549b93d057', '[TVSMART-2184] (imported)', 'feature', 'todo', '4f975db5-0d52-4b7a-8baf-2f67fa65e7be_s1', 'jira');
INSERT INTO delivery_positions (task_id, increment_id, start_col, end_col, row, row_span) VALUES ('4904260f-f5e5-4583-a714-ea549b93d057', '4f975db5-0d52-4b7a-8baf-2f67fa65e7be_s1', 1, 2, 0, 1);
INSERT INTO delivery_tasks (id, title, type, status, increment_id, source) VALUES ('4da4e22b-e004-492a-8f22-c89026196400', '[TVSMART-2222] (imported)', 'feature', 'todo', '4f975db5-0d52-4b7a-8baf-2f67fa65e7be_s1', 'jira');
INSERT INTO delivery_positions (task_id, increment_id, start_col, end_col, row, row_span) VALUES ('4da4e22b-e004-492a-8f22-c89026196400', '4f975db5-0d52-4b7a-8baf-2f67fa65e7be_s1', 0, 1, 0, 1);
INSERT INTO delivery_tasks (id, title, type, status, increment_id, source) VALUES ('3bea9826-6b1a-4c88-b847-36a00a31e04e', '[TVSMART-2276] (imported)', 'feature', 'todo', '4f975db5-0d52-4b7a-8baf-2f67fa65e7be_s1', 'jira');
INSERT INTO delivery_positions (task_id, increment_id, start_col, end_col, row, row_span) VALUES ('3bea9826-6b1a-4c88-b847-36a00a31e04e', '4f975db5-0d52-4b7a-8baf-2f67fa65e7be_s1', 5, 6, 0, 1);
INSERT INTO delivery_tasks (id, title, type, status, increment_id, source) VALUES ('2985546b-79f7-4da4-a724-13e8a0d0a4f9', '[TVSMART-2258] (imported)', 'feature', 'todo', '4f975db5-0d52-4b7a-8baf-2f67fa65e7be_s1', 'jira');
INSERT INTO delivery_positions (task_id, increment_id, start_col, end_col, row, row_span) VALUES ('2985546b-79f7-4da4-a724-13e8a0d0a4f9', '4f975db5-0d52-4b7a-8baf-2f67fa65e7be_s1', 5, 6, 1, 1);
INSERT INTO delivery_tasks (id, title, type, status, increment_id, source) VALUES ('921d5109-b260-428b-8327-111522d3242a', '[TVSMART-2246] (imported)', 'feature', 'todo', '4f975db5-0d52-4b7a-8baf-2f67fa65e7be_s1', 'jira');
INSERT INTO delivery_positions (task_id, increment_id, start_col, end_col, row, row_span) VALUES ('921d5109-b260-428b-8327-111522d3242a', '4f975db5-0d52-4b7a-8baf-2f67fa65e7be_s1', 5, 6, 1, 1);
INSERT INTO delivery_tasks (id, title, type, status, increment_id, source) VALUES ('58fb0da1-7aa0-4221-9a7e-e3c8c593b346', '[TVSMART-2229] (imported)', 'feature', 'todo', '4f975db5-0d52-4b7a-8baf-2f67fa65e7be_s1', 'jira');
INSERT INTO delivery_positions (task_id, increment_id, start_col, end_col, row, row_span) VALUES ('58fb0da1-7aa0-4221-9a7e-e3c8c593b346', '4f975db5-0d52-4b7a-8baf-2f67fa65e7be_s1', 0, 1, 1, 1);
INSERT INTO delivery_tasks (id, title, type, status, increment_id, source) VALUES ('7d05d1b9-31c4-434c-8d7c-e2aeebb0d27a', '[TVSMART-1927] (imported)', 'feature', 'todo', '4f975db5-0d52-4b7a-8baf-2f67fa65e7be_s1', 'jira');
INSERT INTO delivery_positions (task_id, increment_id, start_col, end_col, row, row_span) VALUES ('7d05d1b9-31c4-434c-8d7c-e2aeebb0d27a', '4f975db5-0d52-4b7a-8baf-2f67fa65e7be_s1', 2, 4, 1, 1);
INSERT INTO delivery_tasks (id, title, type, status, increment_id, source) VALUES ('10b834eb-bcba-44eb-96a4-6b93f20394cd', '[TVSMART-2275] (imported)', 'feature', 'todo', '4f975db5-0d52-4b7a-8baf-2f67fa65e7be_s1', 'jira');
INSERT INTO delivery_positions (task_id, increment_id, start_col, end_col, row, row_span) VALUES ('10b834eb-bcba-44eb-96a4-6b93f20394cd', '4f975db5-0d52-4b7a-8baf-2f67fa65e7be_s1', 4, 5, 1, 1);
INSERT INTO delivery_tasks (id, title, type, status, increment_id, source) VALUES ('0e6f575d-73c6-43eb-b12a-ed4ae89a729a', '[TVSMART-2063] (imported)', 'feature', 'todo', '4f975db5-0d52-4b7a-8baf-2f67fa65e7be_s1', 'jira');
INSERT INTO delivery_positions (task_id, increment_id, start_col, end_col, row, row_span) VALUES ('0e6f575d-73c6-43eb-b12a-ed4ae89a729a', '4f975db5-0d52-4b7a-8baf-2f67fa65e7be_s1', 4, 5, 1, 1);
INSERT INTO delivery_tasks (id, title, type, status, increment_id, source) VALUES ('5b236f56-31ba-4a32-a976-40fc7fc7d58c', '[TVSMART-2218] (imported)', 'feature', 'todo', '4f975db5-0d52-4b7a-8baf-2f67fa65e7be_s1', 'jira');
INSERT INTO delivery_positions (task_id, increment_id, start_col, end_col, row, row_span) VALUES ('5b236f56-31ba-4a32-a976-40fc7fc7d58c', '4f975db5-0d52-4b7a-8baf-2f67fa65e7be_s1', 5, 6, 1, 1);
INSERT INTO delivery_tasks (id, title, type, status, increment_id, source) VALUES ('2533c39a-9488-4884-8a51-0ade09208ff4', '[TVSMART-2273] (imported)', 'feature', 'todo', '4f975db5-0d52-4b7a-8baf-2f67fa65e7be_s1', 'jira');
INSERT INTO delivery_positions (task_id, increment_id, start_col, end_col, row, row_span) VALUES ('2533c39a-9488-4884-8a51-0ade09208ff4', '4f975db5-0d52-4b7a-8baf-2f67fa65e7be_s1', 5, 6, 1, 1);
INSERT INTO delivery_tasks (id, title, type, status, increment_id, source) VALUES ('a7367e16-ab57-4244-8511-9989d185e07a', '[TVSMART-2216] (imported)', 'feature', 'todo', '4f975db5-0d52-4b7a-8baf-2f67fa65e7be_s1', 'jira');
INSERT INTO delivery_positions (task_id, increment_id, start_col, end_col, row, row_span) VALUES ('a7367e16-ab57-4244-8511-9989d185e07a', '4f975db5-0d52-4b7a-8baf-2f67fa65e7be_s1', 2, 3, 1, 1);
INSERT INTO delivery_tasks (id, title, type, status, increment_id, source) VALUES ('7e249709-91e6-4b10-9406-07fded9763f9', '[TVSMART-2230] (imported)', 'feature', 'todo', '4f975db5-0d52-4b7a-8baf-2f67fa65e7be_s1', 'jira');
INSERT INTO delivery_positions (task_id, increment_id, start_col, end_col, row, row_span) VALUES ('7e249709-91e6-4b10-9406-07fded9763f9', '4f975db5-0d52-4b7a-8baf-2f67fa65e7be_s1', 0, 1, 1, 1);
INSERT INTO delivery_tasks (id, title, type, status, increment_id, source) VALUES ('dc8932b2-465a-4f82-baf0-1eedcf6c99a7', '[TVSMART-2259] (imported)', 'feature', 'todo', '4f975db5-0d52-4b7a-8baf-2f67fa65e7be_s1', 'jira');
INSERT INTO delivery_positions (task_id, increment_id, start_col, end_col, row, row_span) VALUES ('dc8932b2-465a-4f82-baf0-1eedcf6c99a7', '4f975db5-0d52-4b7a-8baf-2f67fa65e7be_s1', 4, 5, 1, 1);
INSERT INTO delivery_tasks (id, title, type, status, increment_id, source) VALUES ('33b7b7d5-2498-4d46-a0a4-5da55022a4e1', '[TVSMART-2197] (imported)', 'feature', 'todo', '4f975db5-0d52-4b7a-8baf-2f67fa65e7be_s1', 'jira');
INSERT INTO delivery_positions (task_id, increment_id, start_col, end_col, row, row_span) VALUES ('33b7b7d5-2498-4d46-a0a4-5da55022a4e1', '4f975db5-0d52-4b7a-8baf-2f67fa65e7be_s1', 4, 5, 2, 1);
INSERT INTO delivery_tasks (id, title, type, status, increment_id, source) VALUES ('f75bc918-de57-425d-a5ae-8a49f4175771', '[TVSMART-2055] (imported)', 'feature', 'todo', '4f975db5-0d52-4b7a-8baf-2f67fa65e7be_s1', 'jira');
INSERT INTO delivery_positions (task_id, increment_id, start_col, end_col, row, row_span) VALUES ('f75bc918-de57-425d-a5ae-8a49f4175771', '4f975db5-0d52-4b7a-8baf-2f67fa65e7be_s1', 1, 2, 2, 1);
INSERT INTO delivery_tasks (id, title, type, status, increment_id, source) VALUES ('5837267b-7d36-4217-b548-71557fe1a2e2', '[TVSMART-2292] (imported)', 'feature', 'todo', '4f975db5-0d52-4b7a-8baf-2f67fa65e7be_s1', 'jira');
INSERT INTO delivery_positions (task_id, increment_id, start_col, end_col, row, row_span) VALUES ('5837267b-7d36-4217-b548-71557fe1a2e2', '4f975db5-0d52-4b7a-8baf-2f67fa65e7be_s1', 5, 6, 2, 1);
INSERT INTO delivery_tasks (id, title, type, status, increment_id, source) VALUES ('854a979c-6c01-406a-9169-0f0573ef1436', '[TVSMART-2271] (imported)', 'feature', 'todo', '4f975db5-0d52-4b7a-8baf-2f67fa65e7be_s1', 'jira');
INSERT INTO delivery_positions (task_id, increment_id, start_col, end_col, row, row_span) VALUES ('854a979c-6c01-406a-9169-0f0573ef1436', '4f975db5-0d52-4b7a-8baf-2f67fa65e7be_s1', 5, 6, 2, 1);
INSERT INTO delivery_tasks (id, title, type, status, increment_id, source) VALUES ('c5353711-8223-4ff2-ab86-3538b13b38c5', '[TVSMART-2221] (imported)', 'feature', 'todo', '4f975db5-0d52-4b7a-8baf-2f67fa65e7be_s1', 'jira');
INSERT INTO delivery_positions (task_id, increment_id, start_col, end_col, row, row_span) VALUES ('c5353711-8223-4ff2-ab86-3538b13b38c5', '4f975db5-0d52-4b7a-8baf-2f67fa65e7be_s1', 0, 1, 2, 1);
INSERT INTO delivery_tasks (id, title, type, status, increment_id, source) VALUES ('f0aa8198-0a83-4130-8737-9227dbb29675', '[TVSMART-2192] (imported)', 'feature', 'todo', '4f975db5-0d52-4b7a-8baf-2f67fa65e7be_s1', 'jira');
INSERT INTO delivery_positions (task_id, increment_id, start_col, end_col, row, row_span) VALUES ('f0aa8198-0a83-4130-8737-9227dbb29675', '4f975db5-0d52-4b7a-8baf-2f67fa65e7be_s1', 1, 2, 2, 1);
INSERT INTO delivery_tasks (id, title, type, status, increment_id, source) VALUES ('5ccdc847-2710-46be-8ebf-ba3557a431a4', '[TVSMART-2266] (imported)', 'feature', 'todo', '4f975db5-0d52-4b7a-8baf-2f67fa65e7be_s1', 'jira');
INSERT INTO delivery_positions (task_id, increment_id, start_col, end_col, row, row_span) VALUES ('5ccdc847-2710-46be-8ebf-ba3557a431a4', '4f975db5-0d52-4b7a-8baf-2f67fa65e7be_s1', 4, 5, 2, 1);
INSERT INTO delivery_tasks (id, title, type, status, increment_id, source) VALUES ('100409bf-a027-4aba-b6f6-4a059d3dae60', '[TVSMART-2087] (imported)', 'feature', 'todo', '4f975db5-0d52-4b7a-8baf-2f67fa65e7be_s1', 'jira');
INSERT INTO delivery_positions (task_id, increment_id, start_col, end_col, row, row_span) VALUES ('100409bf-a027-4aba-b6f6-4a059d3dae60', '4f975db5-0d52-4b7a-8baf-2f67fa65e7be_s1', 4, 5, 2, 1);
INSERT INTO delivery_tasks (id, title, type, status, increment_id, source) VALUES ('c2b7f459-d304-4f67-8553-3a4aae570e03', '[TVSMART-2193] (imported)', 'feature', 'todo', '4f975db5-0d52-4b7a-8baf-2f67fa65e7be_s1', 'jira');
INSERT INTO delivery_positions (task_id, increment_id, start_col, end_col, row, row_span) VALUES ('c2b7f459-d304-4f67-8553-3a4aae570e03', '4f975db5-0d52-4b7a-8baf-2f67fa65e7be_s1', 2, 3, 2, 1);
INSERT INTO delivery_tasks (id, title, type, status, increment_id, source) VALUES ('f5ca6393-c3cd-4ab2-ba1b-1994fca83f0a', '[TVSMART-2274] (imported)', 'feature', 'todo', '4f975db5-0d52-4b7a-8baf-2f67fa65e7be_s1', 'jira');
INSERT INTO delivery_positions (task_id, increment_id, start_col, end_col, row, row_span) VALUES ('f5ca6393-c3cd-4ab2-ba1b-1994fca83f0a', '4f975db5-0d52-4b7a-8baf-2f67fa65e7be_s1', 4, 5, 2, 1);
INSERT INTO delivery_tasks (id, title, type, status, increment_id, source) VALUES ('69345837-8e03-48ca-bd2b-b05ea812f309', '[TVSMART-2235] (imported)', 'feature', 'todo', '4f975db5-0d52-4b7a-8baf-2f67fa65e7be_s1', 'jira');
INSERT INTO delivery_positions (task_id, increment_id, start_col, end_col, row, row_span) VALUES ('69345837-8e03-48ca-bd2b-b05ea812f309', '4f975db5-0d52-4b7a-8baf-2f67fa65e7be_s1', 2, 3, 3, 1);
INSERT INTO delivery_tasks (id, title, type, status, increment_id, source) VALUES ('1421a4c7-ae35-4534-8a87-e2bb6d7bea69', '[TVSMART-2241] (imported)', 'feature', 'todo', '4f975db5-0d52-4b7a-8baf-2f67fa65e7be_s1', 'jira');
INSERT INTO delivery_positions (task_id, increment_id, start_col, end_col, row, row_span) VALUES ('1421a4c7-ae35-4534-8a87-e2bb6d7bea69', '4f975db5-0d52-4b7a-8baf-2f67fa65e7be_s1', 4, 5, 3, 1);
INSERT INTO delivery_tasks (id, title, type, status, increment_id, source) VALUES ('9cfb864c-9779-4f70-b689-f1496f5dc70f', '[TVSMART-2079] (imported)', 'feature', 'todo', '4f975db5-0d52-4b7a-8baf-2f67fa65e7be_s1', 'jira');
INSERT INTO delivery_positions (task_id, increment_id, start_col, end_col, row, row_span) VALUES ('9cfb864c-9779-4f70-b689-f1496f5dc70f', '4f975db5-0d52-4b7a-8baf-2f67fa65e7be_s1', 0, 1, 3, 1);
INSERT INTO delivery_tasks (id, title, type, status, increment_id, source) VALUES ('033a8c86-0c54-4e31-8cbd-92b340d6530b', '[TVSMART-2269] (imported)', 'feature', 'todo', '4f975db5-0d52-4b7a-8baf-2f67fa65e7be_s1', 'jira');
INSERT INTO delivery_positions (task_id, increment_id, start_col, end_col, row, row_span) VALUES ('033a8c86-0c54-4e31-8cbd-92b340d6530b', '4f975db5-0d52-4b7a-8baf-2f67fa65e7be_s1', 5, 6, 3, 1);
INSERT INTO delivery_tasks (id, title, type, status, increment_id, source) VALUES ('8aab9f4b-79af-4fb1-88bd-a97c84690cc8', '[TVSMART-2278] (imported)', 'feature', 'todo', '4f975db5-0d52-4b7a-8baf-2f67fa65e7be_s1', 'jira');
INSERT INTO delivery_positions (task_id, increment_id, start_col, end_col, row, row_span) VALUES ('8aab9f4b-79af-4fb1-88bd-a97c84690cc8', '4f975db5-0d52-4b7a-8baf-2f67fa65e7be_s1', 5, 6, 3, 1);
INSERT INTO delivery_tasks (id, title, type, status, increment_id, source) VALUES ('3dbe8b17-3ebb-4ae8-958f-f98b76abc867', '[TVSMART-2149] (imported)', 'feature', 'todo', '4f975db5-0d52-4b7a-8baf-2f67fa65e7be_s1', 'jira');
INSERT INTO delivery_positions (task_id, increment_id, start_col, end_col, row, row_span) VALUES ('3dbe8b17-3ebb-4ae8-958f-f98b76abc867', '4f975db5-0d52-4b7a-8baf-2f67fa65e7be_s1', 1, 2, 3, 1);
INSERT INTO delivery_tasks (id, title, type, status, increment_id, source) VALUES ('4c922cf9-9c75-41ae-8ab5-c816e0abbe4b', '[TVSMART-2181] (imported)', 'feature', 'todo', '4f975db5-0d52-4b7a-8baf-2f67fa65e7be_s1', 'jira');
INSERT INTO delivery_positions (task_id, increment_id, start_col, end_col, row, row_span) VALUES ('4c922cf9-9c75-41ae-8ab5-c816e0abbe4b', '4f975db5-0d52-4b7a-8baf-2f67fa65e7be_s1', 0, 1, 3, 1);
INSERT INTO delivery_tasks (id, title, type, status, increment_id, source) VALUES ('adf6cca0-6bc2-4062-8b2c-f26eb3c3d0aa', '[TVSMART-2289] (imported)', 'feature', 'todo', '4f975db5-0d52-4b7a-8baf-2f67fa65e7be_s1', 'jira');
INSERT INTO delivery_positions (task_id, increment_id, start_col, end_col, row, row_span) VALUES ('adf6cca0-6bc2-4062-8b2c-f26eb3c3d0aa', '4f975db5-0d52-4b7a-8baf-2f67fa65e7be_s1', 5, 6, 3, 1);
INSERT INTO delivery_tasks (id, title, type, status, increment_id, source) VALUES ('87745d3e-b97d-489b-bbb5-785f7253f29a', '[TVSMART-2190] (imported)', 'feature', 'todo', '4f975db5-0d52-4b7a-8baf-2f67fa65e7be_s1', 'jira');
INSERT INTO delivery_positions (task_id, increment_id, start_col, end_col, row, row_span) VALUES ('87745d3e-b97d-489b-bbb5-785f7253f29a', '4f975db5-0d52-4b7a-8baf-2f67fa65e7be_s1', 0, 1, 3, 1);
INSERT INTO delivery_tasks (id, title, type, status, increment_id, source) VALUES ('729bd358-b75d-4b2a-a370-abc4ade50686', '[TVSMART-1929] (imported)', 'feature', 'todo', '4f975db5-0d52-4b7a-8baf-2f67fa65e7be_s1', 'jira');
INSERT INTO delivery_positions (task_id, increment_id, start_col, end_col, row, row_span) VALUES ('729bd358-b75d-4b2a-a370-abc4ade50686', '4f975db5-0d52-4b7a-8baf-2f67fa65e7be_s1', 0, 1, 4, 1);
INSERT INTO delivery_tasks (id, title, type, status, increment_id, source) VALUES ('72adbd84-2261-4c0e-b09a-2d257e45bb4c', '[TVSMART-2074] (imported)', 'feature', 'todo', '4f975db5-0d52-4b7a-8baf-2f67fa65e7be_s1', 'jira');
INSERT INTO delivery_positions (task_id, increment_id, start_col, end_col, row, row_span) VALUES ('72adbd84-2261-4c0e-b09a-2d257e45bb4c', '4f975db5-0d52-4b7a-8baf-2f67fa65e7be_s1', 0, 1, 4, 1);
INSERT INTO delivery_tasks (id, title, type, status, increment_id, source) VALUES ('d2d9cbc3-e90f-439b-bf07-ec08da430691', '[TVSMART-2288] (imported)', 'feature', 'todo', '4f975db5-0d52-4b7a-8baf-2f67fa65e7be_s1', 'jira');
INSERT INTO delivery_positions (task_id, increment_id, start_col, end_col, row, row_span) VALUES ('d2d9cbc3-e90f-439b-bf07-ec08da430691', '4f975db5-0d52-4b7a-8baf-2f67fa65e7be_s1', 5, 6, 4, 1);
INSERT INTO delivery_tasks (id, title, type, status, increment_id, source) VALUES ('1c5be186-dc20-49e4-a02b-7a73b60e6677', '[TVSMART-2270] (imported)', 'feature', 'todo', '4f975db5-0d52-4b7a-8baf-2f67fa65e7be_s1', 'jira');
INSERT INTO delivery_positions (task_id, increment_id, start_col, end_col, row, row_span) VALUES ('1c5be186-dc20-49e4-a02b-7a73b60e6677', '4f975db5-0d52-4b7a-8baf-2f67fa65e7be_s1', 4, 6, 4, 1);
INSERT INTO delivery_tasks (id, title, type, status, increment_id, source) VALUES ('1b55155b-4984-4fd4-a7c1-0423b149e7a5', '[TVSMART-2277] (imported)', 'feature', 'todo', '4f975db5-0d52-4b7a-8baf-2f67fa65e7be_s1', 'jira');
INSERT INTO delivery_positions (task_id, increment_id, start_col, end_col, row, row_span) VALUES ('1b55155b-4984-4fd4-a7c1-0423b149e7a5', '4f975db5-0d52-4b7a-8baf-2f67fa65e7be_s1', 4, 5, 4, 1);
INSERT INTO delivery_tasks (id, title, type, status, increment_id, source) VALUES ('3547dad9-c8b9-4afa-bab4-bc0c67e0b357', '[TVSMART-2245] (imported)', 'feature', 'todo', '4f975db5-0d52-4b7a-8baf-2f67fa65e7be_s1', 'jira');
INSERT INTO delivery_positions (task_id, increment_id, start_col, end_col, row, row_span) VALUES ('3547dad9-c8b9-4afa-bab4-bc0c67e0b357', '4f975db5-0d52-4b7a-8baf-2f67fa65e7be_s1', 1, 2, 4, 1);
INSERT INTO delivery_tasks (id, title, type, status, increment_id, source) VALUES ('a5b4001f-746a-442d-b731-1c02045fa09d', '[TVSMART-2283] (imported)', 'feature', 'todo', '4f975db5-0d52-4b7a-8baf-2f67fa65e7be_s1', 'jira');
INSERT INTO delivery_positions (task_id, increment_id, start_col, end_col, row, row_span) VALUES ('a5b4001f-746a-442d-b731-1c02045fa09d', '4f975db5-0d52-4b7a-8baf-2f67fa65e7be_s1', 4, 5, 5, 1);
INSERT INTO delivery_tasks (id, title, type, status, increment_id, source) VALUES ('deb7cb0c-bd69-498d-91cd-9babf5c90abe', '[TVSMART-2272] (imported)', 'feature', 'todo', '4f975db5-0d52-4b7a-8baf-2f67fa65e7be_s1', 'jira');
INSERT INTO delivery_positions (task_id, increment_id, start_col, end_col, row, row_span) VALUES ('deb7cb0c-bd69-498d-91cd-9babf5c90abe', '4f975db5-0d52-4b7a-8baf-2f67fa65e7be_s1', 4, 6, 5, 1);
INSERT INTO delivery_tasks (id, title, type, status, increment_id, source) VALUES ('2683e823-6321-4aa2-9d1e-dd9532975dc7', '[TVSMART-2217] (imported)', 'feature', 'todo', '4f975db5-0d52-4b7a-8baf-2f67fa65e7be_s1', 'jira');
INSERT INTO delivery_positions (task_id, increment_id, start_col, end_col, row, row_span) VALUES ('2683e823-6321-4aa2-9d1e-dd9532975dc7', '4f975db5-0d52-4b7a-8baf-2f67fa65e7be_s1', 0, 1, 5, 1);
INSERT INTO delivery_tasks (id, title, type, status, increment_id, source) VALUES ('b2832fb8-9b12-4981-bd22-db93cbfb6700', '[TVSMART-2213] (imported)', 'feature', 'todo', '4f975db5-0d52-4b7a-8baf-2f67fa65e7be_s1', 'jira');
INSERT INTO delivery_positions (task_id, increment_id, start_col, end_col, row, row_span) VALUES ('b2832fb8-9b12-4981-bd22-db93cbfb6700', '4f975db5-0d52-4b7a-8baf-2f67fa65e7be_s1', 0, 1, 5, 1);
INSERT INTO delivery_tasks (id, title, type, status, increment_id, source) VALUES ('2f2aca24-8032-47a2-939b-b74f8a398fe6', '[TVSMART-2287] (imported)', 'feature', 'todo', '4f975db5-0d52-4b7a-8baf-2f67fa65e7be_s1', 'jira');
INSERT INTO delivery_positions (task_id, increment_id, start_col, end_col, row, row_span) VALUES ('2f2aca24-8032-47a2-939b-b74f8a398fe6', '4f975db5-0d52-4b7a-8baf-2f67fa65e7be_s1', 5, 6, 5, 1);
INSERT INTO delivery_tasks (id, title, type, status, increment_id, source) VALUES ('04e62ca9-6f6b-4503-bed2-ced6d5025484', '[TVSMART-1972] (imported)', 'feature', 'todo', '4f975db5-0d52-4b7a-8baf-2f67fa65e7be_s1', 'jira');
INSERT INTO delivery_positions (task_id, increment_id, start_col, end_col, row, row_span) VALUES ('04e62ca9-6f6b-4503-bed2-ced6d5025484', '4f975db5-0d52-4b7a-8baf-2f67fa65e7be_s1', 0, 1, 6, 1);
INSERT INTO delivery_tasks (id, title, type, status, increment_id, source) VALUES ('da2ac7b0-b44e-405d-b4f0-6395e8850e98', '[TVSMART-2084] (imported)', 'feature', 'todo', '4f975db5-0d52-4b7a-8baf-2f67fa65e7be_s1', 'jira');
INSERT INTO delivery_positions (task_id, increment_id, start_col, end_col, row, row_span) VALUES ('da2ac7b0-b44e-405d-b4f0-6395e8850e98', '4f975db5-0d52-4b7a-8baf-2f67fa65e7be_s1', 0, 1, 6, 1);
INSERT INTO delivery_tasks (id, title, type, status, increment_id, source) VALUES ('68c0dd57-222a-430d-93f9-9d327b1c04b9', '[TVSMART-2268] (imported)', 'feature', 'todo', '4f975db5-0d52-4b7a-8baf-2f67fa65e7be_s1', 'jira');
INSERT INTO delivery_positions (task_id, increment_id, start_col, end_col, row, row_span) VALUES ('68c0dd57-222a-430d-93f9-9d327b1c04b9', '4f975db5-0d52-4b7a-8baf-2f67fa65e7be_s1', 4, 6, 6, 1);
INSERT INTO delivery_tasks (id, title, type, status, increment_id, source) VALUES ('c731bc94-a722-43cc-9702-3b88008e2573', '[TVSMART-2226] (imported)', 'feature', 'todo', '4f975db5-0d52-4b7a-8baf-2f67fa65e7be_s1', 'jira');
INSERT INTO delivery_positions (task_id, increment_id, start_col, end_col, row, row_span) VALUES ('c731bc94-a722-43cc-9702-3b88008e2573', '4f975db5-0d52-4b7a-8baf-2f67fa65e7be_s1', 0, 1, 6, 1);