INSERT INTO delivery_boards (id, user_id, name, board_type, start_date, end_date, duration_weeks) VALUES ('782d876a-d06c-488d-8c0c-52c9f0a56f02', 1, 'PLAYERW - PI1', 'agile', '2026-01-19', '2026-03-01', 6);
INSERT INTO delivery_tasks (id, title, type, status, increment_id, source) VALUES ('b94b6ea3-5a53-4604-a0b9-5d545c1704db', '[PLAYERW-10368]', 'feature', 'todo', '782d876a-d06c-488d-8c0c-52c9f0a56f02_s1', 'jira');
INSERT INTO delivery_positions (task_id, increment_id, start_col, end_col, row, row_span) VALUES ('b94b6ea3-5a53-4604-a0b9-5d545c1704db', '782d876a-d06c-488d-8c0c-52c9f0a56f02_s1', 0, 2, 0, 1);
INSERT INTO delivery_tasks (id, title, type, status, increment_id, source) VALUES ('2083bd36-a840-4d11-8815-2c78e46d7cd2', '[PLAYERW-9524]', 'feature', 'todo', '782d876a-d06c-488d-8c0c-52c9f0a56f02_s1', 'jira');
INSERT INTO delivery_positions (task_id, increment_id, start_col, end_col, row, row_span) VALUES ('2083bd36-a840-4d11-8815-2c78e46d7cd2', '782d876a-d06c-488d-8c0c-52c9f0a56f02_s1', 5, 6, 0, 1);
INSERT INTO delivery_tasks (id, title, type, status, increment_id, source) VALUES ('b58eb8f9-5774-44b7-a6c3-5fcabd1416df', '[PLAYERW-8746]', 'feature', 'todo', '782d876a-d06c-488d-8c0c-52c9f0a56f02_s1', 'jira');
INSERT INTO delivery_positions (task_id, increment_id, start_col, end_col, row, row_span) VALUES ('b58eb8f9-5774-44b7-a6c3-5fcabd1416df', '782d876a-d06c-488d-8c0c-52c9f0a56f02_s1', 5, 6, 1, 1);
INSERT INTO delivery_tasks (id, title, type, status, increment_id, source) VALUES ('1ac87032-ff7f-4d0e-81fb-6d427f048621', '[PLAYERW-10082]', 'feature', 'todo', '782d876a-d06c-488d-8c0c-52c9f0a56f02_s1', 'jira');
INSERT INTO delivery_positions (task_id, increment_id, start_col, end_col, row, row_span) VALUES ('1ac87032-ff7f-4d0e-81fb-6d427f048621', '782d876a-d06c-488d-8c0c-52c9f0a56f02_s1', 5, 6, 2, 1);
INSERT INTO delivery_tasks (id, title, type, status, increment_id, source) VALUES ('6c4d0e10-4366-4276-9a04-dde8f54e6508', '[PLAYERW-10138]', 'feature', 'todo', '782d876a-d06c-488d-8c0c-52c9f0a56f02_s1', 'jira');
INSERT INTO delivery_positions (task_id, increment_id, start_col, end_col, row, row_span) VALUES ('6c4d0e10-4366-4276-9a04-dde8f54e6508', '782d876a-d06c-488d-8c0c-52c9f0a56f02_s1', 5, 6, 3, 1);
INSERT INTO delivery_tasks (id, title, type, status, increment_id, source) VALUES ('96db70c1-b470-4b4a-ba37-14cc41b0d77c', '[PLAYERW-10900]', 'feature', 'todo', '782d876a-d06c-488d-8c0c-52c9f0a56f02_s1', 'jira');
INSERT INTO delivery_positions (task_id, increment_id, start_col, end_col, row, row_span) VALUES ('96db70c1-b470-4b4a-ba37-14cc41b0d77c', '782d876a-d06c-488d-8c0c-52c9f0a56f02_s1', 0, 2, 3, 1);
INSERT INTO delivery_boards (id, user_id, name, board_type, start_date, end_date, duration_weeks) VALUES ('886babee-b65c-4893-a22c-dfb425bbda35', 1, 'ROADMAP_SFR - PI1', 'agile', '2026-01-19', '2026-03-01', 6);
INSERT INTO delivery_tasks (id, title, type, status, increment_id, source) VALUES ('7e4dde32-918d-4864-8893-b5aaebeb1170', '[TVSFR-429]', 'feature', 'todo', '886babee-b65c-4893-a22c-dfb425bbda35_s1', 'jira');
INSERT INTO delivery_positions (task_id, increment_id, start_col, end_col, row, row_span) VALUES ('7e4dde32-918d-4864-8893-b5aaebeb1170', '886babee-b65c-4893-a22c-dfb425bbda35_s1', 5, 6, 0, 1);
INSERT INTO delivery_tasks (id, title, type, status, increment_id, source) VALUES ('bc69f691-ec2e-4a69-bc2d-d2291dfb454b', '[TVSFR-532]', 'feature', 'todo', '886babee-b65c-4893-a22c-dfb425bbda35_s1', 'jira');
INSERT INTO delivery_positions (task_id, increment_id, start_col, end_col, row, row_span) VALUES ('bc69f691-ec2e-4a69-bc2d-d2291dfb454b', '886babee-b65c-4893-a22c-dfb425bbda35_s1', 4, 6, 0, 1);
INSERT INTO delivery_tasks (id, title, type, status, increment_id, source) VALUES ('e32d6036-50e8-4eb9-a924-412c329b018f', '[TVAPI-3553]', 'feature', 'todo', '886babee-b65c-4893-a22c-dfb425bbda35_s1', 'jira');
INSERT INTO delivery_positions (task_id, increment_id, start_col, end_col, row, row_span) VALUES ('e32d6036-50e8-4eb9-a924-412c329b018f', '886babee-b65c-4893-a22c-dfb425bbda35_s1', 2, 4, 0, 1);
INSERT INTO delivery_tasks (id, title, type, status, increment_id, source) VALUES ('e58e2715-92be-4d0e-be49-399d34b71f39', '[TVSFR-533]', 'feature', 'todo', '886babee-b65c-4893-a22c-dfb425bbda35_s1', 'jira');
INSERT INTO delivery_positions (task_id, increment_id, start_col, end_col, row, row_span) VALUES ('e58e2715-92be-4d0e-be49-399d34b71f39', '886babee-b65c-4893-a22c-dfb425bbda35_s1', 2, 4, 0, 1);
INSERT INTO delivery_tasks (id, title, type, status, increment_id, source) VALUES ('d36ee4ba-8eb9-4aef-8ffd-6f3aa726a562', '[TVSFR-515]', 'feature', 'todo', '886babee-b65c-4893-a22c-dfb425bbda35_s1', 'jira');
INSERT INTO delivery_positions (task_id, increment_id, start_col, end_col, row, row_span) VALUES ('d36ee4ba-8eb9-4aef-8ffd-6f3aa726a562', '886babee-b65c-4893-a22c-dfb425bbda35_s1', 5, 6, 0, 1);
INSERT INTO delivery_tasks (id, title, type, status, increment_id, source) VALUES ('c5368a49-2f6d-4990-896f-c93acd9da391', '[TVSFR-438]', 'feature', 'todo', '886babee-b65c-4893-a22c-dfb425bbda35_s1', 'jira');
INSERT INTO delivery_positions (task_id, increment_id, start_col, end_col, row, row_span) VALUES ('c5368a49-2f6d-4990-896f-c93acd9da391', '886babee-b65c-4893-a22c-dfb425bbda35_s1', 1, 2, 0, 1);
INSERT INTO delivery_tasks (id, title, type, status, increment_id, source) VALUES ('0e191786-0c68-4792-8665-ce9769d95995', '[TVSFR-519]', 'feature', 'todo', '886babee-b65c-4893-a22c-dfb425bbda35_s1', 'jira');
INSERT INTO delivery_positions (task_id, increment_id, start_col, end_col, row, row_span) VALUES ('0e191786-0c68-4792-8665-ce9769d95995', '886babee-b65c-4893-a22c-dfb425bbda35_s1', 3, 5, 0, 1);
INSERT INTO delivery_tasks (id, title, type, status, increment_id, source) VALUES ('37048e42-97eb-42c7-8e9e-9fec77072977', '[TVAPPS-20339]', 'feature', 'todo', '886babee-b65c-4893-a22c-dfb425bbda35_s1', 'jira');
INSERT INTO delivery_positions (task_id, increment_id, start_col, end_col, row, row_span) VALUES ('37048e42-97eb-42c7-8e9e-9fec77072977', '886babee-b65c-4893-a22c-dfb425bbda35_s1', 0, 2, 0, 1);
INSERT INTO delivery_tasks (id, title, type, status, increment_id, source) VALUES ('fe4ed704-bdda-4f20-8808-55328a7348fd', '[TVSFR-534]', 'feature', 'todo', '886babee-b65c-4893-a22c-dfb425bbda35_s1', 'jira');
INSERT INTO delivery_positions (task_id, increment_id, start_col, end_col, row, row_span) VALUES ('fe4ed704-bdda-4f20-8808-55328a7348fd', '886babee-b65c-4893-a22c-dfb425bbda35_s1', 4, 6, 0, 1);
INSERT INTO delivery_tasks (id, title, type, status, increment_id, source) VALUES ('ba4c94dd-ed6d-40da-87e0-7c2ae27319fd', '[PLAYERW-9524]', 'feature', 'todo', '886babee-b65c-4893-a22c-dfb425bbda35_s1', 'jira');
INSERT INTO delivery_positions (task_id, increment_id, start_col, end_col, row, row_span) VALUES ('ba4c94dd-ed6d-40da-87e0-7c2ae27319fd', '886babee-b65c-4893-a22c-dfb425bbda35_s1', 5, 6, 0, 1);
INSERT INTO delivery_tasks (id, title, type, status, increment_id, source) VALUES ('887f7bd3-833f-4c50-be74-882841b28b10', '[TVSFR-536]', 'feature', 'todo', '886babee-b65c-4893-a22c-dfb425bbda35_s1', 'jira');
INSERT INTO delivery_positions (task_id, increment_id, start_col, end_col, row, row_span) VALUES ('887f7bd3-833f-4c50-be74-882841b28b10', '886babee-b65c-4893-a22c-dfb425bbda35_s1', 4, 6, 0, 1);
INSERT INTO delivery_tasks (id, title, type, status, increment_id, source) VALUES ('dfee90ff-df29-4b6d-b9e2-dd58a0fd22ca', '[PLAYERW-10368]', 'feature', 'todo', '886babee-b65c-4893-a22c-dfb425bbda35_s1', 'jira');
INSERT INTO delivery_positions (task_id, increment_id, start_col, end_col, row, row_span) VALUES ('dfee90ff-df29-4b6d-b9e2-dd58a0fd22ca', '886babee-b65c-4893-a22c-dfb425bbda35_s1', 0, 2, 0, 1);
INSERT INTO delivery_tasks (id, title, type, status, increment_id, source) VALUES ('5e889f59-c706-466e-95ff-783ecff247c0', '[TVSFR-400]', 'feature', 'todo', '886babee-b65c-4893-a22c-dfb425bbda35_s1', 'jira');
INSERT INTO delivery_positions (task_id, increment_id, start_col, end_col, row, row_span) VALUES ('5e889f59-c706-466e-95ff-783ecff247c0', '886babee-b65c-4893-a22c-dfb425bbda35_s1', 4, 6, 1, 1);
INSERT INTO delivery_tasks (id, title, type, status, increment_id, source) VALUES ('d1849cef-3bc2-4118-b760-52a93a9adca5', '[TVSFR-373]', 'feature', 'todo', '886babee-b65c-4893-a22c-dfb425bbda35_s1', 'jira');
INSERT INTO delivery_positions (task_id, increment_id, start_col, end_col, row, row_span) VALUES ('d1849cef-3bc2-4118-b760-52a93a9adca5', '886babee-b65c-4893-a22c-dfb425bbda35_s1', 0, 1, 1, 1);
INSERT INTO delivery_tasks (id, title, type, status, increment_id, source) VALUES ('17a390fe-fad5-4ea4-aa80-0a431031582a', '[PLAYERW-8746]', 'feature', 'todo', '886babee-b65c-4893-a22c-dfb425bbda35_s1', 'jira');
INSERT INTO delivery_positions (task_id, increment_id, start_col, end_col, row, row_span) VALUES ('17a390fe-fad5-4ea4-aa80-0a431031582a', '886babee-b65c-4893-a22c-dfb425bbda35_s1', 5, 6, 1, 1);
INSERT INTO delivery_tasks (id, title, type, status, increment_id, source) VALUES ('f67d5e32-7b43-4aa0-a3e7-45f137cbe295', '[TVSFR-517]', 'feature', 'todo', '886babee-b65c-4893-a22c-dfb425bbda35_s1', 'jira');
INSERT INTO delivery_positions (task_id, increment_id, start_col, end_col, row, row_span) VALUES ('f67d5e32-7b43-4aa0-a3e7-45f137cbe295', '886babee-b65c-4893-a22c-dfb425bbda35_s1', 2, 3, 2, 1);
INSERT INTO delivery_tasks (id, title, type, status, increment_id, source) VALUES ('98c43a59-ff7f-4456-8e56-b5851e514483', '[TVSFR-518]', 'feature', 'todo', '886babee-b65c-4893-a22c-dfb425bbda35_s1', 'jira');
INSERT INTO delivery_positions (task_id, increment_id, start_col, end_col, row, row_span) VALUES ('98c43a59-ff7f-4456-8e56-b5851e514483', '886babee-b65c-4893-a22c-dfb425bbda35_s1', 4, 5, 2, 1);
INSERT INTO delivery_tasks (id, title, type, status, increment_id, source) VALUES ('e44b157a-3195-49d5-b3cd-cce3070982ad', '[TVSFR-436]', 'feature', 'todo', '886babee-b65c-4893-a22c-dfb425bbda35_s1', 'jira');
INSERT INTO delivery_positions (task_id, increment_id, start_col, end_col, row, row_span) VALUES ('e44b157a-3195-49d5-b3cd-cce3070982ad', '886babee-b65c-4893-a22c-dfb425bbda35_s1', 0, 1, 2, 1);
INSERT INTO delivery_tasks (id, title, type, status, increment_id, source) VALUES ('5ff3b951-9a26-45e9-9ec7-587d7763289c', '[PLAYERW-10082]', 'feature', 'todo', '886babee-b65c-4893-a22c-dfb425bbda35_s1', 'jira');
INSERT INTO delivery_positions (task_id, increment_id, start_col, end_col, row, row_span) VALUES ('5ff3b951-9a26-45e9-9ec7-587d7763289c', '886babee-b65c-4893-a22c-dfb425bbda35_s1', 5, 6, 2, 1);
INSERT INTO delivery_tasks (id, title, type, status, increment_id, source) VALUES ('88abb3cc-149a-4c06-8910-527a7c93cdad', '[PLAYERW-10900]', 'feature', 'todo', '886babee-b65c-4893-a22c-dfb425bbda35_s1', 'jira');
INSERT INTO delivery_positions (task_id, increment_id, start_col, end_col, row, row_span) VALUES ('88abb3cc-149a-4c06-8910-527a7c93cdad', '886babee-b65c-4893-a22c-dfb425bbda35_s1', 0, 2, 3, 1);
INSERT INTO delivery_tasks (id, title, type, status, increment_id, source) VALUES ('92ec299b-bbda-4c11-bde6-afaafd1beda4', '[PLAYERW-10138]', 'feature', 'todo', '886babee-b65c-4893-a22c-dfb425bbda35_s1', 'jira');
INSERT INTO delivery_positions (task_id, increment_id, start_col, end_col, row, row_span) VALUES ('92ec299b-bbda-4c11-bde6-afaafd1beda4', '886babee-b65c-4893-a22c-dfb425bbda35_s1', 5, 6, 3, 1);
INSERT INTO delivery_boards (id, user_id, name, board_type, start_date, end_date, duration_weeks) VALUES ('5013c951-56f4-453c-90c8-cb01d5fa56ba', 1, 'ROADMAP_SFR - PI2', 'agile', '2026-03-02', '2026-04-12', 6);
INSERT INTO delivery_tasks (id, title, type, status, increment_id, source) VALUES ('ef1f4844-5e9d-4992-ac03-3d724a522a15', '[TVSFR-536]', 'feature', 'todo', '5013c951-56f4-453c-90c8-cb01d5fa56ba_s1', 'jira');
INSERT INTO delivery_positions (task_id, increment_id, start_col, end_col, row, row_span) VALUES ('ef1f4844-5e9d-4992-ac03-3d724a522a15', '5013c951-56f4-453c-90c8-cb01d5fa56ba_s1', 4, 6, 0, 1);
INSERT INTO delivery_tasks (id, title, type, status, increment_id, source) VALUES ('242f671f-fa2b-429b-91ed-2063c9f1877c', '[TVSFR-517]', 'feature', 'todo', '5013c951-56f4-453c-90c8-cb01d5fa56ba_s1', 'jira');
INSERT INTO delivery_positions (task_id, increment_id, start_col, end_col, row, row_span) VALUES ('242f671f-fa2b-429b-91ed-2063c9f1877c', '5013c951-56f4-453c-90c8-cb01d5fa56ba_s1', 2, 4, 0, 1);
INSERT INTO delivery_tasks (id, title, type, status, increment_id, source) VALUES ('92694c71-b871-447e-ae01-a3b859b2f8fa', '[TVSFR-519]', 'feature', 'todo', '5013c951-56f4-453c-90c8-cb01d5fa56ba_s1', 'jira');
INSERT INTO delivery_positions (task_id, increment_id, start_col, end_col, row, row_span) VALUES ('92694c71-b871-447e-ae01-a3b859b2f8fa', '5013c951-56f4-453c-90c8-cb01d5fa56ba_s1', 0, 2, 0, 1);
INSERT INTO delivery_tasks (id, title, type, status, increment_id, source) VALUES ('827cf64d-aef1-4297-a6bb-0621531535c3', '[TVSFR-429]', 'feature', 'todo', '5013c951-56f4-453c-90c8-cb01d5fa56ba_s1', 'jira');
INSERT INTO delivery_positions (task_id, increment_id, start_col, end_col, row, row_span) VALUES ('827cf64d-aef1-4297-a6bb-0621531535c3', '5013c951-56f4-453c-90c8-cb01d5fa56ba_s1', 2, 4, 0, 1);
INSERT INTO delivery_tasks (id, title, type, status, increment_id, source) VALUES ('e332410e-1080-44a6-a736-ba5d0297966d', '[TVSFR-534]', 'feature', 'todo', '5013c951-56f4-453c-90c8-cb01d5fa56ba_s1', 'jira');
INSERT INTO delivery_positions (task_id, increment_id, start_col, end_col, row, row_span) VALUES ('e332410e-1080-44a6-a736-ba5d0297966d', '5013c951-56f4-453c-90c8-cb01d5fa56ba_s1', 5, 6, 1, 1);
INSERT INTO delivery_tasks (id, title, type, status, increment_id, source) VALUES ('5c5dacf7-7f46-450f-b587-56a5a0a44ab1', '[TVSFR-533]', 'feature', 'todo', '5013c951-56f4-453c-90c8-cb01d5fa56ba_s1', 'jira');
INSERT INTO delivery_positions (task_id, increment_id, start_col, end_col, row, row_span) VALUES ('5c5dacf7-7f46-450f-b587-56a5a0a44ab1', '5013c951-56f4-453c-90c8-cb01d5fa56ba_s1', 2, 4, 1, 1);
INSERT INTO delivery_tasks (id, title, type, status, increment_id, source) VALUES ('aa502cc3-a492-401c-806d-69a8013fb07b', '[TVSFR-532]', 'feature', 'todo', '5013c951-56f4-453c-90c8-cb01d5fa56ba_s1', 'jira');
INSERT INTO delivery_positions (task_id, increment_id, start_col, end_col, row, row_span) VALUES ('aa502cc3-a492-401c-806d-69a8013fb07b', '5013c951-56f4-453c-90c8-cb01d5fa56ba_s1', 5, 6, 2, 1);
INSERT INTO delivery_boards (id, user_id, name, board_type, start_date, end_date, duration_weeks) VALUES ('6c9dfc8a-93ab-4768-acc8-446ebaecd864', 1, 'TVAPI - PI1', 'agile', '2026-01-19', '2026-03-01', 6);
INSERT INTO delivery_tasks (id, title, type, status, increment_id, source) VALUES ('8a58271f-d0df-4bec-a7bc-3ffc57838c5c', '[TVAPI-3553]', 'feature', 'todo', '6c9dfc8a-93ab-4768-acc8-446ebaecd864_s1', 'jira');
INSERT INTO delivery_positions (task_id, increment_id, start_col, end_col, row, row_span) VALUES ('8a58271f-d0df-4bec-a7bc-3ffc57838c5c', '6c9dfc8a-93ab-4768-acc8-446ebaecd864_s1', 2, 4, 0, 1);
INSERT INTO delivery_boards (id, user_id, name, board_type, start_date, end_date, duration_weeks) VALUES ('21914691-fca5-43ba-9edf-3876a7f83a78', 1, 'TVAPPS - PI1', 'agile', '2026-01-19', '2026-03-01', 6);
INSERT INTO delivery_tasks (id, title, type, status, increment_id, source) VALUES ('1ec42808-5b89-4bf6-823c-0372fa9fd2fb', '[TVAPPS-20339]', 'feature', 'todo', '21914691-fca5-43ba-9edf-3876a7f83a78_s1', 'jira');
INSERT INTO delivery_positions (task_id, increment_id, start_col, end_col, row, row_span) VALUES ('1ec42808-5b89-4bf6-823c-0372fa9fd2fb', '21914691-fca5-43ba-9edf-3876a7f83a78_s1', 0, 2, 0, 1);
INSERT INTO delivery_boards (id, user_id, name, board_type, start_date, end_date, duration_weeks) VALUES ('b4c1fcc2-ae22-4180-8672-92550e4f18f0', 1, 'TVFIRE - PI1', 'agile', '2026-01-19', '2026-03-01', 6);
INSERT INTO delivery_tasks (id, title, type, status, increment_id, source) VALUES ('76b495db-00df-4fa1-98ff-0ba59f59abb9', '[TVFIRE-1226]', 'feature', 'todo', 'b4c1fcc2-ae22-4180-8672-92550e4f18f0_s1', 'jira');
INSERT INTO delivery_positions (task_id, increment_id, start_col, end_col, row, row_span) VALUES ('76b495db-00df-4fa1-98ff-0ba59f59abb9', 'b4c1fcc2-ae22-4180-8672-92550e4f18f0_s1', 5, 6, 0, 1);
INSERT INTO delivery_tasks (id, title, type, status, increment_id, source) VALUES ('534c8f84-882a-4bda-9e09-4573198bbc4b', '[TVFIRE-1174]', 'feature', 'todo', 'b4c1fcc2-ae22-4180-8672-92550e4f18f0_s1', 'jira');
INSERT INTO delivery_positions (task_id, increment_id, start_col, end_col, row, row_span) VALUES ('534c8f84-882a-4bda-9e09-4573198bbc4b', 'b4c1fcc2-ae22-4180-8672-92550e4f18f0_s1', 4, 6, 0, 1);
INSERT INTO delivery_tasks (id, title, type, status, increment_id, source) VALUES ('e3fcfc1e-1b61-45c4-9f2a-8c759269d28d', '[TVFIRE-1173]', 'feature', 'todo', 'b4c1fcc2-ae22-4180-8672-92550e4f18f0_s1', 'jira');
INSERT INTO delivery_positions (task_id, increment_id, start_col, end_col, row, row_span) VALUES ('e3fcfc1e-1b61-45c4-9f2a-8c759269d28d', 'b4c1fcc2-ae22-4180-8672-92550e4f18f0_s1', 2, 5, 0, 1);
INSERT INTO delivery_tasks (id, title, type, status, increment_id, source) VALUES ('14cf7e67-483e-40b0-8a29-76f0f3a0710e', '[TVFIRE-1030]', 'feature', 'todo', 'b4c1fcc2-ae22-4180-8672-92550e4f18f0_s1', 'jira');
INSERT INTO delivery_positions (task_id, increment_id, start_col, end_col, row, row_span) VALUES ('14cf7e67-483e-40b0-8a29-76f0f3a0710e', 'b4c1fcc2-ae22-4180-8672-92550e4f18f0_s1', 0, 2, 0, 1);
INSERT INTO delivery_tasks (id, title, type, status, increment_id, source) VALUES ('c438628b-c46e-4365-992d-b3880b9d9ab5', '[TVFIRE-926]', 'feature', 'todo', 'b4c1fcc2-ae22-4180-8672-92550e4f18f0_s1', 'jira');
INSERT INTO delivery_positions (task_id, increment_id, start_col, end_col, row, row_span) VALUES ('c438628b-c46e-4365-992d-b3880b9d9ab5', 'b4c1fcc2-ae22-4180-8672-92550e4f18f0_s1', 0, 1, 0, 1);
INSERT INTO delivery_tasks (id, title, type, status, increment_id, source) VALUES ('7f1a6d34-d68e-42a4-b8dd-80461af8cfbc', '[TVFIRE-1118]', 'feature', 'todo', 'b4c1fcc2-ae22-4180-8672-92550e4f18f0_s1', 'jira');
INSERT INTO delivery_positions (task_id, increment_id, start_col, end_col, row, row_span) VALUES ('7f1a6d34-d68e-42a4-b8dd-80461af8cfbc', 'b4c1fcc2-ae22-4180-8672-92550e4f18f0_s1', 0, 1, 0, 1);
INSERT INTO delivery_tasks (id, title, type, status, increment_id, source) VALUES ('572017de-a1e9-4152-a998-cf353a6ba162', '[TVFIRE-1171]', 'feature', 'todo', 'b4c1fcc2-ae22-4180-8672-92550e4f18f0_s1', 'jira');
INSERT INTO delivery_positions (task_id, increment_id, start_col, end_col, row, row_span) VALUES ('572017de-a1e9-4152-a998-cf353a6ba162', 'b4c1fcc2-ae22-4180-8672-92550e4f18f0_s1', 4, 6, 0, 1);
INSERT INTO delivery_tasks (id, title, type, status, increment_id, source) VALUES ('6db91e6e-3788-4039-9bf5-3ae424272417', '[TVFIRE-839]', 'feature', 'todo', 'b4c1fcc2-ae22-4180-8672-92550e4f18f0_s1', 'jira');
INSERT INTO delivery_positions (task_id, increment_id, start_col, end_col, row, row_span) VALUES ('6db91e6e-3788-4039-9bf5-3ae424272417', 'b4c1fcc2-ae22-4180-8672-92550e4f18f0_s1', 2, 4, 0, 1);
INSERT INTO delivery_tasks (id, title, type, status, increment_id, source) VALUES ('f02f4472-5324-44d7-8d51-ce9582c90c29', '[TVFIRE-928]', 'feature', 'todo', 'b4c1fcc2-ae22-4180-8672-92550e4f18f0_s1', 'jira');
INSERT INTO delivery_positions (task_id, increment_id, start_col, end_col, row, row_span) VALUES ('f02f4472-5324-44d7-8d51-ce9582c90c29', 'b4c1fcc2-ae22-4180-8672-92550e4f18f0_s1', 4, 6, 0, 1);
INSERT INTO delivery_tasks (id, title, type, status, increment_id, source) VALUES ('754a1ae5-03d3-42ea-81b7-0c2105d5d207', '[TVFIRE-1130]', 'feature', 'todo', 'b4c1fcc2-ae22-4180-8672-92550e4f18f0_s1', 'jira');
INSERT INTO delivery_positions (task_id, increment_id, start_col, end_col, row, row_span) VALUES ('754a1ae5-03d3-42ea-81b7-0c2105d5d207', 'b4c1fcc2-ae22-4180-8672-92550e4f18f0_s1', 0, 1, 0, 1);
INSERT INTO delivery_tasks (id, title, type, status, increment_id, source) VALUES ('6c5db55d-e485-4b95-8e34-0abc327c1238', '[TVFIRE-1064]', 'feature', 'todo', 'b4c1fcc2-ae22-4180-8672-92550e4f18f0_s1', 'jira');
INSERT INTO delivery_positions (task_id, increment_id, start_col, end_col, row, row_span) VALUES ('6c5db55d-e485-4b95-8e34-0abc327c1238', 'b4c1fcc2-ae22-4180-8672-92550e4f18f0_s1', 0, 1, 0, 1);
INSERT INTO delivery_tasks (id, title, type, status, increment_id, source) VALUES ('fd527b24-1ed3-4569-8122-c5c270a42b0b', '[TVFIRE-920]', 'feature', 'todo', 'b4c1fcc2-ae22-4180-8672-92550e4f18f0_s1', 'jira');
INSERT INTO delivery_positions (task_id, increment_id, start_col, end_col, row, row_span) VALUES ('fd527b24-1ed3-4569-8122-c5c270a42b0b', 'b4c1fcc2-ae22-4180-8672-92550e4f18f0_s1', 1, 2, 0, 1);
INSERT INTO delivery_tasks (id, title, type, status, increment_id, source) VALUES ('2bf5ca6f-b921-4871-b0b7-ac2c968754b9', '[TVFIRE-1172]', 'feature', 'todo', 'b4c1fcc2-ae22-4180-8672-92550e4f18f0_s1', 'jira');
INSERT INTO delivery_positions (task_id, increment_id, start_col, end_col, row, row_span) VALUES ('2bf5ca6f-b921-4871-b0b7-ac2c968754b9', 'b4c1fcc2-ae22-4180-8672-92550e4f18f0_s1', 4, 6, 1, 1);
INSERT INTO delivery_tasks (id, title, type, status, increment_id, source) VALUES ('b90382c6-b451-4822-9536-4f401abd7f6d', '[TVFIRE-1131]', 'feature', 'todo', 'b4c1fcc2-ae22-4180-8672-92550e4f18f0_s1', 'jira');
INSERT INTO delivery_positions (task_id, increment_id, start_col, end_col, row, row_span) VALUES ('b90382c6-b451-4822-9536-4f401abd7f6d', 'b4c1fcc2-ae22-4180-8672-92550e4f18f0_s1', 0, 1, 1, 1);
INSERT INTO delivery_tasks (id, title, type, status, increment_id, source) VALUES ('0da6c556-3f5d-4002-822b-f607a20e3783', '[TVFIRE-1257]', 'feature', 'todo', 'b4c1fcc2-ae22-4180-8672-92550e4f18f0_s1', 'jira');
INSERT INTO delivery_positions (task_id, increment_id, start_col, end_col, row, row_span) VALUES ('0da6c556-3f5d-4002-822b-f607a20e3783', 'b4c1fcc2-ae22-4180-8672-92550e4f18f0_s1', 2, 4, 1, 1);
INSERT INTO delivery_tasks (id, title, type, status, increment_id, source) VALUES ('fc0ce983-146d-4d98-9521-bed0ad6d1fb5', '[TVFIRE-915]', 'feature', 'todo', 'b4c1fcc2-ae22-4180-8672-92550e4f18f0_s1', 'jira');
INSERT INTO delivery_positions (task_id, increment_id, start_col, end_col, row, row_span) VALUES ('fc0ce983-146d-4d98-9521-bed0ad6d1fb5', 'b4c1fcc2-ae22-4180-8672-92550e4f18f0_s1', 1, 2, 1, 1);
INSERT INTO delivery_tasks (id, title, type, status, increment_id, source) VALUES ('82248342-150f-40d3-a843-78710b11c08e', '[TVFIRE-1112]', 'feature', 'todo', 'b4c1fcc2-ae22-4180-8672-92550e4f18f0_s1', 'jira');
INSERT INTO delivery_positions (task_id, increment_id, start_col, end_col, row, row_span) VALUES ('82248342-150f-40d3-a843-78710b11c08e', 'b4c1fcc2-ae22-4180-8672-92550e4f18f0_s1', 0, 2, 2, 1);
INSERT INTO delivery_tasks (id, title, type, status, increment_id, source) VALUES ('59e7162a-9683-4bc5-b165-75f8abceeb4a', '[TVFIRE-694]', 'feature', 'todo', 'b4c1fcc2-ae22-4180-8672-92550e4f18f0_s1', 'jira');
INSERT INTO delivery_positions (task_id, increment_id, start_col, end_col, row, row_span) VALUES ('59e7162a-9683-4bc5-b165-75f8abceeb4a', 'b4c1fcc2-ae22-4180-8672-92550e4f18f0_s1', 0, 2, 2, 1);
INSERT INTO delivery_tasks (id, title, type, status, increment_id, source) VALUES ('d2c94ae4-82aa-4e7f-8c5a-cc2e08ff8626', '[TVFIRE-1052]', 'feature', 'todo', 'b4c1fcc2-ae22-4180-8672-92550e4f18f0_s1', 'jira');
INSERT INTO delivery_positions (task_id, increment_id, start_col, end_col, row, row_span) VALUES ('d2c94ae4-82aa-4e7f-8c5a-cc2e08ff8626', 'b4c1fcc2-ae22-4180-8672-92550e4f18f0_s1', 1, 2, 2, 1);
INSERT INTO delivery_tasks (id, title, type, status, increment_id, source) VALUES ('b66c3588-ca08-45e5-b062-dad524ca5280', '[TVFIRE-981]', 'feature', 'todo', 'b4c1fcc2-ae22-4180-8672-92550e4f18f0_s1', 'jira');
INSERT INTO delivery_positions (task_id, increment_id, start_col, end_col, row, row_span) VALUES ('b66c3588-ca08-45e5-b062-dad524ca5280', 'b4c1fcc2-ae22-4180-8672-92550e4f18f0_s1', 5, 6, 2, 1);
INSERT INTO delivery_tasks (id, title, type, status, increment_id, source) VALUES ('7c8b0dc8-7349-4c79-a15e-d8b4ee8d278d', '[TVFIRE-1087]', 'feature', 'todo', 'b4c1fcc2-ae22-4180-8672-92550e4f18f0_s1', 'jira');
INSERT INTO delivery_positions (task_id, increment_id, start_col, end_col, row, row_span) VALUES ('7c8b0dc8-7349-4c79-a15e-d8b4ee8d278d', 'b4c1fcc2-ae22-4180-8672-92550e4f18f0_s1', 2, 3, 2, 1);
INSERT INTO delivery_tasks (id, title, type, status, increment_id, source) VALUES ('5baa2611-f9e5-49f9-ba0a-ba64b16e02b9', '[TVFIRE-1175]', 'feature', 'todo', 'b4c1fcc2-ae22-4180-8672-92550e4f18f0_s1', 'jira');
INSERT INTO delivery_positions (task_id, increment_id, start_col, end_col, row, row_span) VALUES ('5baa2611-f9e5-49f9-ba0a-ba64b16e02b9', 'b4c1fcc2-ae22-4180-8672-92550e4f18f0_s1', 5, 6, 3, 1);
INSERT INTO delivery_tasks (id, title, type, status, increment_id, source) VALUES ('f6f01418-3776-4f49-97a6-863f7cb6b6ee', '[TVFIRE-1114]', 'feature', 'todo', 'b4c1fcc2-ae22-4180-8672-92550e4f18f0_s1', 'jira');
INSERT INTO delivery_positions (task_id, increment_id, start_col, end_col, row, row_span) VALUES ('f6f01418-3776-4f49-97a6-863f7cb6b6ee', 'b4c1fcc2-ae22-4180-8672-92550e4f18f0_s1', 0, 2, 3, 1);
INSERT INTO delivery_tasks (id, title, type, status, increment_id, source) VALUES ('48200add-53a3-48ea-bad2-083df6353e3f', '[TVFIRE-1169]', 'feature', 'todo', 'b4c1fcc2-ae22-4180-8672-92550e4f18f0_s1', 'jira');
INSERT INTO delivery_positions (task_id, increment_id, start_col, end_col, row, row_span) VALUES ('48200add-53a3-48ea-bad2-083df6353e3f', 'b4c1fcc2-ae22-4180-8672-92550e4f18f0_s1', 0, 1, 3, 1);
INSERT INTO delivery_boards (id, user_id, name, board_type, start_date, end_date, duration_weeks) VALUES ('629e7064-b110-4f82-8091-0aca4f1e2842', 1, 'TVFIRE - PI2', 'agile', '2026-03-02', '2026-04-12', 6);
INSERT INTO delivery_tasks (id, title, type, status, increment_id, source) VALUES ('fc46c793-e259-40ca-bc5d-2b6d9dac2958', '[TVFIRE-1086]', 'feature', 'todo', '629e7064-b110-4f82-8091-0aca4f1e2842_s1', 'jira');
INSERT INTO delivery_positions (task_id, increment_id, start_col, end_col, row, row_span) VALUES ('fc46c793-e259-40ca-bc5d-2b6d9dac2958', '629e7064-b110-4f82-8091-0aca4f1e2842_s1', 0, 2, 0, 1);
INSERT INTO delivery_tasks (id, title, type, status, increment_id, source) VALUES ('a9f8cf21-ff67-4d56-bd44-c05f690a8297', '[TVFIRE-1263]', 'feature', 'todo', '629e7064-b110-4f82-8091-0aca4f1e2842_s1', 'jira');
INSERT INTO delivery_positions (task_id, increment_id, start_col, end_col, row, row_span) VALUES ('a9f8cf21-ff67-4d56-bd44-c05f690a8297', '629e7064-b110-4f82-8091-0aca4f1e2842_s1', 3, 4, 0, 1);
INSERT INTO delivery_tasks (id, title, type, status, increment_id, source) VALUES ('f3a3112e-330d-4096-bdc1-a2069d26b688', '[TVFIRE-1278]', 'feature', 'todo', '629e7064-b110-4f82-8091-0aca4f1e2842_s1', 'jira');
INSERT INTO delivery_positions (task_id, increment_id, start_col, end_col, row, row_span) VALUES ('f3a3112e-330d-4096-bdc1-a2069d26b688', '629e7064-b110-4f82-8091-0aca4f1e2842_s1', 4, 5, 0, 1);
INSERT INTO delivery_tasks (id, title, type, status, increment_id, source) VALUES ('8399adb8-ddc0-43d1-8bf2-25d54805e043', '[TVFIRE-1174]', 'feature', 'todo', '629e7064-b110-4f82-8091-0aca4f1e2842_s1', 'jira');
INSERT INTO delivery_positions (task_id, increment_id, start_col, end_col, row, row_span) VALUES ('8399adb8-ddc0-43d1-8bf2-25d54805e043', '629e7064-b110-4f82-8091-0aca4f1e2842_s1', 5, 6, 0, 1);
INSERT INTO delivery_tasks (id, title, type, status, increment_id, source) VALUES ('8e049073-f00a-4800-b001-330eff8b1b92', '[TVFIRE-1173]', 'feature', 'todo', '629e7064-b110-4f82-8091-0aca4f1e2842_s1', 'jira');
INSERT INTO delivery_positions (task_id, increment_id, start_col, end_col, row, row_span) VALUES ('8e049073-f00a-4800-b001-330eff8b1b92', '629e7064-b110-4f82-8091-0aca4f1e2842_s1', 2, 3, 0, 1);
INSERT INTO delivery_tasks (id, title, type, status, increment_id, source) VALUES ('1b471640-8074-4540-b2b2-ed5fcd25b7d2', '[TVFIRE-981]', 'feature', 'todo', '629e7064-b110-4f82-8091-0aca4f1e2842_s1', 'jira');
INSERT INTO delivery_positions (task_id, increment_id, start_col, end_col, row, row_span) VALUES ('1b471640-8074-4540-b2b2-ed5fcd25b7d2', '629e7064-b110-4f82-8091-0aca4f1e2842_s1', 2, 3, 0, 1);
INSERT INTO delivery_tasks (id, title, type, status, increment_id, source) VALUES ('da24177f-f72f-4377-9051-e6ffa5647728', '[TVFIRE-1252]', 'feature', 'todo', '629e7064-b110-4f82-8091-0aca4f1e2842_s1', 'jira');
INSERT INTO delivery_positions (task_id, increment_id, start_col, end_col, row, row_span) VALUES ('da24177f-f72f-4377-9051-e6ffa5647728', '629e7064-b110-4f82-8091-0aca4f1e2842_s1', 5, 6, 1, 1);
INSERT INTO delivery_tasks (id, title, type, status, increment_id, source) VALUES ('267e099e-4659-4f15-8282-b4f72d2b5786', '[TVFIRE-1175]', 'feature', 'todo', '629e7064-b110-4f82-8091-0aca4f1e2842_s1', 'jira');
INSERT INTO delivery_positions (task_id, increment_id, start_col, end_col, row, row_span) VALUES ('267e099e-4659-4f15-8282-b4f72d2b5786', '629e7064-b110-4f82-8091-0aca4f1e2842_s1', 3, 4, 1, 1);
INSERT INTO delivery_tasks (id, title, type, status, increment_id, source) VALUES ('d7cd9131-bcf7-40a6-9739-b08d179cd8ad', '[TVFIRE-1172]', 'feature', 'todo', '629e7064-b110-4f82-8091-0aca4f1e2842_s1', 'jira');
INSERT INTO delivery_positions (task_id, increment_id, start_col, end_col, row, row_span) VALUES ('d7cd9131-bcf7-40a6-9739-b08d179cd8ad', '629e7064-b110-4f82-8091-0aca4f1e2842_s1', 0, 2, 1, 1);
INSERT INTO delivery_tasks (id, title, type, status, increment_id, source) VALUES ('462c5666-d68f-4c77-8309-c2c83a96eee2', '[TVFIRE-1279]', 'feature', 'todo', '629e7064-b110-4f82-8091-0aca4f1e2842_s1', 'jira');
INSERT INTO delivery_positions (task_id, increment_id, start_col, end_col, row, row_span) VALUES ('462c5666-d68f-4c77-8309-c2c83a96eee2', '629e7064-b110-4f82-8091-0aca4f1e2842_s1', 4, 5, 1, 1);
INSERT INTO delivery_tasks (id, title, type, status, increment_id, source) VALUES ('a3881278-62dc-4e04-a0b1-4badb1c6e4b9', '[TVFIRE-1226]', 'feature', 'todo', '629e7064-b110-4f82-8091-0aca4f1e2842_s1', 'jira');
INSERT INTO delivery_positions (task_id, increment_id, start_col, end_col, row, row_span) VALUES ('a3881278-62dc-4e04-a0b1-4badb1c6e4b9', '629e7064-b110-4f82-8091-0aca4f1e2842_s1', 2, 3, 1, 1);
INSERT INTO delivery_tasks (id, title, type, status, increment_id, source) VALUES ('e52dbc6c-12eb-4e55-80ec-fd772ca91460', '[TVFIRE-1262]', 'feature', 'todo', '629e7064-b110-4f82-8091-0aca4f1e2842_s1', 'jira');
INSERT INTO delivery_positions (task_id, increment_id, start_col, end_col, row, row_span) VALUES ('e52dbc6c-12eb-4e55-80ec-fd772ca91460', '629e7064-b110-4f82-8091-0aca4f1e2842_s1', 2, 3, 2, 1);
INSERT INTO delivery_tasks (id, title, type, status, increment_id, source) VALUES ('944c9c6a-f0af-4171-b565-a6e938b0b54e', '[TVFIRE-1052]', 'feature', 'todo', '629e7064-b110-4f82-8091-0aca4f1e2842_s1', 'jira');
INSERT INTO delivery_positions (task_id, increment_id, start_col, end_col, row, row_span) VALUES ('944c9c6a-f0af-4171-b565-a6e938b0b54e', '629e7064-b110-4f82-8091-0aca4f1e2842_s1', 4, 5, 2, 1);
INSERT INTO delivery_tasks (id, title, type, status, increment_id, source) VALUES ('7332dff5-a84d-425f-8fb3-88158d605366', '[TVFIRE-1281]', 'feature', 'todo', '629e7064-b110-4f82-8091-0aca4f1e2842_s1', 'jira');
INSERT INTO delivery_positions (task_id, increment_id, start_col, end_col, row, row_span) VALUES ('7332dff5-a84d-425f-8fb3-88158d605366', '629e7064-b110-4f82-8091-0aca4f1e2842_s1', 5, 6, 2, 1);
INSERT INTO delivery_tasks (id, title, type, status, increment_id, source) VALUES ('697d4824-abac-4b74-8abc-262d0d49274e', '[TVFIRE-1218]', 'feature', 'todo', '629e7064-b110-4f82-8091-0aca4f1e2842_s1', 'jira');
INSERT INTO delivery_positions (task_id, increment_id, start_col, end_col, row, row_span) VALUES ('697d4824-abac-4b74-8abc-262d0d49274e', '629e7064-b110-4f82-8091-0aca4f1e2842_s1', 3, 4, 2, 1);
INSERT INTO delivery_tasks (id, title, type, status, increment_id, source) VALUES ('2ec6709f-4a37-4233-b781-93614b422ee2', '[TVFIRE-1257]', 'feature', 'todo', '629e7064-b110-4f82-8091-0aca4f1e2842_s1', 'jira');
INSERT INTO delivery_positions (task_id, increment_id, start_col, end_col, row, row_span) VALUES ('2ec6709f-4a37-4233-b781-93614b422ee2', '629e7064-b110-4f82-8091-0aca4f1e2842_s1', 1, 2, 2, 1);
INSERT INTO delivery_tasks (id, title, type, status, increment_id, source) VALUES ('a7e5b3b8-a993-4ec6-9993-830865b65147', '[TVFIRE-1087]', 'feature', 'todo', '629e7064-b110-4f82-8091-0aca4f1e2842_s1', 'jira');
INSERT INTO delivery_positions (task_id, increment_id, start_col, end_col, row, row_span) VALUES ('a7e5b3b8-a993-4ec6-9993-830865b65147', '629e7064-b110-4f82-8091-0aca4f1e2842_s1', 5, 6, 3, 1);
INSERT INTO delivery_tasks (id, title, type, status, increment_id, source) VALUES ('9c1e8e2d-b477-4d24-838c-9748006d8593', '[TVFIRE-928]', 'feature', 'todo', '629e7064-b110-4f82-8091-0aca4f1e2842_s1', 'jira');
INSERT INTO delivery_positions (task_id, increment_id, start_col, end_col, row, row_span) VALUES ('9c1e8e2d-b477-4d24-838c-9748006d8593', '629e7064-b110-4f82-8091-0aca4f1e2842_s1', 2, 4, 3, 1);
INSERT INTO delivery_tasks (id, title, type, status, increment_id, source) VALUES ('2228a16b-764d-4eee-8d8b-0780c6132441', '[TVFIRE-1274]', 'feature', 'todo', '629e7064-b110-4f82-8091-0aca4f1e2842_s1', 'jira');
INSERT INTO delivery_positions (task_id, increment_id, start_col, end_col, row, row_span) VALUES ('2228a16b-764d-4eee-8d8b-0780c6132441', '629e7064-b110-4f82-8091-0aca4f1e2842_s1', 4, 5, 3, 1);
INSERT INTO delivery_tasks (id, title, type, status, increment_id, source) VALUES ('153160e6-4b88-48a1-9eb2-ac9faa07bf8b', '[TVFIRE-694]', 'feature', 'todo', '629e7064-b110-4f82-8091-0aca4f1e2842_s1', 'jira');
INSERT INTO delivery_positions (task_id, increment_id, start_col, end_col, row, row_span) VALUES ('153160e6-4b88-48a1-9eb2-ac9faa07bf8b', '629e7064-b110-4f82-8091-0aca4f1e2842_s1', 5, 6, 4, 1);
INSERT INTO delivery_tasks (id, title, type, status, increment_id, source) VALUES ('edc963c7-3cd9-4194-8413-9a54c3c63b07', '[TVFIRE-1280]', 'feature', 'todo', '629e7064-b110-4f82-8091-0aca4f1e2842_s1', 'jira');
INSERT INTO delivery_positions (task_id, increment_id, start_col, end_col, row, row_span) VALUES ('edc963c7-3cd9-4194-8413-9a54c3c63b07', '629e7064-b110-4f82-8091-0aca4f1e2842_s1', 4, 5, 4, 1);
INSERT INTO delivery_tasks (id, title, type, status, increment_id, source) VALUES ('a814ee95-1967-4491-976a-ba46555c8bbc', '[TVFIRE-1221]', 'feature', 'todo', '629e7064-b110-4f82-8091-0aca4f1e2842_s1', 'jira');
INSERT INTO delivery_positions (task_id, increment_id, start_col, end_col, row, row_span) VALUES ('a814ee95-1967-4491-976a-ba46555c8bbc', '629e7064-b110-4f82-8091-0aca4f1e2842_s1', 3, 4, 4, 1);
INSERT INTO delivery_tasks (id, title, type, status, increment_id, source) VALUES ('b1bbd5f4-b711-4ccd-a7fe-7552c60fcd04', '[TVFIRE-1112]', 'feature', 'todo', '629e7064-b110-4f82-8091-0aca4f1e2842_s1', 'jira');
INSERT INTO delivery_positions (task_id, increment_id, start_col, end_col, row, row_span) VALUES ('b1bbd5f4-b711-4ccd-a7fe-7552c60fcd04', '629e7064-b110-4f82-8091-0aca4f1e2842_s1', 0, 2, 5, 1);
INSERT INTO delivery_tasks (id, title, type, status, increment_id, source) VALUES ('d25351a8-3ea5-4acc-bade-eaf1a2652cb9', '[TVFIRE-1272]', 'feature', 'todo', '629e7064-b110-4f82-8091-0aca4f1e2842_s1', 'jira');
INSERT INTO delivery_positions (task_id, increment_id, start_col, end_col, row, row_span) VALUES ('d25351a8-3ea5-4acc-bade-eaf1a2652cb9', '629e7064-b110-4f82-8091-0aca4f1e2842_s1', 5, 6, 5, 1);
INSERT INTO delivery_tasks (id, title, type, status, increment_id, source) VALUES ('6c2fca65-5ea6-4f4c-abd0-c092ed9e4950', '[TVFIRE-1284]', 'feature', 'todo', '629e7064-b110-4f82-8091-0aca4f1e2842_s1', 'jira');
INSERT INTO delivery_positions (task_id, increment_id, start_col, end_col, row, row_span) VALUES ('6c2fca65-5ea6-4f4c-abd0-c092ed9e4950', '629e7064-b110-4f82-8091-0aca4f1e2842_s1', 4, 6, 6, 1);
INSERT INTO delivery_tasks (id, title, type, status, increment_id, source) VALUES ('2f903430-68db-4fbc-96d6-25481b2c1711', '[TVFIRE-1113]', 'feature', 'todo', '629e7064-b110-4f82-8091-0aca4f1e2842_s1', 'jira');
INSERT INTO delivery_positions (task_id, increment_id, start_col, end_col, row, row_span) VALUES ('2f903430-68db-4fbc-96d6-25481b2c1711', '629e7064-b110-4f82-8091-0aca4f1e2842_s1', 5, 6, 8, 1);
INSERT INTO delivery_tasks (id, title, type, status, increment_id, source) VALUES ('fe587a62-95d3-42a9-abc8-c8b3cad96bdc', '[TVFIRE-1114]', 'feature', 'todo', '629e7064-b110-4f82-8091-0aca4f1e2842_s1', 'jira');
INSERT INTO delivery_positions (task_id, increment_id, start_col, end_col, row, row_span) VALUES ('fe587a62-95d3-42a9-abc8-c8b3cad96bdc', '629e7064-b110-4f82-8091-0aca4f1e2842_s1', 0, 2, 9, 1);
INSERT INTO delivery_boards (id, user_id, name, board_type, start_date, end_date, duration_weeks) VALUES ('a1e06590-de9f-4b79-a9de-7b4ace8cdbe6', 1, 'TVFREE - PI1', 'agile', '2026-01-19', '2026-03-01', 6);
INSERT INTO delivery_tasks (id, title, type, status, increment_id, source) VALUES ('52e8b9bd-87cb-4d99-a1ba-515f83321986', '[TVFREE-1740]', 'feature', 'todo', 'a1e06590-de9f-4b79-a9de-7b4ace8cdbe6_s1', 'jira');
INSERT INTO delivery_positions (task_id, increment_id, start_col, end_col, row, row_span) VALUES ('52e8b9bd-87cb-4d99-a1ba-515f83321986', 'a1e06590-de9f-4b79-a9de-7b4ace8cdbe6_s1', 4, 6, 0, 1);
INSERT INTO delivery_tasks (id, title, type, status, increment_id, source) VALUES ('a34897cb-9124-45b8-8269-bf1b10373a6f', '[TVFREE-1969]', 'feature', 'todo', 'a1e06590-de9f-4b79-a9de-7b4ace8cdbe6_s1', 'jira');
INSERT INTO delivery_positions (task_id, increment_id, start_col, end_col, row, row_span) VALUES ('a34897cb-9124-45b8-8269-bf1b10373a6f', 'a1e06590-de9f-4b79-a9de-7b4ace8cdbe6_s1', 0, 1, 0, 1);
INSERT INTO delivery_tasks (id, title, type, status, increment_id, source) VALUES ('39613da0-87ad-4ef8-8122-c4166dee8e03', '[TVFREE-1897]', 'feature', 'todo', 'a1e06590-de9f-4b79-a9de-7b4ace8cdbe6_s1', 'jira');
INSERT INTO delivery_positions (task_id, increment_id, start_col, end_col, row, row_span) VALUES ('39613da0-87ad-4ef8-8122-c4166dee8e03', 'a1e06590-de9f-4b79-a9de-7b4ace8cdbe6_s1', 1, 2, 0, 1);
INSERT INTO delivery_tasks (id, title, type, status, increment_id, source) VALUES ('e12af52c-8b3f-46b7-bfb5-27312e184284', '[TVFREE-1933]', 'feature', 'todo', 'a1e06590-de9f-4b79-a9de-7b4ace8cdbe6_s1', 'jira');
INSERT INTO delivery_positions (task_id, increment_id, start_col, end_col, row, row_span) VALUES ('e12af52c-8b3f-46b7-bfb5-27312e184284', 'a1e06590-de9f-4b79-a9de-7b4ace8cdbe6_s1', 0, 1, 0, 1);
INSERT INTO delivery_tasks (id, title, type, status, increment_id, source) VALUES ('357e51bf-b478-4972-b5bf-3a197d4e06b9', '[TVFREE-1968]', 'feature', 'todo', 'a1e06590-de9f-4b79-a9de-7b4ace8cdbe6_s1', 'jira');
INSERT INTO delivery_positions (task_id, increment_id, start_col, end_col, row, row_span) VALUES ('357e51bf-b478-4972-b5bf-3a197d4e06b9', 'a1e06590-de9f-4b79-a9de-7b4ace8cdbe6_s1', 0, 1, 0, 1);
INSERT INTO delivery_tasks (id, title, type, status, increment_id, source) VALUES ('c3829959-60bc-49ef-8c56-5f41a59e60d0', '[TVFREE-2008]', 'feature', 'todo', 'a1e06590-de9f-4b79-a9de-7b4ace8cdbe6_s1', 'jira');
INSERT INTO delivery_positions (task_id, increment_id, start_col, end_col, row, row_span) VALUES ('c3829959-60bc-49ef-8c56-5f41a59e60d0', 'a1e06590-de9f-4b79-a9de-7b4ace8cdbe6_s1', 5, 6, 0, 1);
INSERT INTO delivery_tasks (id, title, type, status, increment_id, source) VALUES ('a969328e-a6ec-411c-a32c-604de8d0e58d', '[TVFREE-1977]', 'feature', 'todo', 'a1e06590-de9f-4b79-a9de-7b4ace8cdbe6_s1', 'jira');
INSERT INTO delivery_positions (task_id, increment_id, start_col, end_col, row, row_span) VALUES ('a969328e-a6ec-411c-a32c-604de8d0e58d', 'a1e06590-de9f-4b79-a9de-7b4ace8cdbe6_s1', 2, 5, 0, 1);
INSERT INTO delivery_tasks (id, title, type, status, increment_id, source) VALUES ('406d0daa-5f1c-41a0-becb-74b917becb8a', '[TVFREE-1967]', 'feature', 'todo', 'a1e06590-de9f-4b79-a9de-7b4ace8cdbe6_s1', 'jira');
INSERT INTO delivery_positions (task_id, increment_id, start_col, end_col, row, row_span) VALUES ('406d0daa-5f1c-41a0-becb-74b917becb8a', 'a1e06590-de9f-4b79-a9de-7b4ace8cdbe6_s1', 4, 6, 1, 1);
INSERT INTO delivery_tasks (id, title, type, status, increment_id, source) VALUES ('4c441f5a-d01e-4b3d-9743-f579c8a4de1b', '[TVFREE-1543]', 'feature', 'todo', 'a1e06590-de9f-4b79-a9de-7b4ace8cdbe6_s1', 'jira');
INSERT INTO delivery_positions (task_id, increment_id, start_col, end_col, row, row_span) VALUES ('4c441f5a-d01e-4b3d-9743-f579c8a4de1b', 'a1e06590-de9f-4b79-a9de-7b4ace8cdbe6_s1', 1, 2, 1, 1);
INSERT INTO delivery_tasks (id, title, type, status, increment_id, source) VALUES ('5ee89e4b-a745-497b-9b41-9ff7d4b10eed', '[TVFREE-1974]', 'feature', 'todo', 'a1e06590-de9f-4b79-a9de-7b4ace8cdbe6_s1', 'jira');
INSERT INTO delivery_positions (task_id, increment_id, start_col, end_col, row, row_span) VALUES ('5ee89e4b-a745-497b-9b41-9ff7d4b10eed', 'a1e06590-de9f-4b79-a9de-7b4ace8cdbe6_s1', 2, 3, 1, 1);
INSERT INTO delivery_tasks (id, title, type, status, increment_id, source) VALUES ('24ae665d-4b3d-47cd-8cd4-70f28e653ff9', '[TVFREE-1970]', 'feature', 'todo', 'a1e06590-de9f-4b79-a9de-7b4ace8cdbe6_s1', 'jira');
INSERT INTO delivery_positions (task_id, increment_id, start_col, end_col, row, row_span) VALUES ('24ae665d-4b3d-47cd-8cd4-70f28e653ff9', 'a1e06590-de9f-4b79-a9de-7b4ace8cdbe6_s1', 4, 5, 2, 1);
INSERT INTO delivery_tasks (id, title, type, status, increment_id, source) VALUES ('231c2f6c-f71f-4407-abef-63e45b626f55', '[TVFREE-1763]', 'feature', 'todo', 'a1e06590-de9f-4b79-a9de-7b4ace8cdbe6_s1', 'jira');
INSERT INTO delivery_positions (task_id, increment_id, start_col, end_col, row, row_span) VALUES ('231c2f6c-f71f-4407-abef-63e45b626f55', 'a1e06590-de9f-4b79-a9de-7b4ace8cdbe6_s1', 2, 4, 2, 1);
INSERT INTO delivery_tasks (id, title, type, status, increment_id, source) VALUES ('ca91e847-725b-4ad4-9129-7e04a2f21186', '[TVFREE-1903]', 'feature', 'todo', 'a1e06590-de9f-4b79-a9de-7b4ace8cdbe6_s1', 'jira');
INSERT INTO delivery_positions (task_id, increment_id, start_col, end_col, row, row_span) VALUES ('ca91e847-725b-4ad4-9129-7e04a2f21186', 'a1e06590-de9f-4b79-a9de-7b4ace8cdbe6_s1', 0, 1, 3, 1);
INSERT INTO delivery_boards (id, user_id, name, board_type, start_date, end_date, duration_weeks) VALUES ('d77e5d6c-c3c0-4a6d-a400-0d78d1baf122', 1, 'TVFREE - PI2', 'agile', '2026-03-02', '2026-04-12', 6);
INSERT INTO delivery_tasks (id, title, type, status, increment_id, source) VALUES ('d5eb783b-a307-46bb-b09e-9eda14bde39c', '[TVFREE-2013]', 'feature', 'todo', 'd77e5d6c-c3c0-4a6d-a400-0d78d1baf122_s1', 'jira');
INSERT INTO delivery_positions (task_id, increment_id, start_col, end_col, row, row_span) VALUES ('d5eb783b-a307-46bb-b09e-9eda14bde39c', 'd77e5d6c-c3c0-4a6d-a400-0d78d1baf122_s1', 2, 3, 0, 1);
INSERT INTO delivery_tasks (id, title, type, status, increment_id, source) VALUES ('f2921a31-65af-4405-b611-8562ef7298ec', '[TVFREE-2053]', 'feature', 'todo', 'd77e5d6c-c3c0-4a6d-a400-0d78d1baf122_s1', 'jira');
INSERT INTO delivery_positions (task_id, increment_id, start_col, end_col, row, row_span) VALUES ('f2921a31-65af-4405-b611-8562ef7298ec', 'd77e5d6c-c3c0-4a6d-a400-0d78d1baf122_s1', 4, 6, 0, 1);
INSERT INTO delivery_tasks (id, title, type, status, increment_id, source) VALUES ('7123f179-e34c-4566-ad0d-384623a91644', '[TVFREE-2008]', 'feature', 'todo', 'd77e5d6c-c3c0-4a6d-a400-0d78d1baf122_s1', 'jira');
INSERT INTO delivery_positions (task_id, increment_id, start_col, end_col, row, row_span) VALUES ('7123f179-e34c-4566-ad0d-384623a91644', 'd77e5d6c-c3c0-4a6d-a400-0d78d1baf122_s1', 0, 1, 0, 1);
INSERT INTO delivery_tasks (id, title, type, status, increment_id, source) VALUES ('05c74133-558c-4cfa-8184-7c3ba8b05841', '[TVFREE-2012]', 'feature', 'todo', 'd77e5d6c-c3c0-4a6d-a400-0d78d1baf122_s1', 'jira');
INSERT INTO delivery_positions (task_id, increment_id, start_col, end_col, row, row_span) VALUES ('05c74133-558c-4cfa-8184-7c3ba8b05841', 'd77e5d6c-c3c0-4a6d-a400-0d78d1baf122_s1', 0, 2, 0, 1);
INSERT INTO delivery_tasks (id, title, type, status, increment_id, source) VALUES ('9af9ed19-1729-4250-85c6-dd2a7d5a608e', '[TVFREE-1977]', 'feature', 'todo', 'd77e5d6c-c3c0-4a6d-a400-0d78d1baf122_s1', 'jira');
INSERT INTO delivery_positions (task_id, increment_id, start_col, end_col, row, row_span) VALUES ('9af9ed19-1729-4250-85c6-dd2a7d5a608e', 'd77e5d6c-c3c0-4a6d-a400-0d78d1baf122_s1', 0, 1, 0, 1);
INSERT INTO delivery_tasks (id, title, type, status, increment_id, source) VALUES ('6f2924b9-194c-414b-8926-5c70e58c8396', '[TVFREE-1740]', 'feature', 'todo', 'd77e5d6c-c3c0-4a6d-a400-0d78d1baf122_s1', 'jira');
INSERT INTO delivery_positions (task_id, increment_id, start_col, end_col, row, row_span) VALUES ('6f2924b9-194c-414b-8926-5c70e58c8396', 'd77e5d6c-c3c0-4a6d-a400-0d78d1baf122_s1', 3, 4, 0, 1);
INSERT INTO delivery_tasks (id, title, type, status, increment_id, source) VALUES ('8e1aea02-6a82-4579-b620-1953b05477a6', '[TVFREE-2014]', 'feature', 'todo', 'd77e5d6c-c3c0-4a6d-a400-0d78d1baf122_s1', 'jira');
INSERT INTO delivery_positions (task_id, increment_id, start_col, end_col, row, row_span) VALUES ('8e1aea02-6a82-4579-b620-1953b05477a6', 'd77e5d6c-c3c0-4a6d-a400-0d78d1baf122_s1', 0, 1, 1, 1);
INSERT INTO delivery_tasks (id, title, type, status, increment_id, source) VALUES ('b161959d-8433-4a4c-8a0e-6be9b14c4607', '[TVFREE-2011]', 'feature', 'todo', 'd77e5d6c-c3c0-4a6d-a400-0d78d1baf122_s1', 'jira');
INSERT INTO delivery_positions (task_id, increment_id, start_col, end_col, row, row_span) VALUES ('b161959d-8433-4a4c-8a0e-6be9b14c4607', 'd77e5d6c-c3c0-4a6d-a400-0d78d1baf122_s1', 5, 6, 1, 1);
INSERT INTO delivery_tasks (id, title, type, status, increment_id, source) VALUES ('e7d9750b-646b-4c31-bb86-dbe4cc6fffd5', '[TVFREE-2039]', 'feature', 'todo', 'd77e5d6c-c3c0-4a6d-a400-0d78d1baf122_s1', 'jira');
INSERT INTO delivery_positions (task_id, increment_id, start_col, end_col, row, row_span) VALUES ('e7d9750b-646b-4c31-bb86-dbe4cc6fffd5', 'd77e5d6c-c3c0-4a6d-a400-0d78d1baf122_s1', 2, 3, 1, 1);
INSERT INTO delivery_tasks (id, title, type, status, increment_id, source) VALUES ('08a48136-745b-45c4-b98f-1ea9de4c211b', '[TVFREE-1967]', 'feature', 'todo', 'd77e5d6c-c3c0-4a6d-a400-0d78d1baf122_s1', 'jira');
INSERT INTO delivery_positions (task_id, increment_id, start_col, end_col, row, row_span) VALUES ('08a48136-745b-45c4-b98f-1ea9de4c211b', 'd77e5d6c-c3c0-4a6d-a400-0d78d1baf122_s1', 3, 4, 1, 1);
INSERT INTO delivery_tasks (id, title, type, status, increment_id, source) VALUES ('bed281c1-b78d-470d-bd42-81d3400b054e', '[TVFREE-2010]', 'feature', 'todo', 'd77e5d6c-c3c0-4a6d-a400-0d78d1baf122_s1', 'jira');
INSERT INTO delivery_positions (task_id, increment_id, start_col, end_col, row, row_span) VALUES ('bed281c1-b78d-470d-bd42-81d3400b054e', 'd77e5d6c-c3c0-4a6d-a400-0d78d1baf122_s1', 1, 2, 1, 1);
INSERT INTO delivery_tasks (id, title, type, status, increment_id, source) VALUES ('0a9177bb-bde6-49cc-996e-db3d84f88079', '[TVFREE-1543]', 'feature', 'todo', 'd77e5d6c-c3c0-4a6d-a400-0d78d1baf122_s1', 'jira');
INSERT INTO delivery_positions (task_id, increment_id, start_col, end_col, row, row_span) VALUES ('0a9177bb-bde6-49cc-996e-db3d84f88079', 'd77e5d6c-c3c0-4a6d-a400-0d78d1baf122_s1', 0, 1, 1, 1);
INSERT INTO delivery_tasks (id, title, type, status, increment_id, source) VALUES ('d9787757-1a18-4f77-aba0-6267e92924b5', '[TVFREE-2035]', 'feature', 'todo', 'd77e5d6c-c3c0-4a6d-a400-0d78d1baf122_s1', 'jira');
INSERT INTO delivery_positions (task_id, increment_id, start_col, end_col, row, row_span) VALUES ('d9787757-1a18-4f77-aba0-6267e92924b5', 'd77e5d6c-c3c0-4a6d-a400-0d78d1baf122_s1', 2, 3, 2, 1);
INSERT INTO delivery_tasks (id, title, type, status, increment_id, source) VALUES ('e4af5ec4-8a1d-4225-ba50-d58bdbd5fe29', '[TVFREE-2038]', 'feature', 'todo', 'd77e5d6c-c3c0-4a6d-a400-0d78d1baf122_s1', 'jira');
INSERT INTO delivery_positions (task_id, increment_id, start_col, end_col, row, row_span) VALUES ('e4af5ec4-8a1d-4225-ba50-d58bdbd5fe29', 'd77e5d6c-c3c0-4a6d-a400-0d78d1baf122_s1', 3, 4, 2, 1);
INSERT INTO delivery_tasks (id, title, type, status, increment_id, source) VALUES ('d3ca68cd-c989-4485-b73e-ee9505982dec', '[TVFREE-1897]', 'feature', 'todo', 'd77e5d6c-c3c0-4a6d-a400-0d78d1baf122_s1', 'jira');
INSERT INTO delivery_positions (task_id, increment_id, start_col, end_col, row, row_span) VALUES ('d3ca68cd-c989-4485-b73e-ee9505982dec', 'd77e5d6c-c3c0-4a6d-a400-0d78d1baf122_s1', 0, 1, 3, 1);
INSERT INTO delivery_tasks (id, title, type, status, increment_id, source) VALUES ('ada298ad-720b-4ffa-921f-d1ddd6a5865a', '[TVFREE-2015]', 'feature', 'todo', 'd77e5d6c-c3c0-4a6d-a400-0d78d1baf122_s1', 'jira');
INSERT INTO delivery_positions (task_id, increment_id, start_col, end_col, row, row_span) VALUES ('ada298ad-720b-4ffa-921f-d1ddd6a5865a', 'd77e5d6c-c3c0-4a6d-a400-0d78d1baf122_s1', 2, 4, 3, 1);
INSERT INTO delivery_tasks (id, title, type, status, increment_id, source) VALUES ('7c066448-35ce-42e7-80e0-b3be16d145a1', '[TVFREE-1974]', 'feature', 'todo', 'd77e5d6c-c3c0-4a6d-a400-0d78d1baf122_s1', 'jira');
INSERT INTO delivery_positions (task_id, increment_id, start_col, end_col, row, row_span) VALUES ('7c066448-35ce-42e7-80e0-b3be16d145a1', 'd77e5d6c-c3c0-4a6d-a400-0d78d1baf122_s1', 0, 1, 4, 1);
INSERT INTO delivery_tasks (id, title, type, status, increment_id, source) VALUES ('b6c84700-07ef-46cf-b048-d3a6e8529b44', '[TVFREE-2050]', 'feature', 'todo', 'd77e5d6c-c3c0-4a6d-a400-0d78d1baf122_s1', 'jira');
INSERT INTO delivery_positions (task_id, increment_id, start_col, end_col, row, row_span) VALUES ('b6c84700-07ef-46cf-b048-d3a6e8529b44', 'd77e5d6c-c3c0-4a6d-a400-0d78d1baf122_s1', 2, 4, 4, 1);
INSERT INTO delivery_boards (id, user_id, name, board_type, start_date, end_date, duration_weeks) VALUES ('537ed2fd-2b2a-4ee4-9557-1b2530c21573', 1, 'TVORA - PI1', 'agile', '2026-01-19', '2026-03-01', 6);
INSERT INTO delivery_tasks (id, title, type, status, increment_id, source) VALUES ('a0766b73-8673-46ad-9104-46b7f757ad5e', '[TVORA-632]', 'feature', 'todo', '537ed2fd-2b2a-4ee4-9557-1b2530c21573_s1', 'jira');
INSERT INTO delivery_positions (task_id, increment_id, start_col, end_col, row, row_span) VALUES ('a0766b73-8673-46ad-9104-46b7f757ad5e', '537ed2fd-2b2a-4ee4-9557-1b2530c21573_s1', 0, 1, 0, 1);
INSERT INTO delivery_tasks (id, title, type, status, increment_id, source) VALUES ('a0760537-ed8d-4dbf-90e5-864ca6ee9e25', '[TVORA-621]', 'feature', 'todo', '537ed2fd-2b2a-4ee4-9557-1b2530c21573_s1', 'jira');
INSERT INTO delivery_positions (task_id, increment_id, start_col, end_col, row, row_span) VALUES ('a0760537-ed8d-4dbf-90e5-864ca6ee9e25', '537ed2fd-2b2a-4ee4-9557-1b2530c21573_s1', 1, 3, 0, 1);
INSERT INTO delivery_tasks (id, title, type, status, increment_id, source) VALUES ('06f52c5f-3268-4402-bcae-0750ecf0b09a', '[TVORA-620]', 'feature', 'todo', '537ed2fd-2b2a-4ee4-9557-1b2530c21573_s1', 'jira');
INSERT INTO delivery_positions (task_id, increment_id, start_col, end_col, row, row_span) VALUES ('06f52c5f-3268-4402-bcae-0750ecf0b09a', '537ed2fd-2b2a-4ee4-9557-1b2530c21573_s1', 4, 6, 0, 1);
INSERT INTO delivery_tasks (id, title, type, status, increment_id, source) VALUES ('a10a0bd2-e7c5-4ada-9718-e5dec65457d7', '[TVORA-605]', 'feature', 'todo', '537ed2fd-2b2a-4ee4-9557-1b2530c21573_s1', 'jira');
INSERT INTO delivery_positions (task_id, increment_id, start_col, end_col, row, row_span) VALUES ('a10a0bd2-e7c5-4ada-9718-e5dec65457d7', '537ed2fd-2b2a-4ee4-9557-1b2530c21573_s1', 5, 6, 0, 1);
INSERT INTO delivery_tasks (id, title, type, status, increment_id, source) VALUES ('9852c044-45a1-4036-9b89-fc9081b81065', '[TVORA-642]', 'feature', 'todo', '537ed2fd-2b2a-4ee4-9557-1b2530c21573_s1', 'jira');
INSERT INTO delivery_positions (task_id, increment_id, start_col, end_col, row, row_span) VALUES ('9852c044-45a1-4036-9b89-fc9081b81065', '537ed2fd-2b2a-4ee4-9557-1b2530c21573_s1', 5, 6, 0, 1);
INSERT INTO delivery_tasks (id, title, type, status, increment_id, source) VALUES ('7391c30e-68e8-4ab3-b926-c256f8f7b70d', '[TVORA-641]', 'feature', 'todo', '537ed2fd-2b2a-4ee4-9557-1b2530c21573_s1', 'jira');
INSERT INTO delivery_positions (task_id, increment_id, start_col, end_col, row, row_span) VALUES ('7391c30e-68e8-4ab3-b926-c256f8f7b70d', '537ed2fd-2b2a-4ee4-9557-1b2530c21573_s1', 5, 6, 0, 1);
INSERT INTO delivery_tasks (id, title, type, status, increment_id, source) VALUES ('ee64e167-a538-4be7-961e-fe920c65f7c7', '[TVORA-699]', 'feature', 'todo', '537ed2fd-2b2a-4ee4-9557-1b2530c21573_s1', 'jira');
INSERT INTO delivery_positions (task_id, increment_id, start_col, end_col, row, row_span) VALUES ('ee64e167-a538-4be7-961e-fe920c65f7c7', '537ed2fd-2b2a-4ee4-9557-1b2530c21573_s1', 4, 6, 0, 1);
INSERT INTO delivery_tasks (id, title, type, status, increment_id, source) VALUES ('97d6aed7-2b37-4f6c-95d9-fc1cd23b8b5f', '[TVORA-692]', 'feature', 'todo', '537ed2fd-2b2a-4ee4-9557-1b2530c21573_s1', 'jira');
INSERT INTO delivery_positions (task_id, increment_id, start_col, end_col, row, row_span) VALUES ('97d6aed7-2b37-4f6c-95d9-fc1cd23b8b5f', '537ed2fd-2b2a-4ee4-9557-1b2530c21573_s1', 5, 6, 0, 1);
INSERT INTO delivery_tasks (id, title, type, status, increment_id, source) VALUES ('2f047d1d-c994-4dfa-9729-b4e94194d38c', '[TVORA-700]', 'feature', 'todo', '537ed2fd-2b2a-4ee4-9557-1b2530c21573_s1', 'jira');
INSERT INTO delivery_positions (task_id, increment_id, start_col, end_col, row, row_span) VALUES ('2f047d1d-c994-4dfa-9729-b4e94194d38c', '537ed2fd-2b2a-4ee4-9557-1b2530c21573_s1', 4, 6, 1, 1);
INSERT INTO delivery_tasks (id, title, type, status, increment_id, source) VALUES ('50a18c09-b3a5-4a12-82fc-005c03c72372', '[TVORA-633]', 'feature', 'todo', '537ed2fd-2b2a-4ee4-9557-1b2530c21573_s1', 'jira');
INSERT INTO delivery_positions (task_id, increment_id, start_col, end_col, row, row_span) VALUES ('50a18c09-b3a5-4a12-82fc-005c03c72372', '537ed2fd-2b2a-4ee4-9557-1b2530c21573_s1', 0, 1, 1, 1);
INSERT INTO delivery_tasks (id, title, type, status, increment_id, source) VALUES ('cdfbe35b-ab3c-4e3b-85de-7417a60c6b9c', '[TVORA-644]', 'feature', 'todo', '537ed2fd-2b2a-4ee4-9557-1b2530c21573_s1', 'jira');
INSERT INTO delivery_positions (task_id, increment_id, start_col, end_col, row, row_span) VALUES ('cdfbe35b-ab3c-4e3b-85de-7417a60c6b9c', '537ed2fd-2b2a-4ee4-9557-1b2530c21573_s1', 3, 5, 1, 1);
INSERT INTO delivery_tasks (id, title, type, status, increment_id, source) VALUES ('250942c8-baa2-48c4-8e8f-a2ebc48a1919', '[TVORA-618]', 'feature', 'todo', '537ed2fd-2b2a-4ee4-9557-1b2530c21573_s1', 'jira');
INSERT INTO delivery_positions (task_id, increment_id, start_col, end_col, row, row_span) VALUES ('250942c8-baa2-48c4-8e8f-a2ebc48a1919', '537ed2fd-2b2a-4ee4-9557-1b2530c21573_s1', 0, 1, 1, 1);
INSERT INTO delivery_tasks (id, title, type, status, increment_id, source) VALUES ('ad3bd92a-0bf4-4818-9931-b69a103fd733', '[TVORA-643]', 'feature', 'todo', '537ed2fd-2b2a-4ee4-9557-1b2530c21573_s1', 'jira');
INSERT INTO delivery_positions (task_id, increment_id, start_col, end_col, row, row_span) VALUES ('ad3bd92a-0bf4-4818-9931-b69a103fd733', '537ed2fd-2b2a-4ee4-9557-1b2530c21573_s1', 2, 6, 1, 1);
INSERT INTO delivery_tasks (id, title, type, status, increment_id, source) VALUES ('038ba4cc-8a47-45dd-b792-601412b1d2fb', '[TVORA-640]', 'feature', 'todo', '537ed2fd-2b2a-4ee4-9557-1b2530c21573_s1', 'jira');
INSERT INTO delivery_positions (task_id, increment_id, start_col, end_col, row, row_span) VALUES ('038ba4cc-8a47-45dd-b792-601412b1d2fb', '537ed2fd-2b2a-4ee4-9557-1b2530c21573_s1', 5, 6, 1, 1);
INSERT INTO delivery_tasks (id, title, type, status, increment_id, source) VALUES ('89edcc93-2cf6-4a87-9ad6-a9236bdf4a97', '[TVORA-704]', 'feature', 'todo', '537ed2fd-2b2a-4ee4-9557-1b2530c21573_s1', 'jira');
INSERT INTO delivery_positions (task_id, increment_id, start_col, end_col, row, row_span) VALUES ('89edcc93-2cf6-4a87-9ad6-a9236bdf4a97', '537ed2fd-2b2a-4ee4-9557-1b2530c21573_s1', 5, 6, 1, 1);
INSERT INTO delivery_tasks (id, title, type, status, increment_id, source) VALUES ('3374e6d0-e807-442a-8300-81e17426189b', '[TVORA-703]', 'feature', 'todo', '537ed2fd-2b2a-4ee4-9557-1b2530c21573_s1', 'jira');
INSERT INTO delivery_positions (task_id, increment_id, start_col, end_col, row, row_span) VALUES ('3374e6d0-e807-442a-8300-81e17426189b', '537ed2fd-2b2a-4ee4-9557-1b2530c21573_s1', 2, 4, 1, 1);
INSERT INTO delivery_tasks (id, title, type, status, increment_id, source) VALUES ('e26bd94c-6229-415d-88a5-53da3d57f43e', '[TVORA-619]', 'feature', 'todo', '537ed2fd-2b2a-4ee4-9557-1b2530c21573_s1', 'jira');
INSERT INTO delivery_positions (task_id, increment_id, start_col, end_col, row, row_span) VALUES ('e26bd94c-6229-415d-88a5-53da3d57f43e', '537ed2fd-2b2a-4ee4-9557-1b2530c21573_s1', 0, 1, 2, 1);
INSERT INTO delivery_tasks (id, title, type, status, increment_id, source) VALUES ('72bb5bf4-56e0-406b-82eb-c61caf7e06d9', '[TVORA-617]', 'feature', 'todo', '537ed2fd-2b2a-4ee4-9557-1b2530c21573_s1', 'jira');
INSERT INTO delivery_positions (task_id, increment_id, start_col, end_col, row, row_span) VALUES ('72bb5bf4-56e0-406b-82eb-c61caf7e06d9', '537ed2fd-2b2a-4ee4-9557-1b2530c21573_s1', 0, 1, 2, 1);
INSERT INTO delivery_boards (id, user_id, name, board_type, start_date, end_date, duration_weeks) VALUES ('bf1035c0-f2d6-4dbe-9f79-b13f49bd0dee', 1, 'TVORA - PI2', 'agile', '2026-03-02', '2026-04-12', 6);
INSERT INTO delivery_tasks (id, title, type, status, increment_id, source) VALUES ('2186f99b-2a8f-43a8-817c-485100da4b64', '[TVORA-700]', 'feature', 'todo', 'bf1035c0-f2d6-4dbe-9f79-b13f49bd0dee_s1', 'jira');
INSERT INTO delivery_positions (task_id, increment_id, start_col, end_col, row, row_span) VALUES ('2186f99b-2a8f-43a8-817c-485100da4b64', 'bf1035c0-f2d6-4dbe-9f79-b13f49bd0dee_s1', 1, 2, 0, 1);
INSERT INTO delivery_tasks (id, title, type, status, increment_id, source) VALUES ('dff56a92-9a81-41cb-8f4c-6a4a0deb1264', '[TVORA-713]', 'feature', 'todo', 'bf1035c0-f2d6-4dbe-9f79-b13f49bd0dee_s1', 'jira');
INSERT INTO delivery_positions (task_id, increment_id, start_col, end_col, row, row_span) VALUES ('dff56a92-9a81-41cb-8f4c-6a4a0deb1264', 'bf1035c0-f2d6-4dbe-9f79-b13f49bd0dee_s1', 5, 6, 0, 1);
INSERT INTO delivery_tasks (id, title, type, status, increment_id, source) VALUES ('c4da70cd-fc38-4e79-bfb1-9c3bc1698236', '[TVORA-703]', 'feature', 'todo', 'bf1035c0-f2d6-4dbe-9f79-b13f49bd0dee_s1', 'jira');
INSERT INTO delivery_positions (task_id, increment_id, start_col, end_col, row, row_span) VALUES ('c4da70cd-fc38-4e79-bfb1-9c3bc1698236', 'bf1035c0-f2d6-4dbe-9f79-b13f49bd0dee_s1', 1, 2, 0, 1);
INSERT INTO delivery_tasks (id, title, type, status, increment_id, source) VALUES ('bfec3437-05eb-4473-90ea-934e9920448d', '[TVORA-692]', 'feature', 'todo', 'bf1035c0-f2d6-4dbe-9f79-b13f49bd0dee_s1', 'jira');
INSERT INTO delivery_positions (task_id, increment_id, start_col, end_col, row, row_span) VALUES ('bfec3437-05eb-4473-90ea-934e9920448d', 'bf1035c0-f2d6-4dbe-9f79-b13f49bd0dee_s1', 2, 5, 0, 1);
INSERT INTO delivery_tasks (id, title, type, status, increment_id, source) VALUES ('4c8963af-845a-44aa-b7a4-213ff9b22e99', '[TVORA-641]', 'feature', 'todo', 'bf1035c0-f2d6-4dbe-9f79-b13f49bd0dee_s1', 'jira');
INSERT INTO delivery_positions (task_id, increment_id, start_col, end_col, row, row_span) VALUES ('4c8963af-845a-44aa-b7a4-213ff9b22e99', 'bf1035c0-f2d6-4dbe-9f79-b13f49bd0dee_s1', 2, 3, 1, 1);
INSERT INTO delivery_tasks (id, title, type, status, increment_id, source) VALUES ('339f0a10-542e-418b-882a-528188e68722', '[TVORA-717]', 'feature', 'todo', 'bf1035c0-f2d6-4dbe-9f79-b13f49bd0dee_s1', 'jira');
INSERT INTO delivery_positions (task_id, increment_id, start_col, end_col, row, row_span) VALUES ('339f0a10-542e-418b-882a-528188e68722', 'bf1035c0-f2d6-4dbe-9f79-b13f49bd0dee_s1', 4, 5, 1, 1);
INSERT INTO delivery_tasks (id, title, type, status, increment_id, source) VALUES ('724a431d-5714-4a66-b96b-7939fe63bfed', '[TVORA-691]', 'feature', 'todo', 'bf1035c0-f2d6-4dbe-9f79-b13f49bd0dee_s1', 'jira');
INSERT INTO delivery_positions (task_id, increment_id, start_col, end_col, row, row_span) VALUES ('724a431d-5714-4a66-b96b-7939fe63bfed', 'bf1035c0-f2d6-4dbe-9f79-b13f49bd0dee_s1', 5, 6, 1, 1);
INSERT INTO delivery_tasks (id, title, type, status, increment_id, source) VALUES ('d816e5a8-e3ff-45c1-a487-64418d0033b3', '[TVORA-712]', 'feature', 'todo', 'bf1035c0-f2d6-4dbe-9f79-b13f49bd0dee_s1', 'jira');
INSERT INTO delivery_positions (task_id, increment_id, start_col, end_col, row, row_span) VALUES ('d816e5a8-e3ff-45c1-a487-64418d0033b3', 'bf1035c0-f2d6-4dbe-9f79-b13f49bd0dee_s1', 5, 6, 1, 1);
INSERT INTO delivery_tasks (id, title, type, status, increment_id, source) VALUES ('d2e10d12-05b5-4e09-9639-4d5c220d82d3', '[TVORA-702]', 'feature', 'todo', 'bf1035c0-f2d6-4dbe-9f79-b13f49bd0dee_s1', 'jira');
INSERT INTO delivery_positions (task_id, increment_id, start_col, end_col, row, row_span) VALUES ('d2e10d12-05b5-4e09-9639-4d5c220d82d3', 'bf1035c0-f2d6-4dbe-9f79-b13f49bd0dee_s1', 3, 4, 1, 1);
INSERT INTO delivery_tasks (id, title, type, status, increment_id, source) VALUES ('f475f0bb-fb77-4ba6-a25d-f7305309a8c1', '[TVORA-644]', 'feature', 'todo', 'bf1035c0-f2d6-4dbe-9f79-b13f49bd0dee_s1', 'jira');
INSERT INTO delivery_positions (task_id, increment_id, start_col, end_col, row, row_span) VALUES ('f475f0bb-fb77-4ba6-a25d-f7305309a8c1', 'bf1035c0-f2d6-4dbe-9f79-b13f49bd0dee_s1', 0, 2, 1, 1);
INSERT INTO delivery_tasks (id, title, type, status, increment_id, source) VALUES ('fd6668d8-8723-4b97-b2ce-69568672688d', '[TVORA-605]', 'feature', 'todo', 'bf1035c0-f2d6-4dbe-9f79-b13f49bd0dee_s1', 'jira');
INSERT INTO delivery_positions (task_id, increment_id, start_col, end_col, row, row_span) VALUES ('fd6668d8-8723-4b97-b2ce-69568672688d', 'bf1035c0-f2d6-4dbe-9f79-b13f49bd0dee_s1', 2, 3, 2, 1);
INSERT INTO delivery_tasks (id, title, type, status, increment_id, source) VALUES ('925ffa30-8197-47af-ab29-bb416766fb7f', '[TVORA-704]', 'feature', 'todo', 'bf1035c0-f2d6-4dbe-9f79-b13f49bd0dee_s1', 'jira');
INSERT INTO delivery_positions (task_id, increment_id, start_col, end_col, row, row_span) VALUES ('925ffa30-8197-47af-ab29-bb416766fb7f', 'bf1035c0-f2d6-4dbe-9f79-b13f49bd0dee_s1', 3, 4, 2, 1);
INSERT INTO delivery_tasks (id, title, type, status, increment_id, source) VALUES ('451dd3ec-5aa3-49b5-8987-d57fff20a793', '[TVORA-734]', 'feature', 'todo', 'bf1035c0-f2d6-4dbe-9f79-b13f49bd0dee_s1', 'jira');
INSERT INTO delivery_positions (task_id, increment_id, start_col, end_col, row, row_span) VALUES ('451dd3ec-5aa3-49b5-8987-d57fff20a793', 'bf1035c0-f2d6-4dbe-9f79-b13f49bd0dee_s1', 5, 6, 3, 1);
INSERT INTO delivery_tasks (id, title, type, status, increment_id, source) VALUES ('717a9140-a092-47ba-8469-f807fcfbbc78', '[TVORA-699]', 'feature', 'todo', 'bf1035c0-f2d6-4dbe-9f79-b13f49bd0dee_s1', 'jira');
INSERT INTO delivery_positions (task_id, increment_id, start_col, end_col, row, row_span) VALUES ('717a9140-a092-47ba-8469-f807fcfbbc78', 'bf1035c0-f2d6-4dbe-9f79-b13f49bd0dee_s1', 0, 2, 3, 1);
INSERT INTO delivery_tasks (id, title, type, status, increment_id, source) VALUES ('b5858ebe-5d85-4410-86cb-1d641d57bf63', '[TVORA-721]', 'feature', 'todo', 'bf1035c0-f2d6-4dbe-9f79-b13f49bd0dee_s1', 'jira');
INSERT INTO delivery_positions (task_id, increment_id, start_col, end_col, row, row_span) VALUES ('b5858ebe-5d85-4410-86cb-1d641d57bf63', 'bf1035c0-f2d6-4dbe-9f79-b13f49bd0dee_s1', 2, 3, 3, 1);
INSERT INTO delivery_tasks (id, title, type, status, increment_id, source) VALUES ('d88f0549-ebf8-44c5-aed0-9272f02ce80a', '[TVORA-701]', 'feature', 'todo', 'bf1035c0-f2d6-4dbe-9f79-b13f49bd0dee_s1', 'jira');
INSERT INTO delivery_positions (task_id, increment_id, start_col, end_col, row, row_span) VALUES ('d88f0549-ebf8-44c5-aed0-9272f02ce80a', 'bf1035c0-f2d6-4dbe-9f79-b13f49bd0dee_s1', 3, 4, 3, 1);
INSERT INTO delivery_tasks (id, title, type, status, increment_id, source) VALUES ('f878e174-f809-430c-b4d6-0791df9d1e22', '[TVORA-715]', 'feature', 'todo', 'bf1035c0-f2d6-4dbe-9f79-b13f49bd0dee_s1', 'jira');
INSERT INTO delivery_positions (task_id, increment_id, start_col, end_col, row, row_span) VALUES ('f878e174-f809-430c-b4d6-0791df9d1e22', 'bf1035c0-f2d6-4dbe-9f79-b13f49bd0dee_s1', 2, 4, 4, 1);
INSERT INTO delivery_tasks (id, title, type, status, increment_id, source) VALUES ('fbdc05bf-32bd-4018-b186-1ca0aef33a6b', '[TVORA-723]', 'feature', 'todo', 'bf1035c0-f2d6-4dbe-9f79-b13f49bd0dee_s1', 'jira');
INSERT INTO delivery_positions (task_id, increment_id, start_col, end_col, row, row_span) VALUES ('fbdc05bf-32bd-4018-b186-1ca0aef33a6b', 'bf1035c0-f2d6-4dbe-9f79-b13f49bd0dee_s1', 4, 6, 8, 1);
INSERT INTO delivery_boards (id, user_id, name, board_type, start_date, end_date, duration_weeks) VALUES ('ec27135f-3bf4-442e-a0d8-d00656ec7a86', 1, 'TVSFR - PI1', 'agile', '2026-01-19', '2026-03-01', 6);
INSERT INTO delivery_tasks (id, title, type, status, increment_id, source) VALUES ('73cd7a68-bb9e-4a47-a94a-7153240941f7', '[TVSFR-533]', 'feature', 'todo', 'ec27135f-3bf4-442e-a0d8-d00656ec7a86_s1', 'jira');
INSERT INTO delivery_positions (task_id, increment_id, start_col, end_col, row, row_span) VALUES ('73cd7a68-bb9e-4a47-a94a-7153240941f7', 'ec27135f-3bf4-442e-a0d8-d00656ec7a86_s1', 2, 4, 0, 1);
INSERT INTO delivery_tasks (id, title, type, status, increment_id, source) VALUES ('3075a675-6e5a-4c2e-8c2c-cdaa0473c75f', '[TVSFR-429]', 'feature', 'todo', 'ec27135f-3bf4-442e-a0d8-d00656ec7a86_s1', 'jira');
INSERT INTO delivery_positions (task_id, increment_id, start_col, end_col, row, row_span) VALUES ('3075a675-6e5a-4c2e-8c2c-cdaa0473c75f', 'ec27135f-3bf4-442e-a0d8-d00656ec7a86_s1', 5, 6, 0, 1);
INSERT INTO delivery_tasks (id, title, type, status, increment_id, source) VALUES ('e8afa0b7-7c0b-4e15-881a-6223c6c35c83', '[TVSFR-534]', 'feature', 'todo', 'ec27135f-3bf4-442e-a0d8-d00656ec7a86_s1', 'jira');
INSERT INTO delivery_positions (task_id, increment_id, start_col, end_col, row, row_span) VALUES ('e8afa0b7-7c0b-4e15-881a-6223c6c35c83', 'ec27135f-3bf4-442e-a0d8-d00656ec7a86_s1', 4, 6, 0, 1);
INSERT INTO delivery_tasks (id, title, type, status, increment_id, source) VALUES ('34f58626-f1cb-44ff-b1fe-2f2832dbc3ce', '[TVSFR-536]', 'feature', 'todo', 'ec27135f-3bf4-442e-a0d8-d00656ec7a86_s1', 'jira');
INSERT INTO delivery_positions (task_id, increment_id, start_col, end_col, row, row_span) VALUES ('34f58626-f1cb-44ff-b1fe-2f2832dbc3ce', 'ec27135f-3bf4-442e-a0d8-d00656ec7a86_s1', 4, 6, 0, 1);
INSERT INTO delivery_tasks (id, title, type, status, increment_id, source) VALUES ('c5b8be14-f71b-4d33-9ee1-6d6943fadefd', '[TVSFR-512]', 'feature', 'todo', 'ec27135f-3bf4-442e-a0d8-d00656ec7a86_s1', 'jira');
INSERT INTO delivery_positions (task_id, increment_id, start_col, end_col, row, row_span) VALUES ('c5b8be14-f71b-4d33-9ee1-6d6943fadefd', 'ec27135f-3bf4-442e-a0d8-d00656ec7a86_s1', 0, 1, 0, 1);
INSERT INTO delivery_tasks (id, title, type, status, increment_id, source) VALUES ('0af45d85-0245-4ef2-9cd0-84d607645efd', '[TVSFR-515]', 'feature', 'todo', 'ec27135f-3bf4-442e-a0d8-d00656ec7a86_s1', 'jira');
INSERT INTO delivery_positions (task_id, increment_id, start_col, end_col, row, row_span) VALUES ('0af45d85-0245-4ef2-9cd0-84d607645efd', 'ec27135f-3bf4-442e-a0d8-d00656ec7a86_s1', 5, 6, 0, 1);
INSERT INTO delivery_tasks (id, title, type, status, increment_id, source) VALUES ('146a66b6-b74e-4704-bcbc-deca5bc36960', '[TVSFR-532]', 'feature', 'todo', 'ec27135f-3bf4-442e-a0d8-d00656ec7a86_s1', 'jira');
INSERT INTO delivery_positions (task_id, increment_id, start_col, end_col, row, row_span) VALUES ('146a66b6-b74e-4704-bcbc-deca5bc36960', 'ec27135f-3bf4-442e-a0d8-d00656ec7a86_s1', 4, 6, 0, 1);
INSERT INTO delivery_tasks (id, title, type, status, increment_id, source) VALUES ('7f416d3f-6a71-4537-b3d3-a130aca1cc0b', '[TVSFR-519]', 'feature', 'todo', 'ec27135f-3bf4-442e-a0d8-d00656ec7a86_s1', 'jira');
INSERT INTO delivery_positions (task_id, increment_id, start_col, end_col, row, row_span) VALUES ('7f416d3f-6a71-4537-b3d3-a130aca1cc0b', 'ec27135f-3bf4-442e-a0d8-d00656ec7a86_s1', 3, 5, 0, 1);
INSERT INTO delivery_tasks (id, title, type, status, increment_id, source) VALUES ('e582f411-2fea-4182-a792-a74dbb051eff', '[TVSFR-438]', 'feature', 'todo', 'ec27135f-3bf4-442e-a0d8-d00656ec7a86_s1', 'jira');
INSERT INTO delivery_positions (task_id, increment_id, start_col, end_col, row, row_span) VALUES ('e582f411-2fea-4182-a792-a74dbb051eff', 'ec27135f-3bf4-442e-a0d8-d00656ec7a86_s1', 1, 2, 0, 1);
INSERT INTO delivery_tasks (id, title, type, status, increment_id, source) VALUES ('77f6889d-7a9d-485c-a491-c4b2f65c6f28', '[TVSFR-373]', 'feature', 'todo', 'ec27135f-3bf4-442e-a0d8-d00656ec7a86_s1', 'jira');
INSERT INTO delivery_positions (task_id, increment_id, start_col, end_col, row, row_span) VALUES ('77f6889d-7a9d-485c-a491-c4b2f65c6f28', 'ec27135f-3bf4-442e-a0d8-d00656ec7a86_s1', 0, 1, 1, 1);
INSERT INTO delivery_tasks (id, title, type, status, increment_id, source) VALUES ('a1079657-b1f8-434b-b325-7db08af7338d', '[TVSFR-400]', 'feature', 'todo', 'ec27135f-3bf4-442e-a0d8-d00656ec7a86_s1', 'jira');
INSERT INTO delivery_positions (task_id, increment_id, start_col, end_col, row, row_span) VALUES ('a1079657-b1f8-434b-b325-7db08af7338d', 'ec27135f-3bf4-442e-a0d8-d00656ec7a86_s1', 4, 6, 1, 1);
INSERT INTO delivery_tasks (id, title, type, status, increment_id, source) VALUES ('fe8f79cd-14aa-4b71-9095-af33304c593f', '[TVSFR-517]', 'feature', 'todo', 'ec27135f-3bf4-442e-a0d8-d00656ec7a86_s1', 'jira');
INSERT INTO delivery_positions (task_id, increment_id, start_col, end_col, row, row_span) VALUES ('fe8f79cd-14aa-4b71-9095-af33304c593f', 'ec27135f-3bf4-442e-a0d8-d00656ec7a86_s1', 2, 3, 2, 1);
INSERT INTO delivery_tasks (id, title, type, status, increment_id, source) VALUES ('abce91d0-1161-46c8-8a03-ac94cc17a7d1', '[TVSFR-518]', 'feature', 'todo', 'ec27135f-3bf4-442e-a0d8-d00656ec7a86_s1', 'jira');
INSERT INTO delivery_positions (task_id, increment_id, start_col, end_col, row, row_span) VALUES ('abce91d0-1161-46c8-8a03-ac94cc17a7d1', 'ec27135f-3bf4-442e-a0d8-d00656ec7a86_s1', 4, 5, 2, 1);
INSERT INTO delivery_tasks (id, title, type, status, increment_id, source) VALUES ('9c28edc8-9a4e-4b2d-822d-c8232c7331f1', '[TVSFR-516]', 'feature', 'todo', 'ec27135f-3bf4-442e-a0d8-d00656ec7a86_s1', 'jira');
INSERT INTO delivery_positions (task_id, increment_id, start_col, end_col, row, row_span) VALUES ('9c28edc8-9a4e-4b2d-822d-c8232c7331f1', 'ec27135f-3bf4-442e-a0d8-d00656ec7a86_s1', 2, 6, 2, 1);
INSERT INTO delivery_tasks (id, title, type, status, increment_id, source) VALUES ('2f3e1126-8d79-4bf5-bced-f7c161700f29', '[TVSFR-436]', 'feature', 'todo', 'ec27135f-3bf4-442e-a0d8-d00656ec7a86_s1', 'jira');
INSERT INTO delivery_positions (task_id, increment_id, start_col, end_col, row, row_span) VALUES ('2f3e1126-8d79-4bf5-bced-f7c161700f29', 'ec27135f-3bf4-442e-a0d8-d00656ec7a86_s1', 0, 1, 2, 1);
INSERT INTO delivery_boards (id, user_id, name, board_type, start_date, end_date, duration_weeks) VALUES ('97ee8b55-56fc-47b6-9894-14cc49c52b93', 1, 'TVSFR - PI2', 'agile', '2026-03-02', '2026-04-12', 6);
INSERT INTO delivery_tasks (id, title, type, status, increment_id, source) VALUES ('4478ba1c-f39f-44e2-97ef-493bf2c79553', '[TVSFR-517]', 'feature', 'todo', '97ee8b55-56fc-47b6-9894-14cc49c52b93_s1', 'jira');
INSERT INTO delivery_positions (task_id, increment_id, start_col, end_col, row, row_span) VALUES ('4478ba1c-f39f-44e2-97ef-493bf2c79553', '97ee8b55-56fc-47b6-9894-14cc49c52b93_s1', 2, 4, 0, 1);
INSERT INTO delivery_tasks (id, title, type, status, increment_id, source) VALUES ('12cce202-e600-4df0-b302-7cf074b57f38', '[TVSFR-536]', 'feature', 'todo', '97ee8b55-56fc-47b6-9894-14cc49c52b93_s1', 'jira');
INSERT INTO delivery_positions (task_id, increment_id, start_col, end_col, row, row_span) VALUES ('12cce202-e600-4df0-b302-7cf074b57f38', '97ee8b55-56fc-47b6-9894-14cc49c52b93_s1', 4, 5, 0, 1);
INSERT INTO delivery_tasks (id, title, type, status, increment_id, source) VALUES ('2da22b98-2e30-41ac-a515-40b7e48f7d70', '[TVSFR-533]', 'feature', 'todo', '97ee8b55-56fc-47b6-9894-14cc49c52b93_s1', 'jira');
INSERT INTO delivery_positions (task_id, increment_id, start_col, end_col, row, row_span) VALUES ('2da22b98-2e30-41ac-a515-40b7e48f7d70', '97ee8b55-56fc-47b6-9894-14cc49c52b93_s1', 5, 6, 0, 1);
INSERT INTO delivery_tasks (id, title, type, status, increment_id, source) VALUES ('90863fee-e300-44e8-9f28-fc80568523b7', '[TVSFR-519]', 'feature', 'todo', '97ee8b55-56fc-47b6-9894-14cc49c52b93_s1', 'jira');
INSERT INTO delivery_positions (task_id, increment_id, start_col, end_col, row, row_span) VALUES ('90863fee-e300-44e8-9f28-fc80568523b7', '97ee8b55-56fc-47b6-9894-14cc49c52b93_s1', 0, 2, 0, 1);
INSERT INTO delivery_tasks (id, title, type, status, increment_id, source) VALUES ('34090456-0ee0-49e0-8643-ba9aba445501', '[TVSFR-429]', 'feature', 'todo', '97ee8b55-56fc-47b6-9894-14cc49c52b93_s1', 'jira');
INSERT INTO delivery_positions (task_id, increment_id, start_col, end_col, row, row_span) VALUES ('34090456-0ee0-49e0-8643-ba9aba445501', '97ee8b55-56fc-47b6-9894-14cc49c52b93_s1', 2, 3, 0, 1);
INSERT INTO delivery_tasks (id, title, type, status, increment_id, source) VALUES ('34593eb5-0d3b-445e-846b-206bf5fc961f', '[TVSFR-534]', 'feature', 'todo', '97ee8b55-56fc-47b6-9894-14cc49c52b93_s1', 'jira');
INSERT INTO delivery_positions (task_id, increment_id, start_col, end_col, row, row_span) VALUES ('34593eb5-0d3b-445e-846b-206bf5fc961f', '97ee8b55-56fc-47b6-9894-14cc49c52b93_s1', 5, 6, 1, 1);
INSERT INTO delivery_tasks (id, title, type, status, increment_id, source) VALUES ('c5f45151-fcd1-4b62-afd5-6e95f6abd709', '[TVSFR-538]', 'feature', 'todo', '97ee8b55-56fc-47b6-9894-14cc49c52b93_s1', 'jira');
INSERT INTO delivery_positions (task_id, increment_id, start_col, end_col, row, row_span) VALUES ('c5f45151-fcd1-4b62-afd5-6e95f6abd709', '97ee8b55-56fc-47b6-9894-14cc49c52b93_s1', 2, 3, 1, 1);
INSERT INTO delivery_tasks (id, title, type, status, increment_id, source) VALUES ('e4db5142-c3ad-4ba0-882c-2abf66f2cf3c', '[TVSFR-557]', 'feature', 'todo', '97ee8b55-56fc-47b6-9894-14cc49c52b93_s1', 'jira');
INSERT INTO delivery_positions (task_id, increment_id, start_col, end_col, row, row_span) VALUES ('e4db5142-c3ad-4ba0-882c-2abf66f2cf3c', '97ee8b55-56fc-47b6-9894-14cc49c52b93_s1', 4, 5, 1, 1);
INSERT INTO delivery_tasks (id, title, type, status, increment_id, source) VALUES ('7bc800c2-f02d-40b1-abbf-f79cc00e9cf7', '[TVSFR-543]', 'feature', 'todo', '97ee8b55-56fc-47b6-9894-14cc49c52b93_s1', 'jira');
INSERT INTO delivery_positions (task_id, increment_id, start_col, end_col, row, row_span) VALUES ('7bc800c2-f02d-40b1-abbf-f79cc00e9cf7', '97ee8b55-56fc-47b6-9894-14cc49c52b93_s1', 5, 6, 2, 1);
INSERT INTO delivery_tasks (id, title, type, status, increment_id, source) VALUES ('3ca13253-7db3-4c27-a0a6-6b116dfdb0c3', '[TVSFR-542]', 'feature', 'todo', '97ee8b55-56fc-47b6-9894-14cc49c52b93_s1', 'jira');
INSERT INTO delivery_positions (task_id, increment_id, start_col, end_col, row, row_span) VALUES ('3ca13253-7db3-4c27-a0a6-6b116dfdb0c3', '97ee8b55-56fc-47b6-9894-14cc49c52b93_s1', 2, 4, 2, 1);
INSERT INTO delivery_tasks (id, title, type, status, increment_id, source) VALUES ('f67cec48-a721-4a3c-992d-f923d403682c', '[TVSFR-532]', 'feature', 'todo', '97ee8b55-56fc-47b6-9894-14cc49c52b93_s1', 'jira');
INSERT INTO delivery_positions (task_id, increment_id, start_col, end_col, row, row_span) VALUES ('f67cec48-a721-4a3c-992d-f923d403682c', '97ee8b55-56fc-47b6-9894-14cc49c52b93_s1', 5, 6, 2, 1);
INSERT INTO delivery_tasks (id, title, type, status, increment_id, source) VALUES ('a7bd190e-cc6e-44f9-b07e-934115978463', '[TVSFR-554]', 'feature', 'todo', '97ee8b55-56fc-47b6-9894-14cc49c52b93_s1', 'jira');
INSERT INTO delivery_positions (task_id, increment_id, start_col, end_col, row, row_span) VALUES ('a7bd190e-cc6e-44f9-b07e-934115978463', '97ee8b55-56fc-47b6-9894-14cc49c52b93_s1', 2, 4, 3, 1);
INSERT INTO delivery_tasks (id, title, type, status, increment_id, source) VALUES ('d9730431-1fe7-4713-9f30-9b6a7ab89fec', '[TVSFR-556]', 'feature', 'todo', '97ee8b55-56fc-47b6-9894-14cc49c52b93_s1', 'jira');
INSERT INTO delivery_positions (task_id, increment_id, start_col, end_col, row, row_span) VALUES ('d9730431-1fe7-4713-9f30-9b6a7ab89fec', '97ee8b55-56fc-47b6-9894-14cc49c52b93_s1', 2, 4, 4, 1);
INSERT INTO delivery_tasks (id, title, type, status, increment_id, source) VALUES ('0156a4ba-3609-4f67-913c-b21643be8945', '[TVSFR-552]', 'feature', 'todo', '97ee8b55-56fc-47b6-9894-14cc49c52b93_s1', 'jira');
INSERT INTO delivery_positions (task_id, increment_id, start_col, end_col, row, row_span) VALUES ('0156a4ba-3609-4f67-913c-b21643be8945', '97ee8b55-56fc-47b6-9894-14cc49c52b93_s1', 2, 4, 5, 1);
INSERT INTO delivery_tasks (id, title, type, status, increment_id, source) VALUES ('7b6e0124-0ed9-447c-a754-7a1fc2530021', '[TVSFR-550]', 'feature', 'todo', '97ee8b55-56fc-47b6-9894-14cc49c52b93_s1', 'jira');
INSERT INTO delivery_positions (task_id, increment_id, start_col, end_col, row, row_span) VALUES ('7b6e0124-0ed9-447c-a754-7a1fc2530021', '97ee8b55-56fc-47b6-9894-14cc49c52b93_s1', 2, 4, 6, 1);
INSERT INTO delivery_tasks (id, title, type, status, increment_id, source) VALUES ('af3fce1e-95c5-4b98-b1e8-03cb8e2266f1', '[TVSFR-548]', 'feature', 'todo', '97ee8b55-56fc-47b6-9894-14cc49c52b93_s1', 'jira');
INSERT INTO delivery_positions (task_id, increment_id, start_col, end_col, row, row_span) VALUES ('af3fce1e-95c5-4b98-b1e8-03cb8e2266f1', '97ee8b55-56fc-47b6-9894-14cc49c52b93_s1', 2, 4, 7, 1);
INSERT INTO delivery_boards (id, user_id, name, board_type, start_date, end_date, duration_weeks) VALUES ('10aa9660-16ee-4f56-8245-5b5da6a505a9', 1, 'TVSMART - PI1', 'agile', '2026-01-19', '2026-03-01', 6);
INSERT INTO delivery_tasks (id, title, type, status, increment_id, source) VALUES ('01418a4e-5037-4a2c-9ad7-da765a1ec135', '[TVSMART-2190]', 'feature', 'todo', '10aa9660-16ee-4f56-8245-5b5da6a505a9_s1', 'jira');
INSERT INTO delivery_positions (task_id, increment_id, start_col, end_col, row, row_span) VALUES ('01418a4e-5037-4a2c-9ad7-da765a1ec135', '10aa9660-16ee-4f56-8245-5b5da6a505a9_s1', 2, 4, 0, 1);
INSERT INTO delivery_tasks (id, title, type, status, increment_id, source) VALUES ('df8e2425-6507-41c4-9477-3d8702437fbd', '[TVSMART-1931]', 'feature', 'todo', '10aa9660-16ee-4f56-8245-5b5da6a505a9_s1', 'jira');
INSERT INTO delivery_positions (task_id, increment_id, start_col, end_col, row, row_span) VALUES ('df8e2425-6507-41c4-9477-3d8702437fbd', '10aa9660-16ee-4f56-8245-5b5da6a505a9_s1', 1, 2, 0, 1);
INSERT INTO delivery_tasks (id, title, type, status, increment_id, source) VALUES ('a7f168c0-ca28-4145-b5df-95ac46aa373b', '[TVSMART-2062]', 'feature', 'todo', '10aa9660-16ee-4f56-8245-5b5da6a505a9_s1', 'jira');
INSERT INTO delivery_positions (task_id, increment_id, start_col, end_col, row, row_span) VALUES ('a7f168c0-ca28-4145-b5df-95ac46aa373b', '10aa9660-16ee-4f56-8245-5b5da6a505a9_s1', 0, 1, 0, 1);
INSERT INTO delivery_tasks (id, title, type, status, increment_id, source) VALUES ('b47c1722-7d38-493a-855c-281665b4bfb6', '[TVSMART-2197]', 'feature', 'todo', '10aa9660-16ee-4f56-8245-5b5da6a505a9_s1', 'jira');
INSERT INTO delivery_positions (task_id, increment_id, start_col, end_col, row, row_span) VALUES ('b47c1722-7d38-493a-855c-281665b4bfb6', '10aa9660-16ee-4f56-8245-5b5da6a505a9_s1', 4, 5, 0, 1);
INSERT INTO delivery_tasks (id, title, type, status, increment_id, source) VALUES ('7225cb67-2b0e-4c02-a93f-2d58165bd85b', '[TVSMART-2019]', 'feature', 'todo', '10aa9660-16ee-4f56-8245-5b5da6a505a9_s1', 'jira');
INSERT INTO delivery_positions (task_id, increment_id, start_col, end_col, row, row_span) VALUES ('7225cb67-2b0e-4c02-a93f-2d58165bd85b', '10aa9660-16ee-4f56-8245-5b5da6a505a9_s1', 2, 4, 0, 1);
INSERT INTO delivery_tasks (id, title, type, status, increment_id, source) VALUES ('8ac023b6-a187-4ff3-bbad-8b8fd3d7d745', '[TVSMART-1972]', 'feature', 'todo', '10aa9660-16ee-4f56-8245-5b5da6a505a9_s1', 'jira');
INSERT INTO delivery_positions (task_id, increment_id, start_col, end_col, row, row_span) VALUES ('8ac023b6-a187-4ff3-bbad-8b8fd3d7d745', '10aa9660-16ee-4f56-8245-5b5da6a505a9_s1', 0, 1, 0, 1);
INSERT INTO delivery_tasks (id, title, type, status, increment_id, source) VALUES ('353ea1e9-2181-44fd-8b45-7ed83b2a1b82', '[TVSMART-2193]', 'feature', 'todo', '10aa9660-16ee-4f56-8245-5b5da6a505a9_s1', 'jira');
INSERT INTO delivery_positions (task_id, increment_id, start_col, end_col, row, row_span) VALUES ('353ea1e9-2181-44fd-8b45-7ed83b2a1b82', '10aa9660-16ee-4f56-8245-5b5da6a505a9_s1', 5, 6, 0, 1);
INSERT INTO delivery_tasks (id, title, type, status, increment_id, source) VALUES ('f83df27f-8f7b-4247-ab70-2bbcd1a0f230', '[TVSMART-2192]', 'feature', 'todo', '10aa9660-16ee-4f56-8245-5b5da6a505a9_s1', 'jira');
INSERT INTO delivery_positions (task_id, increment_id, start_col, end_col, row, row_span) VALUES ('f83df27f-8f7b-4247-ab70-2bbcd1a0f230', '10aa9660-16ee-4f56-8245-5b5da6a505a9_s1', 4, 5, 0, 1);
INSERT INTO delivery_tasks (id, title, type, status, increment_id, source) VALUES ('3f33307b-fd48-4c62-8fa8-b7cc052bdc4d', '[TVSMART-2191]', 'feature', 'todo', '10aa9660-16ee-4f56-8245-5b5da6a505a9_s1', 'jira');
INSERT INTO delivery_positions (task_id, increment_id, start_col, end_col, row, row_span) VALUES ('3f33307b-fd48-4c62-8fa8-b7cc052bdc4d', '10aa9660-16ee-4f56-8245-5b5da6a505a9_s1', 5, 6, 1, 1);
INSERT INTO delivery_tasks (id, title, type, status, increment_id, source) VALUES ('c64cb540-c759-4031-9f39-c9c8bbe3a3ab', '[TVSMART-2142]', 'feature', 'todo', '10aa9660-16ee-4f56-8245-5b5da6a505a9_s1', 'jira');
INSERT INTO delivery_positions (task_id, increment_id, start_col, end_col, row, row_span) VALUES ('c64cb540-c759-4031-9f39-c9c8bbe3a3ab', '10aa9660-16ee-4f56-8245-5b5da6a505a9_s1', 4, 6, 1, 1);
INSERT INTO delivery_tasks (id, title, type, status, increment_id, source) VALUES ('f9e78f69-2ba8-4b60-8322-49e3a8029f3b', '[TVSMART-2222]', 'feature', 'todo', '10aa9660-16ee-4f56-8245-5b5da6a505a9_s1', 'jira');
INSERT INTO delivery_positions (task_id, increment_id, start_col, end_col, row, row_span) VALUES ('f9e78f69-2ba8-4b60-8322-49e3a8029f3b', '10aa9660-16ee-4f56-8245-5b5da6a505a9_s1', 4, 6, 1, 1);
INSERT INTO delivery_tasks (id, title, type, status, increment_id, source) VALUES ('4eace61a-2fd2-4aa9-b86f-d6b110471017', '[TVSMART-2012]', 'feature', 'todo', '10aa9660-16ee-4f56-8245-5b5da6a505a9_s1', 'jira');
INSERT INTO delivery_positions (task_id, increment_id, start_col, end_col, row, row_span) VALUES ('4eace61a-2fd2-4aa9-b86f-d6b110471017', '10aa9660-16ee-4f56-8245-5b5da6a505a9_s1', 0, 1, 1, 1);
INSERT INTO delivery_tasks (id, title, type, status, increment_id, source) VALUES ('ca32d293-577a-4c99-bded-56aac8d7224d', '[TVSMART-2149]', 'feature', 'todo', '10aa9660-16ee-4f56-8245-5b5da6a505a9_s1', 'jira');
INSERT INTO delivery_positions (task_id, increment_id, start_col, end_col, row, row_span) VALUES ('ca32d293-577a-4c99-bded-56aac8d7224d', '10aa9660-16ee-4f56-8245-5b5da6a505a9_s1', 3, 4, 1, 1);
INSERT INTO delivery_tasks (id, title, type, status, increment_id, source) VALUES ('c5f2ed01-cb52-43ad-9453-1eff990cc39d', '[TVSMART-2055]', 'feature', 'todo', '10aa9660-16ee-4f56-8245-5b5da6a505a9_s1', 'jira');
INSERT INTO delivery_positions (task_id, increment_id, start_col, end_col, row, row_span) VALUES ('c5f2ed01-cb52-43ad-9453-1eff990cc39d', '10aa9660-16ee-4f56-8245-5b5da6a505a9_s1', 1, 2, 2, 1);
INSERT INTO delivery_tasks (id, title, type, status, increment_id, source) VALUES ('daa039bb-af98-4c26-b7ea-659dd324076f', '[TVSMART-2084]', 'feature', 'todo', '10aa9660-16ee-4f56-8245-5b5da6a505a9_s1', 'jira');
INSERT INTO delivery_positions (task_id, increment_id, start_col, end_col, row, row_span) VALUES ('daa039bb-af98-4c26-b7ea-659dd324076f', '10aa9660-16ee-4f56-8245-5b5da6a505a9_s1', 5, 6, 2, 1);
INSERT INTO delivery_tasks (id, title, type, status, increment_id, source) VALUES ('d08a88de-c9a3-4f32-8ced-b070e580ce06', '[TVSMART-2089]', 'feature', 'todo', '10aa9660-16ee-4f56-8245-5b5da6a505a9_s1', 'jira');
INSERT INTO delivery_positions (task_id, increment_id, start_col, end_col, row, row_span) VALUES ('d08a88de-c9a3-4f32-8ced-b070e580ce06', '10aa9660-16ee-4f56-8245-5b5da6a505a9_s1', 5, 6, 2, 1);
INSERT INTO delivery_tasks (id, title, type, status, increment_id, source) VALUES ('304daca6-6e5e-42cd-829e-9f17d397b4f2', '[TVSMART-2181]', 'feature', 'todo', '10aa9660-16ee-4f56-8245-5b5da6a505a9_s1', 'jira');
INSERT INTO delivery_positions (task_id, increment_id, start_col, end_col, row, row_span) VALUES ('304daca6-6e5e-42cd-829e-9f17d397b4f2', '10aa9660-16ee-4f56-8245-5b5da6a505a9_s1', 4, 6, 2, 1);
INSERT INTO delivery_tasks (id, title, type, status, increment_id, source) VALUES ('3d23959d-1c77-41e4-bad5-44ada7265ffb', '[TVSMART-2216]', 'feature', 'todo', '10aa9660-16ee-4f56-8245-5b5da6a505a9_s1', 'jira');
INSERT INTO delivery_positions (task_id, increment_id, start_col, end_col, row, row_span) VALUES ('3d23959d-1c77-41e4-bad5-44ada7265ffb', '10aa9660-16ee-4f56-8245-5b5da6a505a9_s1', 4, 6, 2, 1);
INSERT INTO delivery_tasks (id, title, type, status, increment_id, source) VALUES ('38f7479f-d19b-422b-b5cf-d579cf6abf6a', '[TVSMART-2074]', 'feature', 'todo', '10aa9660-16ee-4f56-8245-5b5da6a505a9_s1', 'jira');
INSERT INTO delivery_positions (task_id, increment_id, start_col, end_col, row, row_span) VALUES ('38f7479f-d19b-422b-b5cf-d579cf6abf6a', '10aa9660-16ee-4f56-8245-5b5da6a505a9_s1', 1, 2, 2, 1);
INSERT INTO delivery_tasks (id, title, type, status, increment_id, source) VALUES ('7852aa09-35d8-4062-a5c2-f95936a141fd', '[TVSMART-1932]', 'feature', 'todo', '10aa9660-16ee-4f56-8245-5b5da6a505a9_s1', 'jira');
INSERT INTO delivery_positions (task_id, increment_id, start_col, end_col, row, row_span) VALUES ('7852aa09-35d8-4062-a5c2-f95936a141fd', '10aa9660-16ee-4f56-8245-5b5da6a505a9_s1', 2, 4, 2, 1);
INSERT INTO delivery_tasks (id, title, type, status, increment_id, source) VALUES ('00253609-e207-4976-8819-16f9c296353b', '[TVSMART-1930]', 'feature', 'todo', '10aa9660-16ee-4f56-8245-5b5da6a505a9_s1', 'jira');
INSERT INTO delivery_positions (task_id, increment_id, start_col, end_col, row, row_span) VALUES ('00253609-e207-4976-8819-16f9c296353b', '10aa9660-16ee-4f56-8245-5b5da6a505a9_s1', 5, 6, 3, 1);
INSERT INTO delivery_tasks (id, title, type, status, increment_id, source) VALUES ('9745573f-cd27-4af1-bce2-4b148f80713b', '[TVSMART-2185]', 'feature', 'todo', '10aa9660-16ee-4f56-8245-5b5da6a505a9_s1', 'jira');
INSERT INTO delivery_positions (task_id, increment_id, start_col, end_col, row, row_span) VALUES ('9745573f-cd27-4af1-bce2-4b148f80713b', '10aa9660-16ee-4f56-8245-5b5da6a505a9_s1', 4, 5, 3, 1);
INSERT INTO delivery_tasks (id, title, type, status, increment_id, source) VALUES ('d656dadd-c95b-4445-97e1-4151c77cd38c', '[TVSMART-1978]', 'feature', 'todo', '10aa9660-16ee-4f56-8245-5b5da6a505a9_s1', 'jira');
INSERT INTO delivery_positions (task_id, increment_id, start_col, end_col, row, row_span) VALUES ('d656dadd-c95b-4445-97e1-4151c77cd38c', '10aa9660-16ee-4f56-8245-5b5da6a505a9_s1', 0, 2, 3, 1);
INSERT INTO delivery_tasks (id, title, type, status, increment_id, source) VALUES ('b6c8141e-9d66-437c-9a2d-e475325004dd', '[TVSMART-2213]', 'feature', 'todo', '10aa9660-16ee-4f56-8245-5b5da6a505a9_s1', 'jira');
INSERT INTO delivery_positions (task_id, increment_id, start_col, end_col, row, row_span) VALUES ('b6c8141e-9d66-437c-9a2d-e475325004dd', '10aa9660-16ee-4f56-8245-5b5da6a505a9_s1', 4, 6, 3, 1);
INSERT INTO delivery_tasks (id, title, type, status, increment_id, source) VALUES ('8fd9887b-2a5a-47df-86ba-3e299e7f64cb', '[TVSMART-2184]', 'feature', 'todo', '10aa9660-16ee-4f56-8245-5b5da6a505a9_s1', 'jira');
INSERT INTO delivery_positions (task_id, increment_id, start_col, end_col, row, row_span) VALUES ('8fd9887b-2a5a-47df-86ba-3e299e7f64cb', '10aa9660-16ee-4f56-8245-5b5da6a505a9_s1', 4, 6, 3, 1);
INSERT INTO delivery_tasks (id, title, type, status, increment_id, source) VALUES ('9d20d1b4-ef8f-4153-aaa9-2ef0e418aecd', '[TVSMART-2063]', 'feature', 'todo', '10aa9660-16ee-4f56-8245-5b5da6a505a9_s1', 'jira');
INSERT INTO delivery_positions (task_id, increment_id, start_col, end_col, row, row_span) VALUES ('9d20d1b4-ef8f-4153-aaa9-2ef0e418aecd', '10aa9660-16ee-4f56-8245-5b5da6a505a9_s1', 5, 6, 4, 1);
INSERT INTO delivery_tasks (id, title, type, status, increment_id, source) VALUES ('63b81c7e-c4c8-4cf5-8c2c-c1907537ea0c', '[TVSMART-2080]', 'feature', 'todo', '10aa9660-16ee-4f56-8245-5b5da6a505a9_s1', 'jira');
INSERT INTO delivery_positions (task_id, increment_id, start_col, end_col, row, row_span) VALUES ('63b81c7e-c4c8-4cf5-8c2c-c1907537ea0c', '10aa9660-16ee-4f56-8245-5b5da6a505a9_s1', 0, 1, 4, 1);
INSERT INTO delivery_tasks (id, title, type, status, increment_id, source) VALUES ('dc1f6e9b-73ee-4b01-aed2-adc4081e0b94', '[TVSMART-1929]', 'feature', 'todo', '10aa9660-16ee-4f56-8245-5b5da6a505a9_s1', 'jira');
INSERT INTO delivery_positions (task_id, increment_id, start_col, end_col, row, row_span) VALUES ('dc1f6e9b-73ee-4b01-aed2-adc4081e0b94', '10aa9660-16ee-4f56-8245-5b5da6a505a9_s1', 4, 6, 4, 1);
INSERT INTO delivery_tasks (id, title, type, status, increment_id, source) VALUES ('eee3418a-48b8-4d94-9a73-119fe281128e', '[TVSMART-1928]', 'feature', 'todo', '10aa9660-16ee-4f56-8245-5b5da6a505a9_s1', 'jira');
INSERT INTO delivery_positions (task_id, increment_id, start_col, end_col, row, row_span) VALUES ('eee3418a-48b8-4d94-9a73-119fe281128e', '10aa9660-16ee-4f56-8245-5b5da6a505a9_s1', 0, 1, 4, 1);
INSERT INTO delivery_tasks (id, title, type, status, increment_id, source) VALUES ('a8b0137e-d362-41f2-b6d6-d95044e6ed85', '[TVSMART-2079]', 'feature', 'todo', '10aa9660-16ee-4f56-8245-5b5da6a505a9_s1', 'jira');
INSERT INTO delivery_positions (task_id, increment_id, start_col, end_col, row, row_span) VALUES ('a8b0137e-d362-41f2-b6d6-d95044e6ed85', '10aa9660-16ee-4f56-8245-5b5da6a505a9_s1', 0, 1, 5, 1);
INSERT INTO delivery_tasks (id, title, type, status, increment_id, source) VALUES ('52e4f4e2-383b-4351-8458-3b4c79f9e53b', '[TVSMART-2226]', 'feature', 'todo', '10aa9660-16ee-4f56-8245-5b5da6a505a9_s1', 'jira');
INSERT INTO delivery_positions (task_id, increment_id, start_col, end_col, row, row_span) VALUES ('52e4f4e2-383b-4351-8458-3b4c79f9e53b', '10aa9660-16ee-4f56-8245-5b5da6a505a9_s1', 4, 6, 5, 1);
INSERT INTO delivery_tasks (id, title, type, status, increment_id, source) VALUES ('f743e847-d3c6-4ea6-82ff-61b4cc6bab69', '[TVSMART-2087]', 'feature', 'todo', '10aa9660-16ee-4f56-8245-5b5da6a505a9_s1', 'jira');
INSERT INTO delivery_positions (task_id, increment_id, start_col, end_col, row, row_span) VALUES ('f743e847-d3c6-4ea6-82ff-61b4cc6bab69', '10aa9660-16ee-4f56-8245-5b5da6a505a9_s1', 4, 6, 7, 1);
INSERT INTO delivery_tasks (id, title, type, status, increment_id, source) VALUES ('e8c9234d-9dba-47f1-9e4a-a862458d47cf', '[TVSMART-2241]', 'feature', 'todo', '10aa9660-16ee-4f56-8245-5b5da6a505a9_s1', 'jira');
INSERT INTO delivery_positions (task_id, increment_id, start_col, end_col, row, row_span) VALUES ('e8c9234d-9dba-47f1-9e4a-a862458d47cf', '10aa9660-16ee-4f56-8245-5b5da6a505a9_s1', 4, 6, 7, 1);
INSERT INTO delivery_boards (id, user_id, name, board_type, start_date, end_date, duration_weeks) VALUES ('043b1907-c781-4c82-a022-66e312101f47', 1, 'TVSMART - PI2', 'agile', '2026-03-02', '2026-04-12', 6);
INSERT INTO delivery_tasks (id, title, type, status, increment_id, source) VALUES ('c863054f-bddf-493b-ab5a-e61d510a2bca', '[TVSMART-2234]', 'feature', 'todo', '043b1907-c781-4c82-a022-66e312101f47_s1', 'jira');
INSERT INTO delivery_positions (task_id, increment_id, start_col, end_col, row, row_span) VALUES ('c863054f-bddf-493b-ab5a-e61d510a2bca', '043b1907-c781-4c82-a022-66e312101f47_s1', 4, 5, 0, 1);
INSERT INTO delivery_tasks (id, title, type, status, increment_id, source) VALUES ('98eb1dc9-76a8-4949-b69d-05fa6fe79488', '[TVSMART-2062]', 'feature', 'todo', '043b1907-c781-4c82-a022-66e312101f47_s1', 'jira');
INSERT INTO delivery_positions (task_id, increment_id, start_col, end_col, row, row_span) VALUES ('98eb1dc9-76a8-4949-b69d-05fa6fe79488', '043b1907-c781-4c82-a022-66e312101f47_s1', 2, 4, 0, 1);
INSERT INTO delivery_tasks (id, title, type, status, increment_id, source) VALUES ('6039958d-a0ad-465c-a0ee-5083a9897e5f', '[TVSMART-2089]', 'feature', 'todo', '043b1907-c781-4c82-a022-66e312101f47_s1', 'jira');
INSERT INTO delivery_positions (task_id, increment_id, start_col, end_col, row, row_span) VALUES ('6039958d-a0ad-465c-a0ee-5083a9897e5f', '043b1907-c781-4c82-a022-66e312101f47_s1', 5, 6, 0, 1);
INSERT INTO delivery_tasks (id, title, type, status, increment_id, source) VALUES ('fc1252bc-ba47-4420-a746-bc3c64b1bff9', '[TVSMART-1931]', 'feature', 'todo', '043b1907-c781-4c82-a022-66e312101f47_s1', 'jira');
INSERT INTO delivery_positions (task_id, increment_id, start_col, end_col, row, row_span) VALUES ('fc1252bc-ba47-4420-a746-bc3c64b1bff9', '043b1907-c781-4c82-a022-66e312101f47_s1', 0, 1, 0, 1);
INSERT INTO delivery_tasks (id, title, type, status, increment_id, source) VALUES ('8263c914-8256-4cda-823d-dbd25abf8172', '[TVSMART-2260]', 'feature', 'todo', '043b1907-c781-4c82-a022-66e312101f47_s1', 'jira');
INSERT INTO delivery_positions (task_id, increment_id, start_col, end_col, row, row_span) VALUES ('8263c914-8256-4cda-823d-dbd25abf8172', '043b1907-c781-4c82-a022-66e312101f47_s1', 5, 6, 0, 1);
INSERT INTO delivery_tasks (id, title, type, status, increment_id, source) VALUES ('7856e72c-491d-4a2c-9fef-435547596b71', '[TVSMART-2185]', 'feature', 'todo', '043b1907-c781-4c82-a022-66e312101f47_s1', 'jira');
INSERT INTO delivery_positions (task_id, increment_id, start_col, end_col, row, row_span) VALUES ('7856e72c-491d-4a2c-9fef-435547596b71', '043b1907-c781-4c82-a022-66e312101f47_s1', 2, 3, 0, 1);
INSERT INTO delivery_tasks (id, title, type, status, increment_id, source) VALUES ('55eb4d35-336e-4da3-aa17-366cd4ff599c', '[TVSMART-2142]', 'feature', 'todo', '043b1907-c781-4c82-a022-66e312101f47_s1', 'jira');
INSERT INTO delivery_positions (task_id, increment_id, start_col, end_col, row, row_span) VALUES ('55eb4d35-336e-4da3-aa17-366cd4ff599c', '043b1907-c781-4c82-a022-66e312101f47_s1', 3, 4, 0, 1);
INSERT INTO delivery_tasks (id, title, type, status, increment_id, source) VALUES ('71ae4bf1-1cca-45f2-9b72-63d2738feea2', '[TVSMART-2191]', 'feature', 'todo', '043b1907-c781-4c82-a022-66e312101f47_s1', 'jira');
INSERT INTO delivery_positions (task_id, increment_id, start_col, end_col, row, row_span) VALUES ('71ae4bf1-1cca-45f2-9b72-63d2738feea2', '043b1907-c781-4c82-a022-66e312101f47_s1', 2, 3, 0, 1);
INSERT INTO delivery_tasks (id, title, type, status, increment_id, source) VALUES ('7ea4197f-c595-4434-a27d-b40fc41eabae', '[TVSMART-2184]', 'feature', 'todo', '043b1907-c781-4c82-a022-66e312101f47_s1', 'jira');
INSERT INTO delivery_positions (task_id, increment_id, start_col, end_col, row, row_span) VALUES ('7ea4197f-c595-4434-a27d-b40fc41eabae', '043b1907-c781-4c82-a022-66e312101f47_s1', 1, 2, 0, 1);
INSERT INTO delivery_tasks (id, title, type, status, increment_id, source) VALUES ('3f14263b-e8f1-4067-a05f-13c333b8a7b5', '[TVSMART-2222]', 'feature', 'todo', '043b1907-c781-4c82-a022-66e312101f47_s1', 'jira');
INSERT INTO delivery_positions (task_id, increment_id, start_col, end_col, row, row_span) VALUES ('3f14263b-e8f1-4067-a05f-13c333b8a7b5', '043b1907-c781-4c82-a022-66e312101f47_s1', 0, 1, 0, 1);
INSERT INTO delivery_tasks (id, title, type, status, increment_id, source) VALUES ('7bfa6ce4-8274-4dcb-8432-3b237f1892ce', '[TVSMART-2276]', 'feature', 'todo', '043b1907-c781-4c82-a022-66e312101f47_s1', 'jira');
INSERT INTO delivery_positions (task_id, increment_id, start_col, end_col, row, row_span) VALUES ('7bfa6ce4-8274-4dcb-8432-3b237f1892ce', '043b1907-c781-4c82-a022-66e312101f47_s1', 5, 6, 0, 1);
INSERT INTO delivery_tasks (id, title, type, status, increment_id, source) VALUES ('f6b936e2-14b1-4cf4-be5e-176ccafd0d30', '[TVSMART-2258]', 'feature', 'todo', '043b1907-c781-4c82-a022-66e312101f47_s1', 'jira');
INSERT INTO delivery_positions (task_id, increment_id, start_col, end_col, row, row_span) VALUES ('f6b936e2-14b1-4cf4-be5e-176ccafd0d30', '043b1907-c781-4c82-a022-66e312101f47_s1', 5, 6, 1, 1);
INSERT INTO delivery_tasks (id, title, type, status, increment_id, source) VALUES ('d234c2c0-e9af-46d3-80bd-5c8d90c6151c', '[TVSMART-2246]', 'feature', 'todo', '043b1907-c781-4c82-a022-66e312101f47_s1', 'jira');
INSERT INTO delivery_positions (task_id, increment_id, start_col, end_col, row, row_span) VALUES ('d234c2c0-e9af-46d3-80bd-5c8d90c6151c', '043b1907-c781-4c82-a022-66e312101f47_s1', 5, 6, 1, 1);
INSERT INTO delivery_tasks (id, title, type, status, increment_id, source) VALUES ('3dd5632c-17bd-483b-a95d-d7aaab96d793', '[TVSMART-2229]', 'feature', 'todo', '043b1907-c781-4c82-a022-66e312101f47_s1', 'jira');
INSERT INTO delivery_positions (task_id, increment_id, start_col, end_col, row, row_span) VALUES ('3dd5632c-17bd-483b-a95d-d7aaab96d793', '043b1907-c781-4c82-a022-66e312101f47_s1', 0, 1, 1, 1);
INSERT INTO delivery_tasks (id, title, type, status, increment_id, source) VALUES ('a0add547-e4d0-480e-8978-064354c711f0', '[TVSMART-1927]', 'feature', 'todo', '043b1907-c781-4c82-a022-66e312101f47_s1', 'jira');
INSERT INTO delivery_positions (task_id, increment_id, start_col, end_col, row, row_span) VALUES ('a0add547-e4d0-480e-8978-064354c711f0', '043b1907-c781-4c82-a022-66e312101f47_s1', 2, 4, 1, 1);
INSERT INTO delivery_tasks (id, title, type, status, increment_id, source) VALUES ('e9878a7e-3393-460f-a790-c94dad769e70', '[TVSMART-2275]', 'feature', 'todo', '043b1907-c781-4c82-a022-66e312101f47_s1', 'jira');
INSERT INTO delivery_positions (task_id, increment_id, start_col, end_col, row, row_span) VALUES ('e9878a7e-3393-460f-a790-c94dad769e70', '043b1907-c781-4c82-a022-66e312101f47_s1', 4, 5, 1, 1);
INSERT INTO delivery_tasks (id, title, type, status, increment_id, source) VALUES ('fea971a9-629b-4dfc-807e-44510064fc16', '[TVSMART-2063]', 'feature', 'todo', '043b1907-c781-4c82-a022-66e312101f47_s1', 'jira');
INSERT INTO delivery_positions (task_id, increment_id, start_col, end_col, row, row_span) VALUES ('fea971a9-629b-4dfc-807e-44510064fc16', '043b1907-c781-4c82-a022-66e312101f47_s1', 4, 5, 1, 1);
INSERT INTO delivery_tasks (id, title, type, status, increment_id, source) VALUES ('d2880bbf-7fd6-4e40-8bef-b9e9817f153b', '[TVSMART-2218]', 'feature', 'todo', '043b1907-c781-4c82-a022-66e312101f47_s1', 'jira');
INSERT INTO delivery_positions (task_id, increment_id, start_col, end_col, row, row_span) VALUES ('d2880bbf-7fd6-4e40-8bef-b9e9817f153b', '043b1907-c781-4c82-a022-66e312101f47_s1', 5, 6, 1, 1);
INSERT INTO delivery_tasks (id, title, type, status, increment_id, source) VALUES ('b9955564-fc8e-43a7-a999-7842211df07a', '[TVSMART-2273]', 'feature', 'todo', '043b1907-c781-4c82-a022-66e312101f47_s1', 'jira');
INSERT INTO delivery_positions (task_id, increment_id, start_col, end_col, row, row_span) VALUES ('b9955564-fc8e-43a7-a999-7842211df07a', '043b1907-c781-4c82-a022-66e312101f47_s1', 5, 6, 1, 1);
INSERT INTO delivery_tasks (id, title, type, status, increment_id, source) VALUES ('e050ad23-4f71-44b3-95b5-27513a051a55', '[TVSMART-2216]', 'feature', 'todo', '043b1907-c781-4c82-a022-66e312101f47_s1', 'jira');
INSERT INTO delivery_positions (task_id, increment_id, start_col, end_col, row, row_span) VALUES ('e050ad23-4f71-44b3-95b5-27513a051a55', '043b1907-c781-4c82-a022-66e312101f47_s1', 2, 3, 1, 1);
INSERT INTO delivery_tasks (id, title, type, status, increment_id, source) VALUES ('9f082f60-e763-4c63-b2a1-5b7a669e0af5', '[TVSMART-2230]', 'feature', 'todo', '043b1907-c781-4c82-a022-66e312101f47_s1', 'jira');
INSERT INTO delivery_positions (task_id, increment_id, start_col, end_col, row, row_span) VALUES ('9f082f60-e763-4c63-b2a1-5b7a669e0af5', '043b1907-c781-4c82-a022-66e312101f47_s1', 0, 1, 1, 1);
INSERT INTO delivery_tasks (id, title, type, status, increment_id, source) VALUES ('364bc0e9-f41b-495f-b774-fb02fc2e41f5', '[TVSMART-2259]', 'feature', 'todo', '043b1907-c781-4c82-a022-66e312101f47_s1', 'jira');
INSERT INTO delivery_positions (task_id, increment_id, start_col, end_col, row, row_span) VALUES ('364bc0e9-f41b-495f-b774-fb02fc2e41f5', '043b1907-c781-4c82-a022-66e312101f47_s1', 4, 5, 1, 1);
INSERT INTO delivery_tasks (id, title, type, status, increment_id, source) VALUES ('b4c75a22-b540-4a1d-99ca-11b12baa4e0e', '[TVSMART-2197]', 'feature', 'todo', '043b1907-c781-4c82-a022-66e312101f47_s1', 'jira');
INSERT INTO delivery_positions (task_id, increment_id, start_col, end_col, row, row_span) VALUES ('b4c75a22-b540-4a1d-99ca-11b12baa4e0e', '043b1907-c781-4c82-a022-66e312101f47_s1', 4, 5, 2, 1);
INSERT INTO delivery_tasks (id, title, type, status, increment_id, source) VALUES ('580cda4b-74bb-4660-a062-3f0ab6b2b4ea', '[TVSMART-2055]', 'feature', 'todo', '043b1907-c781-4c82-a022-66e312101f47_s1', 'jira');
INSERT INTO delivery_positions (task_id, increment_id, start_col, end_col, row, row_span) VALUES ('580cda4b-74bb-4660-a062-3f0ab6b2b4ea', '043b1907-c781-4c82-a022-66e312101f47_s1', 1, 2, 2, 1);
INSERT INTO delivery_tasks (id, title, type, status, increment_id, source) VALUES ('574a7c4c-6f02-4e41-8f58-65c0ef038faa', '[TVSMART-2292]', 'feature', 'todo', '043b1907-c781-4c82-a022-66e312101f47_s1', 'jira');
INSERT INTO delivery_positions (task_id, increment_id, start_col, end_col, row, row_span) VALUES ('574a7c4c-6f02-4e41-8f58-65c0ef038faa', '043b1907-c781-4c82-a022-66e312101f47_s1', 5, 6, 2, 1);
INSERT INTO delivery_tasks (id, title, type, status, increment_id, source) VALUES ('d07d2dbf-ad96-470c-a470-5fd38f900077', '[TVSMART-2271]', 'feature', 'todo', '043b1907-c781-4c82-a022-66e312101f47_s1', 'jira');
INSERT INTO delivery_positions (task_id, increment_id, start_col, end_col, row, row_span) VALUES ('d07d2dbf-ad96-470c-a470-5fd38f900077', '043b1907-c781-4c82-a022-66e312101f47_s1', 5, 6, 2, 1);
INSERT INTO delivery_tasks (id, title, type, status, increment_id, source) VALUES ('a694ba3e-3821-467b-9876-3fcf43b21e45', '[TVSMART-2221]', 'feature', 'todo', '043b1907-c781-4c82-a022-66e312101f47_s1', 'jira');
INSERT INTO delivery_positions (task_id, increment_id, start_col, end_col, row, row_span) VALUES ('a694ba3e-3821-467b-9876-3fcf43b21e45', '043b1907-c781-4c82-a022-66e312101f47_s1', 0, 1, 2, 1);
INSERT INTO delivery_tasks (id, title, type, status, increment_id, source) VALUES ('fa97a234-0710-4fa4-9e6b-46512ef5bf40', '[TVSMART-2192]', 'feature', 'todo', '043b1907-c781-4c82-a022-66e312101f47_s1', 'jira');
INSERT INTO delivery_positions (task_id, increment_id, start_col, end_col, row, row_span) VALUES ('fa97a234-0710-4fa4-9e6b-46512ef5bf40', '043b1907-c781-4c82-a022-66e312101f47_s1', 1, 2, 2, 1);
INSERT INTO delivery_tasks (id, title, type, status, increment_id, source) VALUES ('1cf9b5b3-0b89-413f-afa0-fe330e043f0e', '[TVSMART-2266]', 'feature', 'todo', '043b1907-c781-4c82-a022-66e312101f47_s1', 'jira');
INSERT INTO delivery_positions (task_id, increment_id, start_col, end_col, row, row_span) VALUES ('1cf9b5b3-0b89-413f-afa0-fe330e043f0e', '043b1907-c781-4c82-a022-66e312101f47_s1', 4, 5, 2, 1);
INSERT INTO delivery_tasks (id, title, type, status, increment_id, source) VALUES ('b677a38a-be15-4174-a02d-54708d0fbca4', '[TVSMART-2087]', 'feature', 'todo', '043b1907-c781-4c82-a022-66e312101f47_s1', 'jira');
INSERT INTO delivery_positions (task_id, increment_id, start_col, end_col, row, row_span) VALUES ('b677a38a-be15-4174-a02d-54708d0fbca4', '043b1907-c781-4c82-a022-66e312101f47_s1', 4, 5, 2, 1);
INSERT INTO delivery_tasks (id, title, type, status, increment_id, source) VALUES ('235cb64a-1084-4ff7-a861-0a122fd8a8cd', '[TVSMART-2193]', 'feature', 'todo', '043b1907-c781-4c82-a022-66e312101f47_s1', 'jira');
INSERT INTO delivery_positions (task_id, increment_id, start_col, end_col, row, row_span) VALUES ('235cb64a-1084-4ff7-a861-0a122fd8a8cd', '043b1907-c781-4c82-a022-66e312101f47_s1', 2, 3, 2, 1);
INSERT INTO delivery_tasks (id, title, type, status, increment_id, source) VALUES ('4af99b48-40c8-400f-a117-ec989821e3f5', '[TVSMART-2274]', 'feature', 'todo', '043b1907-c781-4c82-a022-66e312101f47_s1', 'jira');
INSERT INTO delivery_positions (task_id, increment_id, start_col, end_col, row, row_span) VALUES ('4af99b48-40c8-400f-a117-ec989821e3f5', '043b1907-c781-4c82-a022-66e312101f47_s1', 4, 5, 2, 1);
INSERT INTO delivery_tasks (id, title, type, status, increment_id, source) VALUES ('6c6a5f70-aa87-4188-9c25-6afb388b0ae0', '[TVSMART-2235]', 'feature', 'todo', '043b1907-c781-4c82-a022-66e312101f47_s1', 'jira');
INSERT INTO delivery_positions (task_id, increment_id, start_col, end_col, row, row_span) VALUES ('6c6a5f70-aa87-4188-9c25-6afb388b0ae0', '043b1907-c781-4c82-a022-66e312101f47_s1', 2, 3, 3, 1);
INSERT INTO delivery_tasks (id, title, type, status, increment_id, source) VALUES ('65ae6d17-bf3f-4aee-9919-7c9265f4f3d2', '[TVSMART-2241]', 'feature', 'todo', '043b1907-c781-4c82-a022-66e312101f47_s1', 'jira');
INSERT INTO delivery_positions (task_id, increment_id, start_col, end_col, row, row_span) VALUES ('65ae6d17-bf3f-4aee-9919-7c9265f4f3d2', '043b1907-c781-4c82-a022-66e312101f47_s1', 4, 5, 3, 1);
INSERT INTO delivery_tasks (id, title, type, status, increment_id, source) VALUES ('fea7026f-7eb4-4181-9cff-f171a82a145d', '[TVSMART-2079]', 'feature', 'todo', '043b1907-c781-4c82-a022-66e312101f47_s1', 'jira');
INSERT INTO delivery_positions (task_id, increment_id, start_col, end_col, row, row_span) VALUES ('fea7026f-7eb4-4181-9cff-f171a82a145d', '043b1907-c781-4c82-a022-66e312101f47_s1', 0, 1, 3, 1);
INSERT INTO delivery_tasks (id, title, type, status, increment_id, source) VALUES ('cd966561-6f59-42cc-9b4f-c8f6aa31bd7b', '[TVSMART-2269]', 'feature', 'todo', '043b1907-c781-4c82-a022-66e312101f47_s1', 'jira');
INSERT INTO delivery_positions (task_id, increment_id, start_col, end_col, row, row_span) VALUES ('cd966561-6f59-42cc-9b4f-c8f6aa31bd7b', '043b1907-c781-4c82-a022-66e312101f47_s1', 5, 6, 3, 1);
INSERT INTO delivery_tasks (id, title, type, status, increment_id, source) VALUES ('148145c7-03dd-4b91-9c64-995d9f832cb6', '[TVSMART-2278]', 'feature', 'todo', '043b1907-c781-4c82-a022-66e312101f47_s1', 'jira');
INSERT INTO delivery_positions (task_id, increment_id, start_col, end_col, row, row_span) VALUES ('148145c7-03dd-4b91-9c64-995d9f832cb6', '043b1907-c781-4c82-a022-66e312101f47_s1', 5, 6, 3, 1);
INSERT INTO delivery_tasks (id, title, type, status, increment_id, source) VALUES ('239f5fa5-9fb5-4e64-a521-b70eecea7063', '[TVSMART-2149]', 'feature', 'todo', '043b1907-c781-4c82-a022-66e312101f47_s1', 'jira');
INSERT INTO delivery_positions (task_id, increment_id, start_col, end_col, row, row_span) VALUES ('239f5fa5-9fb5-4e64-a521-b70eecea7063', '043b1907-c781-4c82-a022-66e312101f47_s1', 1, 2, 3, 1);
INSERT INTO delivery_tasks (id, title, type, status, increment_id, source) VALUES ('19f7854b-fe8c-4551-b322-3fa2adf6ec1f', '[TVSMART-2181]', 'feature', 'todo', '043b1907-c781-4c82-a022-66e312101f47_s1', 'jira');
INSERT INTO delivery_positions (task_id, increment_id, start_col, end_col, row, row_span) VALUES ('19f7854b-fe8c-4551-b322-3fa2adf6ec1f', '043b1907-c781-4c82-a022-66e312101f47_s1', 0, 1, 3, 1);
INSERT INTO delivery_tasks (id, title, type, status, increment_id, source) VALUES ('5dc36016-26c4-43d9-a6d5-113a9e09bde1', '[TVSMART-2289]', 'feature', 'todo', '043b1907-c781-4c82-a022-66e312101f47_s1', 'jira');
INSERT INTO delivery_positions (task_id, increment_id, start_col, end_col, row, row_span) VALUES ('5dc36016-26c4-43d9-a6d5-113a9e09bde1', '043b1907-c781-4c82-a022-66e312101f47_s1', 5, 6, 3, 1);
INSERT INTO delivery_tasks (id, title, type, status, increment_id, source) VALUES ('0120e6ab-b09e-45f5-bd52-23f7ada0bfc9', '[TVSMART-2190]', 'feature', 'todo', '043b1907-c781-4c82-a022-66e312101f47_s1', 'jira');
INSERT INTO delivery_positions (task_id, increment_id, start_col, end_col, row, row_span) VALUES ('0120e6ab-b09e-45f5-bd52-23f7ada0bfc9', '043b1907-c781-4c82-a022-66e312101f47_s1', 0, 1, 3, 1);
INSERT INTO delivery_tasks (id, title, type, status, increment_id, source) VALUES ('d14701cf-3ad0-45b6-b551-ecb9156a13b1', '[TVSMART-1929]', 'feature', 'todo', '043b1907-c781-4c82-a022-66e312101f47_s1', 'jira');
INSERT INTO delivery_positions (task_id, increment_id, start_col, end_col, row, row_span) VALUES ('d14701cf-3ad0-45b6-b551-ecb9156a13b1', '043b1907-c781-4c82-a022-66e312101f47_s1', 0, 1, 4, 1);
INSERT INTO delivery_tasks (id, title, type, status, increment_id, source) VALUES ('7ed3ced4-b8b9-424b-8be7-20df3c6fa6e9', '[TVSMART-2074]', 'feature', 'todo', '043b1907-c781-4c82-a022-66e312101f47_s1', 'jira');
INSERT INTO delivery_positions (task_id, increment_id, start_col, end_col, row, row_span) VALUES ('7ed3ced4-b8b9-424b-8be7-20df3c6fa6e9', '043b1907-c781-4c82-a022-66e312101f47_s1', 0, 1, 4, 1);
INSERT INTO delivery_tasks (id, title, type, status, increment_id, source) VALUES ('6930ce5e-28ab-4fba-bd96-fdddae0c676c', '[TVSMART-2288]', 'feature', 'todo', '043b1907-c781-4c82-a022-66e312101f47_s1', 'jira');
INSERT INTO delivery_positions (task_id, increment_id, start_col, end_col, row, row_span) VALUES ('6930ce5e-28ab-4fba-bd96-fdddae0c676c', '043b1907-c781-4c82-a022-66e312101f47_s1', 5, 6, 4, 1);
INSERT INTO delivery_tasks (id, title, type, status, increment_id, source) VALUES ('10cf3f20-8db0-45ea-8254-4623a8598dfb', '[TVSMART-2270]', 'feature', 'todo', '043b1907-c781-4c82-a022-66e312101f47_s1', 'jira');
INSERT INTO delivery_positions (task_id, increment_id, start_col, end_col, row, row_span) VALUES ('10cf3f20-8db0-45ea-8254-4623a8598dfb', '043b1907-c781-4c82-a022-66e312101f47_s1', 4, 6, 4, 1);
INSERT INTO delivery_tasks (id, title, type, status, increment_id, source) VALUES ('bd4c98fc-7c64-493c-9cc0-ee9dd472bc05', '[TVSMART-2277]', 'feature', 'todo', '043b1907-c781-4c82-a022-66e312101f47_s1', 'jira');
INSERT INTO delivery_positions (task_id, increment_id, start_col, end_col, row, row_span) VALUES ('bd4c98fc-7c64-493c-9cc0-ee9dd472bc05', '043b1907-c781-4c82-a022-66e312101f47_s1', 4, 5, 4, 1);
INSERT INTO delivery_tasks (id, title, type, status, increment_id, source) VALUES ('af7a3e1e-ab24-42ab-96f1-ea1d346bf3f1', '[TVSMART-2245]', 'feature', 'todo', '043b1907-c781-4c82-a022-66e312101f47_s1', 'jira');
INSERT INTO delivery_positions (task_id, increment_id, start_col, end_col, row, row_span) VALUES ('af7a3e1e-ab24-42ab-96f1-ea1d346bf3f1', '043b1907-c781-4c82-a022-66e312101f47_s1', 1, 2, 4, 1);
INSERT INTO delivery_tasks (id, title, type, status, increment_id, source) VALUES ('631a6ad5-6858-4bc0-92e2-d1a85d38293d', '[TVSMART-2283]', 'feature', 'todo', '043b1907-c781-4c82-a022-66e312101f47_s1', 'jira');
INSERT INTO delivery_positions (task_id, increment_id, start_col, end_col, row, row_span) VALUES ('631a6ad5-6858-4bc0-92e2-d1a85d38293d', '043b1907-c781-4c82-a022-66e312101f47_s1', 4, 5, 5, 1);
INSERT INTO delivery_tasks (id, title, type, status, increment_id, source) VALUES ('a876b0a7-efad-4bec-8301-911fa6c0ef5d', '[TVSMART-2272]', 'feature', 'todo', '043b1907-c781-4c82-a022-66e312101f47_s1', 'jira');
INSERT INTO delivery_positions (task_id, increment_id, start_col, end_col, row, row_span) VALUES ('a876b0a7-efad-4bec-8301-911fa6c0ef5d', '043b1907-c781-4c82-a022-66e312101f47_s1', 4, 6, 5, 1);
INSERT INTO delivery_tasks (id, title, type, status, increment_id, source) VALUES ('20122dd7-e62c-47e1-8aa6-c4aae2268c30', '[TVSMART-2217]', 'feature', 'todo', '043b1907-c781-4c82-a022-66e312101f47_s1', 'jira');
INSERT INTO delivery_positions (task_id, increment_id, start_col, end_col, row, row_span) VALUES ('20122dd7-e62c-47e1-8aa6-c4aae2268c30', '043b1907-c781-4c82-a022-66e312101f47_s1', 0, 1, 5, 1);
INSERT INTO delivery_tasks (id, title, type, status, increment_id, source) VALUES ('af424a34-30b6-4748-aa4f-30ed6af93186', '[TVSMART-2213]', 'feature', 'todo', '043b1907-c781-4c82-a022-66e312101f47_s1', 'jira');
INSERT INTO delivery_positions (task_id, increment_id, start_col, end_col, row, row_span) VALUES ('af424a34-30b6-4748-aa4f-30ed6af93186', '043b1907-c781-4c82-a022-66e312101f47_s1', 0, 1, 5, 1);
INSERT INTO delivery_tasks (id, title, type, status, increment_id, source) VALUES ('4a60ad71-919d-463f-b097-b4e1691e6e6b', '[TVSMART-2287]', 'feature', 'todo', '043b1907-c781-4c82-a022-66e312101f47_s1', 'jira');
INSERT INTO delivery_positions (task_id, increment_id, start_col, end_col, row, row_span) VALUES ('4a60ad71-919d-463f-b097-b4e1691e6e6b', '043b1907-c781-4c82-a022-66e312101f47_s1', 5, 6, 5, 1);
INSERT INTO delivery_tasks (id, title, type, status, increment_id, source) VALUES ('341c1db5-5296-4c98-b95b-2a0c073ef457', '[TVSMART-1972]', 'feature', 'todo', '043b1907-c781-4c82-a022-66e312101f47_s1', 'jira');
INSERT INTO delivery_positions (task_id, increment_id, start_col, end_col, row, row_span) VALUES ('341c1db5-5296-4c98-b95b-2a0c073ef457', '043b1907-c781-4c82-a022-66e312101f47_s1', 0, 1, 6, 1);
INSERT INTO delivery_tasks (id, title, type, status, increment_id, source) VALUES ('6379fcc4-51b7-436a-b358-6c8aef72df59', '[TVSMART-2084]', 'feature', 'todo', '043b1907-c781-4c82-a022-66e312101f47_s1', 'jira');
INSERT INTO delivery_positions (task_id, increment_id, start_col, end_col, row, row_span) VALUES ('6379fcc4-51b7-436a-b358-6c8aef72df59', '043b1907-c781-4c82-a022-66e312101f47_s1', 0, 1, 6, 1);
INSERT INTO delivery_tasks (id, title, type, status, increment_id, source) VALUES ('e88bd76c-cc26-4227-a388-44fa53411482', '[TVSMART-2268]', 'feature', 'todo', '043b1907-c781-4c82-a022-66e312101f47_s1', 'jira');
INSERT INTO delivery_positions (task_id, increment_id, start_col, end_col, row, row_span) VALUES ('e88bd76c-cc26-4227-a388-44fa53411482', '043b1907-c781-4c82-a022-66e312101f47_s1', 4, 6, 6, 1);
INSERT INTO delivery_tasks (id, title, type, status, increment_id, source) VALUES ('fcc73ab8-ee76-4e7b-a6d1-6be98d665b69', '[TVSMART-2226]', 'feature', 'todo', '043b1907-c781-4c82-a022-66e312101f47_s1', 'jira');
INSERT INTO delivery_positions (task_id, increment_id, start_col, end_col, row, row_span) VALUES ('fcc73ab8-ee76-4e7b-a6d1-6be98d665b69', '043b1907-c781-4c82-a022-66e312101f47_s1', 0, 1, 6, 1);